# VGN-Haltestellen (ZHV/DELFI, gefiltert auf VGN-Bounding-Box)
# Offizielle Quelle zum Aktualisieren: https://www.vgn.de/opendata/GTFS.zip
# Lizenz: CC BY 3.0 DE — VGN – Verkehrsverbund Großraum Nürnberg GmbH
id	name
de:09362:13021	A. d. Irler Höhe
de:08136:1093	Aalen Albstift
de:08136:1909	Aalen Berufl.Schulen/K 3311
de:08136:1908	Aalen Berufliche Schulen
de:08136:1089	Aalen Braunenstraße
de:08136:1012	Aalen Brünnerstraße
de:08136:1199	Aalen BusPunkt
de:08136:1013	Aalen Cafe Roschmann
de:08136:1100	Aalen Campus Burren
de:08136:1017	Aalen Egerlandstraße
de:08136:1018	Aalen Eichenhof
de:08136:1019	Aalen Erlau
de:08136:1022	Aalen Fahrbach-/Heidestraße
de:08136:1021	Aalen Fahrbachstraße
de:08136:1009	Aalen Friedhofstr.
de:08136:1023	Aalen Galgenberg Schulen
de:08136:1095	Aalen Ganzhornweg
de:08136:1025	Aalen Garten-/Hofackerstraße
de:08136:1024	Aalen Gartenstraße/OVA
de:08136:1027	Aalen Gd. Torplatz
de:08136:1026	Aalen Gesundheitsamt
de:08136:1031	Aalen Greut
de:08136:1032	Aalen Hangweg
de:08136:1033	Aalen Hardtstraße
de:08136:1000	Aalen Hauptbahnhof
de:08136:1503	Aalen Heimatsmühle
de:08136:1036	Aalen Heinkelstraße
de:08136:1038	Aalen Hirschbachbad
de:08136:1039	Aalen Hirschbachstraße
de:08136:1040	Aalen Hochbrücke
de:08136:1020	Aalen Hochschule/explorhino
de:08136:1042	Aalen Hopfenstraße
de:08136:1034	Aalen Härtsfeldrestauration
de:08136:1043	Aalen Industriestraße
de:08136:1045	Aalen Jahnstr./Samariterstift
de:08136:1048	Aalen Landratsamt
de:08136:1049	Aalen Langertschule
de:08136:1050	Aalen Langertstraße
de:08136:1057	Aalen Lenzhalde
de:08136:1052	Aalen Mährenstraße
de:08136:1058	Aalen Obere Bahnstraße
de:08136:1060	Aalen Obere Wöhrstraße
de:08136:1061	Aalen Ostalbklinikum
de:08136:1091	Aalen Osterbucher Steige
de:08136:1063	Aalen Polizeipräsidium
de:08136:1064	Aalen Rathaus
de:08136:1065	Aalen Rehbock
de:08136:1066	Aalen Rettungszentrum
de:08136:1008	Aalen Rombacher Str.
de:08136:1067	Aalen Rötenberg Abzw.
de:08136:1070	Aalen Schubart-Gymnasium
de:08136:1072	Aalen Silcherstraße
de:08136:1047	Aalen Sparkassenplatz
de:08136:1076	Aalen St.-Johann-Friedhof
de:08136:1074	Aalen Stadthalle/Limesmuseum
de:08136:1075	Aalen Straubmüller
de:08136:1078	Aalen Tennisplatz
de:08136:1081	Aalen Th.-Heuss-Gymnasium
de:08136:1079	Aalen Thermalbad
de:08136:1080	Aalen THG/AOK
de:08136:1082	Aalen Triumph
de:08136:1077	Aalen Tännich
de:08136:1099	Aalen Ulmer Straße
de:08136:1085	Aalen Waldfriedhof
de:08136:1086	Aalen Walkstraße
de:08136:1087	Aalen Wilhelm-Merz-Straße
de:08136:1088	Aalen Ziegelstraße
de:08136:1001	Aalen ZOB
de:08136:1508	Aalen-Oberalfingen Abzw
de:09472:23684	Ab. Gollenbach (Schöchleinsm.)
de:09471:21145	Ab. Untersteinach/Burgwindh.
de:09576:8292	Abenberg Küchelb.
de:09576:8295	Abenberg Marktplatz
de:09576:8289	Abenberg Meteora
de:09576:8293	Abenberg Nord
de:09576:8297	Abenberg Schule
de:09576:8296	Abenberg Schweinau
de:09576:8294	Abenberg Seniorenzentrum
de:09576:8300	Abenberg Spalter Str.
de:09576:8298	Abenberg Unteres Tor
de:09576:8299	Abenberg Windsbacher Str.
de:09273:2222	Abensberg
de:09273:10403	Abensberg, Berufsbildungswerk
de:09273:2218	Abensberg, E-Werk/Zentrum
de:09273:799	Abensberg, Einkaufszentrum
de:09273:2228	Abensberg, Freizeitzentrum
de:09273:2224	Abensberg, Gillamooswiese
de:09273:847	Abensberg, Grundschule
de:09273:379	Abensberg, Kreis/Abzw Winzerstr.
de:09273:2032	Abensberg, Kuchlbauerturm
de:09273:2226	Abensberg, Münchner/Abzw Aum.str.
de:09273:267	Abensberg, Pöglstr.
de:09273:2223	Abensberg, Realschule
de:09273:778	Abensberg, Regensburger Str./Zentrum
de:09273:822	Abensberg, Rgbg/Abzw Goethestr.
de:09273:2239	Abensberg, Stadtplatz
de:09273:2213	Abensberg, Straubinger/Abzw Frühlingstr.
de:09273:823	Abensberg, Traub.str/Ab.Winzerstr
de:09273:848	Abensberg, Trauben/Abzw Straßfeld
de:09273:1998	Abensberg, Vogelpark
de:09678:7445	Abersfeld Bürgstraße
de:09678:25879	Abersfeld Hauptstraße
de:09678:3352	Abersfeld Kirche
de:09678:27751	Abersfeld Siedlung
de:09576:8561	Aberzhausen
de:09576:8560	Aberzhausen Dorfplatz
de:09176:8340	Ablaßmühle
de:09577:16307	Absberg Badehalbinsel
de:09577:16306	Absberg Bürgergarten
de:09577:16305	Absberg Geiselsberger Str.
de:09577:16301	Absberg Marktplatz
de:09577:16303	Absberg Seespitze
de:09575:14657	Abtsgreuth
de:09675:75260	Abtswind Oberes Tor
de:09675:29380	Abtswind, Marktplatz
de:09571:13527	Abz. Reichenbach (Wassertrüd)
de:09573:5228	Abz. Schwaighausen (b.Großh.)
de:09565:4585	Abz. Schwarzach b. Schwabach
de:09477:3853	Abzw Aichen
de:09476:16071	Abzw Beikheim
de:09477:3877	Abzw Berndorf
de:09477:3743	Abzw Birken
de:09471:21321	Abzw Brunn (b Heiligenst)
de:09477:17568	Abzw Burghaig
de:09473:15302	Abzw Eckersdorf
de:09479:81800	Abzw Egerquelle
de:09477:3527	Abzw Eichmühle
de:09476:16198	Abzw Emmersheim
de:09674:15236	Abzw Fierst
de:09477:3862	Abzw Forstlahm
de:09674:15235	Abzw Gereuth
de:09674:17040	Abzw Gleusdorf
de:09477:8773	Abzw Hammerhaus,Alladorf
de:09473:15298	Abzw Hattersdorf
de:09477:3679	Abzw Hermes
de:09477:4137	Abzw Heubsch
de:09477:3532	Abzw Himmelkron B 303
de:09477:3857	Abzw Hornungsreuth
de:09477:3716	Abzw Höfles (b. Stadtsteinach)
de:09477:3872	Abzw Hörlinreuth
de:09674:15831	Abzw Junkersdorf
de:09477:6432	Abzw Kleetzhöfe
de:09477:3780	Abzw Kosermühle
de:09674:15446	Abzw Kraisdorf
de:09473:15301	Abzw Krumbach
de:09477:6433	Abzw Kröglitzen
de:09374:80720	Abzw Kütschenrain
de:09477:3873	Abzw Limmersdorf (Friesen)
de:09476:16115	Abzw Löhlein
de:09477:3854	Abzw Muckenreuth
de:09477:6745	Abzw Neudorf
de:09477:3687	Abzw Neuensorg (b. Marktleugast)
de:09373:17676	Abzw Neuhaid (b. Lupburg)
de:09477:15551	Abzw Neuseidenhof
de:09473:15081	Abzw Neuses am Brand
de:09674:16282	Abzw Nützelbach
de:09475:80809	Abzw Pulschnitzberg
de:09373:17645	Abzw Ramertshofen
de:09477:6504	Abzw Schindelwald
de:09477:1710	Abzw Schwand
de:09477:16187	Abzw Schwarzholz
de:09477:3859	Abzw Schwingen
de:09477:3744	Abzw Schöndorf
de:09477:3876	Abzw Tannfeld
de:09476:16064	Abzw Theisenort
de:09473:15080	Abzw Trübenbach
de:09674:27602	Abzw Weisbrunn
de:09571:13242	Abzw. Adelmannssitz
de:09571:13115	Abzw. Aich (b. Neuendettelsau)
de:09371:18232	Abzw. Aicha (b. Birgland)
de:09574:7406	Abzw. Aicha (b. Happurg)
de:09371:18768	Abzw. Aichazandt
de:09375:3	Abzw. Aichkirchen
de:09373:17336	Abzw. Allershofen
de:09474:9558	Abzw. Almos
de:09371:18521	Abzw. Altenricht
de:09571:13402	Abzw. Altersberg
de:09472:23953	Abzw. Althaidhof
de:09373:17890	Abzw. Ammelhofen
de:09576:8363	Abzw. Appelhof
de:09375:85	Abzw. Arnest
de:09576:8490	Abzw. Attenhofen
de:09361:19907	Abzw. Atzlricht
de:09574:7908	Abzw. Au (b. Simmelsdorf)
de:09576:8873	Abzw. Aue (b. Thalmässing)
de:09373:17516	Abzw. Aßlschwang
de:09375:75	Abzw. Baiern
de:09373:17611	Abzw. Ballertshofen
de:09571:12884	Abzw. Bauzenweiler
de:09571:12193	Abzw. Berbersbach
de:09571:13169	Abzw. Berglein
de:09375:6	Abzw. Bergmatting
de:09373:17887	Abzw. Bernthal
de:09571:12275	Abzw. Binzwangen
de:09575:14635	Abzw. Birkach (b. Markt Taschendorf)
de:09571:11751	Abzw. Birkach (b. Windelsbach)
de:09571:12538	Abzw. Birkenfels
de:09373:17861	Abzw. Birkenlach
de:09576:8492	Abzw. Birkhof (b. Greding)
de:09472:23182	Abzw. Bischofsgrün
de:09371:19253	Abzw. Bittenbrunn
de:09576:8493	Abzw. Bleimerschloß
de:09575:14281	Abzw. Bottenbach
de:09571:13842	Abzw. Bottenweiler
de:09571:11922	Abzw. Botzenweiler
de:09572:6188	Abzw. Brand (Eckental)
de:09373:17698	Abzw. Braunmühle
de:09678:27095	Abzw. Brebersdorf
de:09371:18891	Abzw. Breitenstein
de:09561:11267	Abzw. Brodswinden
de:09375:1018	Abzw. Brunoder
de:09472:23077	Abzw. Brünnberg
de:09577:16257	Abzw. Bubenheim
de:09575:14571	Abzw. Buchen
de:09371:18527	Abzw. Buchenöd
de:09471:20765	Abzw. Burgellern
de:09474:9138	Abzw. Burggaillenreuth
de:09371:18611	Abzw. Burgstall (b. Hirschau)
de:09571:11675	Abzw. Burgstall (b. Rothenb.)
de:09371:18237	Abzw. Burkartshof
de:09571:12715	Abzw. Buschhof
de:09373:17614	Abzw. Buschhof (b. Lauterh.)
de:09373:17666	Abzw. Bux
de:09375:192	Abzw. Buxlohe
de:09474:9345	Abzw. Bösenbirkig
de:09577:15607	Abzw. Büchelberg (b.Gunzenh.)
de:09371:80823	Abzw. Bürgerwald
de:09577:16157	Abzw. Cronheim
de:09561:11287	Abzw. Dautenwinden
de:09373:17668	Abzw. Degerndorf
de:09371:19379	Abzw. Deinsdorf
de:09371:18827	Abzw. Deinshof
de:09571:13507	Abzw. Dennenlohe (Unterschwan)
de:09575:14226	Abzw. Dettendorf
de:09373:17669	Abzw. Dettenhofen (b. Lupburg)
de:09371:18238	Abzw. Dickatshof
de:09375:8	Abzw. Diesenbach
de:09373:17951	Abzw. Diesenhof
de:09571:12363	Abzw. Dietenholz
de:09371:18762	Abzw. Dietersberg/Illschwang
de:09373:17816	Abzw. Dietlhof
de:09474:9706	Abzw. Dietzhof
de:09373:17618	Abzw. Dippersricht
de:09371:18278	Abzw. Dollmannsberg
de:09561:11295	Abzw. Dombach im Loch
de:09561:11297	Abzw. Dornberg (b. Ansbach)
de:09678:25550	Abzw. Dächheim
de:09472:22726	Abzw. Döhlau (Kr BTLA)
de:09474:9731	Abzw. Dörfles
de:09674:27827	Abzw. Dörflis
de:09576:8155	Abzw. Dürrenhembach
de:09576:8308	Abzw. Dürrenmungenau
de:09471:21192	Abzw. Eberau
de:09371:18336	Abzw. Eberhardsbühl
de:09371:19325	Abzw. Ebersbach (b. Vilseck)
de:09474:9183	Abzw. Ebersbach (b.Neunk.a.B.)
de:09575:14288	Abzw. Eckenberg
de:09471:21671	Abzw. Eckersbach
de:09576:8900	Abzw. Eckmannshofen
de:09573:5076	Abzw. Egersdorf
de:09575:14033	Abzw. Eggensee
de:09577:16523	Abzw. Eggenthal (b.Heidenheim)
de:09373:17226	Abzw. Eglasmühle
de:09371:19255	Abzw. Eglhofen
de:09561:11303	Abzw. Egloffswinden
de:09371:19256	Abzw. Ehringsfeld
de:09373:17929	Abzw. Eichenhofen
de:09373:17733	Abzw. Eichensee
de:09472:23146	Abzw. Eichenstruth
de:09373:17619	Abzw. Eidelberg
de:09472:23954	Abzw. Eimersmühle
de:09375:10	Abzw. Einthal
de:09373:17891	Abzw. Eispertshofen
de:09472:22842	Abzw. Elbersberg
de:09371:18529	Abzw. Ellersdorf (b.Freudenb.)
de:09561:11306	Abzw. Elpersdorf (b. Ansbach)
de:09574:7443	Abzw. Engenthal (b. Hartenst.)
de:09574:7811	Abzw. Enzenreuth
de:09474:9185	Abzw. Ermreuth
de:09573:5291	Abzw. Erzleitenmühle
de:09472:23015	Abzw. Escherlich
de:09371:18533	Abzw. Etsdorf
de:09571:12036	Abzw. Eybburg
de:09576:8878	Abzw. Eysölden
de:09472:23524	Abzw. Fernreuth
de:09472:23283	Abzw. Fichtelberg
de:09577:16163	Abzw. Filchenhard
de:09375:213	Abzw. Flinksberg
de:09371:18104	Abzw. Forsthof(b.Sulzb-Rosenb)
de:09472:23530	Abzw. Freienfels
de:09371:18831	Abzw. Freischweibach
de:09471:21611	Abzw. Freudeneck
de:09373:17123	Abzw. Friedlmühle
de:09471:20730	Abzw. Friesen
de:09571:12817	Abzw. Fritzmühle
de:09373:17548	Abzw. Fuchsmühle (b.Freystadt)
de:09571:13658	Abzw. Gailnau
de:09678:28052	Abzw. Garstadt
de:09373:17933	Abzw. Gastelshof
de:09371:18339	Abzw. Gaßenhof
de:09571:13597	Abzw. Gebersdorf/Weihenzell
de:09371:18781	Abzw. Gehrsricht
de:09462:22339	Abzw. Geigenreuth
de:09472:23679	Abzw. Geislareuth
de:09577:16482	Abzw. Geislohe b. Haundorf
de:09571:12039	Abzw. Georgenhaag
de:09371:18431	Abzw. Gerhardsberg
de:09674:15107	Abzw. Geroldswind/B 279
de:09472:23024	Abzw. Gesees/Blumenau
de:09371:18841	Abzw. Giggelsberg
de:09571:11759	Abzw. Glashofen
de:09571:12046	Abzw. Goldbühl
de:09573:5083	Abzw. Gonnersdorf (b.Cadolzb.)
de:09472:23463	Abzw. Gosen
de:09373:17671	Abzw. Gottesberg (b.Lupburg)
de:09373:17576	Abzw. Granswang
de:09576:8371	Abzw. Grashof ROTHSEE
de:09575:14311	Abzw. Grieshof
de:09474:9189	Abzw. Großenbuch
de:09576:8516	Abzw. Großhöbing
de:09574:7448	Abzw. Großmeinfeld
de:09373:17236	Abzw. Grubmühle
de:09474:9411	Abzw. Gräfenbergerhüll
de:09373:17456	Abzw. Grögling
de:09574:7442	Abzw. Grünreuth
de:09571:13273	Abzw. Gugelmühle
de:09373:17125	Abzw. Guglhof
de:09371:19328	Abzw. Gumpenhof
de:09574:7649	Abzw. Guntersrieth
de:09571:12618	Abzw. Gunzendorf (b. Geslau)
de:09373:17579	Abzw. Gunzenhof
de:09571:12081	Abzw. Gutenmühle
de:09474:9563	Abzw. Görbitz
de:09571:12919	Abzw. Görchsheim
de:09474:9564	Abzw. Göring
de:09576:8519	Abzw. Günzenhofen
de:09571:13119	Abzw. Haag (b. Neuendettelsau)
de:09373:17735	Abzw. Hackenhofen
de:09373:17418	Abzw. Hacklsberg (Deining)
de:09474:9821	Abzw. Hagenbach
de:09576:8875	Abzw. Hagenich
de:09472:23956	Abzw. Hagenohe (b. Creußen)
de:09371:19030	Abzw. Haghof
de:09375:551	Abzw. Haid
de:09373:17739	Abzw. Haid (b. Parsberg)
de:09472:22657	Abzw. Haidmühle
de:09574:7725	Abzw. Haimendorf
de:09371:18836	Abzw. Hainhof (b. Kastl)
de:09571:12459	Abzw. Halsbach Kreisverkehr
de:09371:18896	Abzw. Hannesreuth
de:09373:17958	Abzw. Harenzhofen
de:09571:13845	Abzw. Harlang
de:09576:8764	Abzw. Harm
de:09576:8375	Abzw. Harrhof (b. Allersberg)
de:09373:17630	Abzw. Hartenhof
de:09575:14159	Abzw. Harthof (b. Burghaslach)
de:09472:22848	Abzw. Haselbrunn
de:09371:18239	Abzw. Haslach (b. Birgland)
de:09373:17961	Abzw. Haumühle
de:09571:12371	Abzw. Haunoldshofen
de:09371:18432	Abzw. Hauseck
de:09576:8522	Abzw. Hausen (b. Greding)
de:09373:17581	Abzw. Hausraitenbuch
de:09576:8386	Abzw. Heblesricht
de:09472:23121	Abzw. Heckenhof
de:09574:7803	Abzw. Hedersdorf
de:09571:13016	Abzw. Heglau
de:09371:19277	Abzw. Heinzhof
de:09571:11944	Abzw. Hellenbach
de:09571:13756	Abzw. Hergersbach
de:09371:18786	Abzw. Hermannsberg/Illschwang
de:09471:21333	Abzw. Heroldsmühle/Heiligens.
de:09571:12373	Abzw. Herpersdorf (b.Dietenh.)
de:09572:6006	Abzw. Herzo Base
de:09474:9738	Abzw. Herzogwind
de:09574:6998	Abzw. Heuchling (b. Lauf)
de:09577:16269	Abzw. Heunischhof
de:09571:12463	Abzw. Hirschbach (b. Dürrw.)
de:09371:18391	Abzw. Hofstetten (b. Ensdorf)
de:09576:8081	Abzw. Hofstetten (b.Roth)
de:09571:12903	Abzw. Hohenmühle (b.Leutersh.)
de:09474:9419	Abzw. Hohenschwärz
de:09574:7481	Abzw. Hohenstein
de:09375:17	Abzw. Hohenwarth
de:09371:19215	Abzw. Holzhammer
de:09373:17584	Abzw. Holzheim (b. Hohenfels)
de:09373:17131	Abzw. Holzheim (b. Neumarkt)
de:09576:8225	Abzw. Holzi
de:09474:9547	Abzw. Honings
de:09571:13743	Abzw. Hornau
de:09571:12823	Abzw. Häslabronn
de:09576:8215	Abzw. Häusern
de:09474:9416	Abzw. Höfles bei Gräfenberg
de:09571:12720	Abzw. Höfstetten (b.Herrieden)
de:09571:13682	Abzw. Höfstetten (b.Wieseth)
de:09373:17377	Abzw. Höhenberg/Breitenbrunn
de:09373:17672	Abzw. Höhendorf
de:09371:18620	Abzw. Hölzlmühle
de:09373:17771	Abzw. Hörmannsdorf
de:09474:9356	Abzw. Hühnerloh
de:09373:17142	Abzw. Iberlsmühle
de:09571:13818	Abzw. Illenschwang
de:09371:18547	Abzw. Immenstetten
de:09571:13567	Abzw. Irrebach
de:09373:17160	Abzw. Ischhofen
de:09674:15329	Abzw. Junkersdorf/Rabelsdorf
de:09472:23529	Abzw. Kainach
de:09371:18588	Abzw. Kainsricht
de:09371:18342	Abzw. Kalchsreuth
de:09361:19931	Abzw. Karmensölden
de:09375:21	Abzw. Kaulhausen
de:09576:8835	Abzw. Keilberg
de:09571:12531	Abzw. Kellern
de:09471:21367	Abzw. Kemmern
de:09371:19275	Abzw. Kemnatheröd
de:09373:17511	Abzw. Kiesenhof
de:09472:22856	Abzw. Kirchenbirkig
de:09475:80461	Abzw. Kirschbaum,Stammbach
de:09574:7483	Abzw. Kleedorf
de:09371:18109	Abzw. Kleinfalz
de:09576:8885	Abzw. Kleinhöbing
de:09574:7449	Abzw. Kleinmeinfeld
de:09375:22	Abzw. Klingen
de:09375:23	Abzw. Kochenthal
de:09474:9813	Abzw. Kolmreuth
de:09571:11779	Abzw. Koppenschallbach
de:09571:12906	Abzw. Kressenhof
de:09575:14763	Abzw. Krettenbach
de:09571:11784	Abzw. Krobshausen
de:09371:18623	Abzw. Krondorf (b. Hirschau)
de:09576:8071	Abzw. Kronmühle
de:09371:18100	Abzw. Kropfersricht/Happy Rock
de:09574:7558	Abzw. Krottensee
de:09373:17706	Abzw. Kruppach (b. Mühlh.)
de:09375:24	Abzw. Kumpfhof
de:09561:11369	Abzw. Käferbach
de:09575:14371	Abzw. Kästel
de:09373:17703	Abzw. Körnersdorf
de:09371:18784	Abzw. Kühnhof
de:09373:17895	Abzw. Laaber (b. Pilsach)
de:09576:8384	Abzw. Lampersdorf
de:09373:17366	Abzw. Langenried
de:09373:17298	Abzw. Langenthal
de:09571:12708	Abzw. Lattenbuch
de:09373:17587	Abzw. Lauf (b. Hohenfels)
de:09373:17558	Abzw. Lauterbach (b. Freyst.)
de:09373:17608	Abzw. Lauterhofen
de:09571:12724	Abzw. Leibelbach
de:09474:9366	Abzw. Leimersberg
de:09571:13765	Abzw. Leipersloh
de:09361:19942	Abzw. Lengenloh
de:09575:14646	Abzw. Lerchenhöchstadt
de:09571:11788	Abzw. Lichtenau (b.Feuchtwang)
de:09375:27	Abzw. Lindach
de:09571:13296	Abzw. Lindach (b. Rügland)
de:09575:14373	Abzw. Linden (b.Gerhardshofen)
de:09577:16492	Abzw. Lindenbühl
de:09375:28	Abzw. Loch
de:09472:23234	Abzw. Lochau (b. Eckersdorf)
de:09373:17295	Abzw. Loderbach
de:09376:1093	Abzw. Loisnitz
de:09571:13683	Abzw. Lölldorf
de:09472:22666	Abzw. Lüglas
de:09474:9825	Abzw. Lützelsdorf
de:09273:81060	Abzw. Maierhofen
de:09373:17468	Abzw. Mallerstetten
de:09375:1023	Abzw. Mannsdorf
de:09577:16535	Abzw. Mariabrunn
de:09373:17467	Abzw. Martlhof
de:09373:17967	Abzw. Matzenhof (b. Velburg)
de:09472:23235	Abzw. Melkendorf/Eckersd. B22
de:09472:23169	Abzw. Mergners
de:09473:5956	Abzw. Merkendorf (Lkr. CO)
de:09373:17636	Abzw. Mettenhofen
de:09571:12288	Abzw. Meuchlein
de:09371:19441	Abzw. Mimbach
de:09561:11401	Abzw. Mittelbach
de:09571:12911	Abzw. Mittelramstadt
de:09373:17346	Abzw. Mittelricht
de:09474:9150	Abzw. Moggast
de:09472:23582	Abzw. Moritzreuth
de:09474:9373	Abzw. Moschendorf
de:09574:7415	Abzw. Mosenhof
de:09576:8473	Abzw. Mäbenberg
de:09576:8236	Abzw. Mörlach (b.Hilpoltst.)
de:09373:17525	Abzw. Mörsdorf
de:09472:23156	Abzw. Münchs
de:09472:22672	Abzw. Nemschenreuth
de:09472:23298	Abzw. Neugrün/Hüttstadl
de:09471:21573	Abzw. Neuhausen (b. Priesend.)
de:09373:17343	Abzw. Neuricht (b. Berngau)
de:09472:23584	Abzw. Neß
de:09375:29	Abzw. Niedergebraching
de:09576:8681	Abzw. Niedermauck
de:09371:18256	Abzw. Nonnhof (b. Birgland)
de:09577:16174	Abzw. Nordstetten
de:09571:13525	Abzw. Oberaumühle
de:09576:8687	Abzw. Oberbreitenlohe
de:09576:8479	Abzw. Oberheckenhofen
de:09571:12292	Abzw. Oberhegenau
de:09577:16284	Abzw. Oberheumödern
de:09571:12824	Abzw. Oberheßbach
de:09571:12795	Abzw. Oberkemmathen
de:09571:13822	Abzw. Obermichelb. (Wittelsh.)
de:09373:17537	Abzw. Oberndorf (b. Freystadt)
de:09371:19047	Abzw. Oberreinbach
de:09575:14246	Abzw. Oberroßbach (Dietersh.)
de:09571:13504	Abzw. Oberschwaningen
de:09678:29267	Abzw. Oberschwarzach
de:09472:23237	Abzw. Oberwaiz
de:09577:16624	Abzw. Oberweiler (b. Meinheim)
de:09577:16177	Abzw. Oberwurmbach
de:09373:17787	Abzw. Oedenthurn
de:09472:23159	Abzw. Ottenberg
de:09674:27381	Abzw. Ottendorf
de:09373:17476	Abzw. Ottmaring
de:09373:17977	Abzw. Pathal
de:09474:9447	Abzw. Pautzfeld
de:09375:31	Abzw. Pentling
de:09474:6219	Abzw. Pettensiedel
de:09373:17901	Abzw. Pfeffertshofen
de:09574:7883	Abzw. Pfeifferhütte
de:09678:27384	Abzw. Pfersdorf/B 19
de:09576:8325	Abzw. Pflugsmühle
de:09373:17592	Abzw. Pillmannsricht
de:09472:23704	Abzw. Plösen
de:09574:7329	Abzw. Pollanden
de:09474:9621	Abzw. Pommer
de:09471:21613	Abzw. Poppendorf (b.Rattelsd.)
de:09576:8611	Abzw. Poppenreuth (b.Kammerst)
de:09472:22839	Abzw. Pottenstein
de:09371:18115	Abzw. Prangershof
de:09371:18663	Abzw. Pruppach (b. Hirschbach)
de:09373:17865	Abzw. Pruppach (b. Pyrb.)
de:09576:8107	Abzw. Pruppach (b.Roth)
de:09478:27473	Abzw. Prügel
de:09474:9375	Abzw. Prügeldorf
de:09472:22870	Abzw. Rackersberg
de:09373:17983	Abzw. Rammersberg (b. Velburg)
de:09373:17388	Abzw. Rasch (b.Breitenbr./NM)
de:09371:18168	Abzw. Rauhenstein
de:09576:8379	Abzw. Reckenricht
de:09375:1067	Abzw. Regendorf
de:09474:9667	Abzw. Regensberg
de:09375:34	Abzw. Reichenstetten
de:09371:18789	Abzw. Reichertsfeld
de:09373:17819	Abzw. Reichertshofen
de:09474:9857	Abzw. Reifenberg
de:09571:13121	Abzw. Reuth (b.Neuendettelsau)
de:09373:17309	Abzw. Richtheim (b. Berg/NM)
de:09375:303	Abzw. Rieb
de:09373:17311	Abzw. Riebling
de:09373:17937	Abzw. Riedhof (b. Seubersdorf)
de:09375:41	Abzw. Riegling/Kleinprüf.
de:09472:23731	Abzw. Ringau
de:09373:17156	Abzw. Rittershof
de:09371:18791	Abzw. Ritzenfeld
de:09375:404	Abzw. Ritzhof
de:09376:607	Abzw. Roding
de:09373:17987	Abzw. Ronsolden
de:09474:9156	Abzw. Rothenbühl
de:09474:9321	Abzw. Rothenhof (b.Egloffst.)
de:09571:13851	Abzw. Rothof
de:09371:18264	Abzw. Rothsricht
de:09672:27427	Abzw. Rottershausen Waldsdlg.
de:09373:17257	Abzw. Roßthal
de:09571:13644	Abzw. Ruffenhofen
de:09373:17646	Abzw. Ruppertslohe
de:09571:13327	Abzw. Rutzendorf
de:09572:6544	Abzw. Röhrach
de:09571:13718	Abzw. Rühlingstetten
de:09371:18182	Abzw. Sackdilling
de:09371:18179	Abzw. Sand
de:09375:36	Abzw. Sandheim
de:09373:17991	Abzw. Sankt Wolfgang b.Velburg
de:09474:9383	Abzw. Sattelmannsburg
de:09371:18312	Abzw. Schafhof (Ebermannsdorf)
de:09373:17998	Abzw. Schallermühle (Velburg)
de:09472:23239	Abzw. Schanz (b. Eckersdorf)
de:09576:8621	Abzw. Schattenhof
de:09575:14037	Abzw. Schellert
de:09375:611	Abzw. Schirndorf
de:09572:6683	Abzw. Schirnsdorf
de:09474:9887	Abzw. Schlaifhausen
de:09474:9429	Abzw. Schlichenreuth
de:09678:25690	Abzw. Schloß Craheim
de:09471:21242	Abzw. Schlüsselau
de:09571:12835	Abzw. Schmalenbach
de:09571:13277	Abzw. Schmalzmühle
de:09472:23607	Abzw. Schmetterslohe
de:09572:6885	Abzw. Schmiedelberg
de:09373:17904	Abzw. Schneemühle (b. Pilsach)
de:09575:14814	Abzw. Schnodsenbach
de:09472:23737	Abzw. Schressendorf
de:09574:7417	Abzw. Schupf
de:09571:12322	Abzw. Schwaighausen (b.Dentl.)
de:09361:19971	Abzw. Schäflohe
de:09371:19345	Abzw. Schöfelhof
de:09576:8389	Abzw. Schönbrunn (b. Allersbg)
de:09573:5091	Abzw. Seckendorf
de:09373:17688	Abzw. Seibertshofen
de:09571:12673	Abzw. Seitendorf
de:09574:7816	Abzw. Siegersdorf
de:09572:6686	Abzw. Simmersdorf
de:09371:19076	Abzw. Speckshof
de:09471:21616	Abzw. Speiersberg
de:09576:8192	Abzw. Sperberslohe
de:09574:7926	Abzw. St. Helena b.Simmelsdorf
de:09375:405	Abzw. Stadla
de:09472:23345	Abzw. Stein (b. Gefrees)
de:09571:12633	Abzw. Steinach a. Wald
de:09571:11807	Abzw. Steinbach (b.Feuchtwang)
de:09371:18629	Abzw. Steiningloh
de:09572:6164	Abzw. Sterpersdorf
de:09571:12277	Abzw. Stettberg
de:09373:17490	Abzw. Stetterhof
de:09373:17267	Abzw. Stierbaum
de:09576:8847	Abzw. Stockheim (b. Spalt)
de:09371:18365	Abzw. Streitbühl
de:09575:14897	Abzw. Stöckach (Trautskirchen)
de:09471:21323	Abzw. Stücht
de:09371:18269	Abzw. Sunzendorf
de:09674:17463	Abzw. Sylbach
de:09571:13156	Abzw. Södelbronn
de:09371:18425	Abzw. Tabernackel
de:09373:17908	Abzw. Tartsberg
de:09471:20987	Abzw. Tempelsgreuth
de:09678:27546	Abzw. Theilheim
de:09371:19283	Abzw. Thonhausen (Ursensollen)
de:09375:38	Abzw. Thonlohe
de:09474:9433	Abzw. Thuisbrunn
de:09375:39	Abzw. Thumhausen
de:09576:8898	Abzw. Tiefenbach (b.Thalmäss)
de:09675:29417	Abzw. Tiefenstockheim,Obernbreit
de:09571:11973	Abzw. Tiefweg
de:09575:14885	Abzw. Trautskirchen
de:09471:21428	Abzw. Triefenbach
de:09674:75036	Abzw. Truschenhof
de:09371:19290	Abzw. Ullersberg
de:09674:15830	Abzw. Unfinden
de:09474:9393	Abzw. Unterailsfeld
de:09571:12637	Abzw. Unterbreitenau
de:09571:11834	Abzw. Unterdallersbach
de:09571:12273	Abzw. Unterfelden
de:09577:16096	Abzw. Unterhambach
de:09577:16498	Abzw. Unterhöhberg
de:09574:7485	Abzw. Unterkrumbach
de:09575:14068	Abzw. Unterntief
de:09371:18565	Abzw. Unterpennading
de:09371:19363	Abzw. Unterweißenbach
de:09373:17996	Abzw. Unterwiesenacker
de:09373:17317	Abzw. Unterölsbach
de:09371:18636	Abzw. Urspring (b. Hirschau)
de:09471:21345	Abzw. Veilbronn
de:09575:14699	Abzw. Vockenroth
de:09675:29254	Abzw. Vogelsburg
de:09373:17193	Abzw. Voggenthal
de:09571:11831	Abzw. Volkertsweiler
de:09674:16378	Abzw. Vorbach
de:09472:23106	Abzw. Vordergereuth
de:09472:22874	Abzw. Vorderkleebach
de:09371:18368	Abzw. Vögelas
de:09571:12639	Abzw. Wachsenberg
de:09472:23739	Abzw. Wadendorf
de:09373:17914	Abzw. Waldkirchen (Petersberg)
de:09571:13858	Abzw. Walkersdorf
de:09571:13715	Abzw. Walkmühle (b.Wilburgst.)
de:09373:17722	Abzw. Wangen
de:09373:17721	Abzw. Wappersdorf (Mühlhaus.)
de:09561:11446	Abzw. Wasserzell (b. Ansbach)
de:09471:21853	Abzw. Wattendorf-Schneeberg
de:09478:27391	Abzw. Weiden (b. Weismain)
de:09472:22876	Abzw. Weidenhüll
de:09472:22879	Abzw. Weidenloh
de:09472:22877	Abzw. Weidmannsgesees
de:09471:21562	Abzw. Weiher (b.Pommersfelden)
de:09373:17723	Abzw. Weihersdorf
de:09678:27600	Abzw. Weipoltshausen
de:09475:80467	Abzw. Weißenstein,Stammbach
de:09561:11451	Abzw. Wengenstadt
de:09574:7011	Abzw. Wetzendorf (b.Lauf)
de:09574:7921	Abzw. Wildenfels
de:09575:14983	Abzw. Wilhelmsdorf
de:09575:14377	Abzw. Willmersbach
de:09373:17906	Abzw. Wimmersdorf
de:09474:9164	Abzw. Windischgaillenreuth
de:09577:16295	Abzw. Windischhausen
de:09571:12158	Abzw. Winkel
de:09371:19296	Abzw. Winkl bei Ursensollen
de:09371:19086	Abzw. Wirnsricht
de:09371:18796	Abzw. Wirsfeld
de:09571:13377	Abzw. Wittum
de:09371:18798	Abzw. Woffenricht
de:09474:9167	Abzw. Wohlmuthshüll
de:09571:12358	Abzw. Wolfsau (b. Diebach)
de:09373:17349	Abzw. Wolfsricht
de:09577:16097	Abzw. Wülzburg
de:09561:11471	Abzw. Wüstenbruck
de:09571:12849	Abzw. Zailach
de:09371:19288	Abzw. Zant
de:09472:23351	Abzw. Zettlitz (b. Gefrees)
de:09471:21688	Abzw. Ziegelsambach
de:09472:22686	Abzw. Zips
de:09371:18189	Abzw. Zogenreuth
de:09371:18274	Abzw. Ödthal
de:09474:9389	Abzw. Ühleinshof
de:09373:17237	Abzw.Hermannsberg (b.Berching)
de:09472:23796	Abzw.Schönfeld/Schnabelwaid
de:09478:27342	Abzweig Görau (b. Weismain)
de:09475:80475	Abzweig Lösten
de:09475:80476	Abzweig Lösteneinzel,Zell (Kr Hof)
de:09475:80477	Abzweig Rieglersreuth,Zell (Kr Hof)
de:09571:13777	Abzweig Thonhof
de:09571:11826	Abzweig Unterransbach
de:09371:18250	Abzweig Ödhaag
de:09375:924	Abzweigung Mühlschlag
de:09478:27393	Abzweigung Wohnsig
de:09472:23321	Ackermannshof Steinweiher
de:09574:7241	Adelheim
de:09575:14833	Adelhofen
de:09571:13881	Adelmannsdorf (b. W.-Eschenb.)
de:09571:13241	Adelmannssitz
de:09176:9001	Adelschlag
de:09176:8118	Adelschlag, Bahnhofstraße
de:09572:6258	Adelsd./ERH Erl.Str./Schafgas.
de:09575:14681	Adelsdorf (b. Neuhof) Ort
de:09572:6259	Adelsdorf (ERH) Aldi
de:09572:6252	Adelsdorf (ERH) Am Reuthsee
de:09572:6256	Adelsdorf (ERH) Ev. Gemeindez.
de:09572:6257	Adelsdorf (ERH) Fa. Dr. Soldan
de:09572:6253	Adelsdorf (ERH) Frankenring
de:09572:6261	Adelsdorf (ERH) Hochstr.
de:09572:6260	Adelsdorf (ERH) Marktplatz
de:09572:6254	Adelsdorf (ERH) Oesdorf.Weg
de:09572:6255	Adelsdorf (ERH) Schule
de:09575:14680	Adelsdorf(Mittelfr)
de:09571:12013	Adelshofen Kindergarten
de:09571:12011	Adelshofen Raiffeisenstr.
de:09571:12012	Adelshofen Rothenburger Str.
de:09371:18691	Adertshausen
de:09477:6850	Adlerhütte
de:09375:21001	Adlersberg
de:09375:21009	Adlersberg Fuchskurve
de:09375:21002	Adlersberg Kreuzung
de:09375:21004	Adlersberg Talblick
de:09273:81088	Adlhausen, Gasthaus Fünferl
de:09273:810	Adlhausen, Schloßstr.
de:09371:19411	Adlholz
de:09371:19448	Adlholz Abzw. Ölhof
de:09371:19449	Adlholz Ödhof
de:09472:23073	Adlitz (b. Ahorntal) Gh. Popp
de:09472:23074	Adlitz (b.Ahornt) Aussiedlerh.
de:09472:23071	Adlitz (b.Ahorntal) Hs. Nr. 53
de:09572:6623	Adlitz b. Marloffstein
de:09474:9591	Affalterbach
de:08136:1901	Affalterried Kapelle
de:08136:1902	Affalterried Waldschenke
de:09474:9308	Affalterthal
de:08136:1801	Affalterwang
de:09373:17610	Aglasterhof
de:09577:16220	Aha Mitte
de:09577:16151	Aha Siedlung
de:09377:7804	Ahornberg
de:09475:80605	Ahornis
de:09475:80801	Ahornismühle
de:09571:13116	Aich (bei Neuendettelsau) Ort
de:09176:8302	Aicha
de:09371:18231	Aicha (b. Birgland)
de:09574:7407	Aicha (b. Happurg) Ort
de:09371:18820	Aicha bei Kastl
de:09273:2240	Aicha bei Siegenburg
de:09273:2442	Aicha, Abzw. Langhaid
de:09375:21003	Aichahof
de:09571:11741	Aichau
de:09371:18766	Aichazandt
de:09571:11743	Aichenzell
de:09462:22301	Aichig
de:09462:22307	Aichig Grunau-Park
de:09462:22302	Aichig Schwarzwaldstr.
de:09462:22304	Aichig Sonnenstr.
de:09462:22305	Aichig Wunaustr.
de:09375:477	Aichkirchen
de:09571:12615	Aidenau
de:09674:25708	Aidhausen Frankenstraße 49
de:09674:27036	Aidhausen Raiffeisenbank
de:09674:6967	Aidhausen Schule
de:09377:9926	Aign
de:09377:11091	Aign, Abzw
de:09375:21007	Aignhof
de:09572:6131	Ailersbach
de:09572:6609	Ailsbach
de:09572:6267	Aisch Aischer Hauptstr.
de:09572:6264	Aisch Friedhof
de:09572:6266	Aisch Marienplatz
de:09572:6265	Aisch Medbacher Str.
de:09572:6838	Albach
de:09377:15503	Albenreuth b. Atzmannsberg
de:09571:13311	Alberndorf
de:09371:18424	Albersdorf bei Etzelwang
de:09674:7426	Albersdorf Ortsmitte
de:09576:8581	Albersreuth
de:09474:9903	Albertshof (Wiesenttal) Mitte
de:09474:9902	Albertshof/FO Aussiedlerh.Nütz
de:09373:17944	Albertshofen
de:09675:3130	Albertshofen Am Alten Sportplatz,Albertshofen (Kr KT)
de:09475:80474	Albertsreuth
de:09779:6507	Alerheim, Glocke
de:09779:6573	Alerheim, J.-W.-Klein-Schule
de:09779:6771	Alerheim, Scheible
de:09779:6505	Alerheim, Schloß
de:09779:6770	Alerheim, Siedlung
de:09577:16331	Alesheim Ortsmitte
de:09571:13591	Alexandermühle
de:09574:7962	Alfalter
de:09574:7323	Alfeld Anwesen Windsheim
de:09574:7321	Alfeld Ortsmitte
de:09574:7324	Alfeld Schule
de:09574:7322	Alfeld Vogelherd
de:09574:7339	Alfeld Ziegelhütte
de:09576:8869	Alfershausen Mitte
de:09576:8868	Alfershausen Siedlung
de:09574:7476	Algersdorf
de:09678:27037	Alitzheim
de:09273:250	Alkofen, Abzw B16
de:09273:11616	Alkofen, Fa. Kunzendorf
de:09273:760	Alkofen, Mitterfeldstraße
de:09477:4916	Alladorf
de:09576:8350	Allersberg (Rothsee)
de:09576:8349	Allersberg Am Spitalwald
de:09576:8346	Allersberg Bayernstr.
de:09576:8352	Allersberg Busbahnhof
de:09576:8347	Allersberg Eppersdorfer Str.
de:09576:8354	Allersberg Freystädter Str.
de:09576:8353	Allersberg Gilardistr.
de:09576:8356	Allersberg Grundschule
de:09576:8394	Allersberg Industriestr.
de:09576:8359	Allersberg Johannisbrücke
de:09576:8355	Allersberg Marktplatz
de:09576:8360	Allersberg Mittelschule
de:09576:8392	Allersberg Mittelschule Wende
de:09576:8362	Allersberg Neumarkter Str.
de:09576:8357	Allersberg Pyrbaumer Str.
de:09576:8348	Allersberg Ringstr.
de:09576:8358	Allersberg Rother Str.
de:09576:8351	Allersberg Rothseehalle
de:09576:8345	Allersberg St. Wolfgang
de:09371:18693	Allersburg
de:09371:18696	Allersburg Abzw. Berghausen
de:09375:44	Allersdorf
de:09474:9337	Allersdorf (b. Gößweinstein)
de:09472:22802	Allersdorf/Kr BTLA
de:09472:22801	Allersdorf/Kr BTLA Ab. Flugpl.
de:09373:17335	Allershofen Ort
de:09674:15797	Allertshausen
de:09371:18695	Allertshofen
de:09375:832	Alling  Alter Bahnhof
de:09375:45	Alling Abzw. Kurhaus
de:09375:46	Alling Laaberbrücke
de:09577:16740	Allmannsdorf
de:09577:16741	Allmannsdorf Freizeitgelände
de:09371:18821	Allmannsfeld
de:09273:11530	Allmersdorf
de:09377:9925	Alm-Hofstetten
de:09376:906	Almenhof
de:09474:9559	Almos
de:09176:8356	Almosmühle
de:09375:1014	Alt-Prüll
de:09273:897	Altbach
de:09574:7300	Altdorf (b Nürnberg)
de:09574:7276	Altdorf Badener Str.
de:09574:7275	Altdorf Bahnhofstr.
de:09574:7274	Altdorf Bauernmarkt
de:09574:7277	Altdorf Bayernstr.
de:09574:7278	Altdorf Burgthanner Weg
de:09574:7292	Altdorf Ernhofer Weg
de:09574:7280	Altdorf Fischbacher Str.
de:09574:7279	Altdorf Grundschule
de:09574:7286	Altdorf Hagenhausener Str.
de:09574:7304	Altdorf Hersbrucker Str.
de:09574:7284	Altdorf Krankenhaus
de:09574:7285	Altdorf Lenzenberg
de:09574:7301	Altdorf Marktplatz
de:09574:7287	Altdorf Meergasse
de:09574:7288	Altdorf Mosthaus
de:09574:7289	Altdorf Mühlweg
de:09574:7293	Altdorf Neumarkter Str.
de:09574:7291	Altdorf Nürnberger Str.
de:09574:7305	Altdorf Post/Abz. Bahnhof
de:09574:7294	Altdorf Prackenfelser Str.
de:09574:7283	Altdorf Praetoriusstr.
de:09574:7295	Altdorf Rascher Str.
de:09574:7297	Altdorf Regensburger Str.
de:09574:7296	Altdorf Riedener Str.
de:09574:7299	Altdorf Röderstr.
de:09574:7302	Altdorf Schießhausstr.
de:09574:7281	Altdorf Schulstr.
de:09574:7282	Altdorf Schulzentrum
de:09574:7298	Altdorf Steigerturm
de:09574:7290	Altdorf Türkeistr.
de:09574:7303	Altdorf Waldfriedhof
de:09574:7307	Altdorf Waldspitze
de:09574:7306	Altdorf Wallensteinstr.
de:09574:7310	Altdorf West
de:09574:7308	Altdorf Zöllerstr.
de:09176:8343	Altdorf, Forsthaus
de:09176:8342	Altdorf, Ortsmitte
de:09477:3855	Altdrossenfeld
de:09273:446	Altdürnbuch, Abensbergerstr.
de:09563:2314	Alte Veste
de:09478:27203	Altenbanz
de:09176:8559	Altenberg
de:09573:5653	Altenberg Bayreuther Str.
de:09573:5667	Altenberg Ost
de:09573:5650	Altenberg Talstr.
de:09573:5651	Altenberg West
de:09571:13245	Altendettelsau
de:09176:8584	Altendorf
de:09478:27323	Altendorf (Lkr. LIF)
de:09471:21013	Altendorf B4
de:09471:21014	Altendorf Schule
de:09576:8361	Altenfelden
de:09571:13361	Altengreuth
de:09576:8559	Altenheideck
de:09373:17119	Altenhof (b.NM) Altenhofweg
de:09373:17111	Altenhof (b.NM) Breslauer Str.
de:09373:17112	Altenhof (b.NM) Eichendorffstr
de:09373:17115	Altenhof (b.NM) H.-Stehr-Str.
de:09373:17116	Altenhof (b.NM) Joh.-Mois-Ring
de:09373:17117	Altenhof (b.NM) Koppenmühlweg
de:09373:17113	Altenhof (NM) Geschäftszentrum
de:09576:8206	Altenhofen
de:09478:27451	Altenkunstadt Baur
de:09478:27452	Altenkunstadt Feuerwehrhaus
de:09478:27453	Altenkunstadt Galgenberg
de:09478:27454	Altenkunstadt Grundschule
de:09478:27455	Altenkunstadt Sparkasse
de:09478:27459	Altenkunstadt Strössendf. Str.
de:09478:27460	Altenkunstadt Sudetenstr.
de:09478:27457	Altenkunstadt Th.-Heuss-Str.
de:08127:25044	Altenmünster Horaffen Mitte
de:09678:27044	Altenmünster Kirche
de:09374:15918	Altenparkstein
de:09472:23491	Altenplos
de:09472:23492	Altenplos Dürrwiesen
de:09472:22724	Altenreuth (b. Weidenberg)
de:09675:27863	Altenschönbach
de:09574:7152	Altensittenb. Kühnhofener Str.
de:09574:7151	Altensittenb. Nürnberger Str.
de:09574:7153	Altensittenbach Am Spessart
de:09574:7155	Altensittenbach Eichenstr.
de:09574:7158	Altensittenbach Hansgörglstr.
de:09574:7159	Altensittenbach Heckenweg
de:09574:7163	Altensittenbach Nord
de:09574:7161	Altensittenbach Ob.Hagenstr.
de:09574:7157	Altensittenbach Schule
de:09574:7162	Altensittenbach Unt.Hagenstr.
de:09575:14537	Altenspeckfeld
de:09374:11154	Altenstadt (Waldnaab)
de:09374:7018	Altenstadt, Abzw. Parkst. Str.
de:09374:7015	Altenstadt, Egerländer Str.
de:09374:7014	Altenstadt, Ernst-Kraus-Str.
de:09374:7659	Altenstadt, Forsthaus
de:09374:7016	Altenstadt, Großparkplatz
de:09374:12207	Altenstadt, Grundschule
de:09374:3805	Altenstadt, Kapuzinerstr.
de:09374:7013	Altenstadt, Max-Reger-Str.
de:09374:12208	Altenstadt, Mittelschule
de:09374:11155	Altenstadt, Neue Kath. Kirche
de:09374:7017	Altenstadt, Pfarrplatz
de:09374:7019	Altenstadt, Waldnaabbrücke
de:09674:15322	Altenstein Ortsmitte
de:09674:15321	Altenstein Wendeplatz
de:09377:1859	Altensteinreuth
de:09574:7872	Altenthann Feuerwehrhaus
de:09574:7873	Altenthann Kriegerdenkmal
de:09571:13512	Altentrüdingen Feuerwehrh.
de:09571:13511	Altentrüdingen Hauptstr.
de:09373:17945	Altenveldorf
de:09562:3860	Alterlangen Heiligenlohstr.
de:09562:3857	Alterlangen Kosbacher Weg
de:09562:3858	Alterlangen Möhrendorfer Str.
de:09562:3854	Alterlangen Schallershofer Str
de:09562:3859	Alterlangen St.Johann
de:09562:3853	Alterlangen Veit-Stoß-Str.
de:09571:13401	Altersberg
de:09575:14658	Altershausen
de:09674:15819	Altershausen (Haßberge)
de:09362:11001	Altes Rathaus
de:09273:325	Altessing, Abzw Staatsstr.
de:09472:23951	Althaidhof
de:09575:14256	Altheim
de:09577:16583	Altheimersberg
de:09573:5381	Altkatterbach
de:09377:15126	Altköslarn
de:09373:17221	Altmannsberg (b. Berching)
de:09678:75062	Altmannsdorf (Ufr)
de:09575:14536	Altmannshausen Ortsmitte
de:09375:1696	Altmannshof
de:09371:19069	Altmannshof (b. Poppenricht)
de:09176:8223	Altmannstein, Landerhof
de:09176:8222	Altmannstein, Marktplatz
de:09176:3016	Altmannstein, Schafshill
de:09176:8829	Altmannstein, Schule
de:09176:8221	Altmannstein, Taubental
de:09575:14278	Altschauerberg Feuerwehrhaus
de:09575:14572	Altselingsbach
de:09185:7796	Altstetten
de:09374:7229	Altzirkendorf
de:09273:81065	Alzhausen
de:09273:80563	Alzhausen, Abzw. Staatsstr.
de:09273:894	Alzhausen, Weiler Kalteneck
de:09362:14057	Am Bach
de:09376:615	Am Deglhof
de:09362:13023	Am Ostbahnhof
de:09361:19500	Amberg
de:09361:19521	Amberg Abzw. Berliner Str.
de:09361:19525	Amberg Admiral-Scheer-Str.
de:09361:19529	Amberg Alt Eglsee
de:09361:19504	Amberg Altenheim Bürgerspital
de:09361:19518	Amberg Am Bergsteig
de:09361:19600	Amberg Am Kugelfang
de:09361:19533	Amberg Am Wagrain
de:09361:19537	Amberg Amselweg
de:09361:19601	Amberg Archivstr.
de:09361:19502	Amberg Bahnhofstr.
de:09361:19541	Amberg Balthasar-Neumann-Str.
de:09361:19543	Amberg Barbarastr.
de:09361:19771	Amberg Baumannparkplatz
de:09361:19544	Amberg Baumannstr.
de:09361:19547	Amberg Beethovenstr.
de:09361:19549	Amberg Berliner Str.
de:09361:19550	Amberg Berufs-/Fachoberschule
de:09361:19553	Amberg Bodelschwinghstr.
de:09361:19555	Amberg Breslauer Str.
de:09361:19522	Amberg Caritas-Altenheim
de:09361:19571	Amberg Claudiweg
de:09361:19523	Amberg Congress Centrum (ACC)
de:09361:19802	Amberg Crayerstr.
de:09361:19581	Amberg Disco Fun
de:09361:19582	Amberg Dr.-Aigner-Str.
de:09361:19583	Amberg Dr.-Filchner-Str.
de:09361:19587	Amberg Drahthammerkreuzung
de:09361:19593	Amberg Dreifaltigkeitsfriedhof
de:09361:19595	Amberg Dunantstr.
de:09361:19602	Amberg Eglseer Str.
de:09361:19605	Amberg Eisstadion
de:09361:19606	Amberg Emailfabrikstraße
de:09361:19607	Amberg Endemannstr.
de:09361:19604	Amberg Erasmus-Gymnasium
de:09361:19633	Amberg F.-Ebert-Str.
de:09361:19625	Amberg Fachoberschule
de:09361:19634	Amberg Franzosenäcker
de:09361:19631	Amberg Friedenstr.
de:09361:19632	Amberg Friedlandstr.
de:09361:19643	Amberg G.-Hilbenz-Str./Messeg.
de:09361:19645	Amberg Gerberstr.
de:09361:19647	Amberg Gerresheimer Str.
de:09361:19649	Amberg Gluckstr.
de:09361:19651	Amberg GMG/Asamstr.
de:09361:19736	Amberg GMG/Raigeringer Str.
de:09361:19653	Amberg Gümbelstr.
de:09361:19661	Amberg Haager Weg
de:09361:19667	Amberg Hans-Thoma-Str.
de:09361:19669	Amberg Hauerstr.
de:09361:19680	Amberg Heinrich-Hertz-Str.
de:09361:19690	Amberg Hellstr.
de:09361:19673	Amberg Hockermühlbad
de:09361:19674	Amberg Hofmarkweg
de:09361:19675	Amberg Hollergasse
de:09361:19679	Amberg Humboldtstr.
de:09361:19629	Amberg Jahnstr.
de:09361:19628	Amberg JVA-Justizvollzugsanst.
de:09361:19681	Amberg Kapellenstr.
de:09361:19688	Amberg Karl-Bauer-Str.
de:09361:19683	Amberg Kastler Str.
de:09361:19684	Amberg Kennedystr. Schule
de:09361:19687	Amberg Kirchensteig
de:09361:19856	Amberg Klinik. 1/Wiltmaisters.
de:09361:19691	Amberg Kolpingstr.
de:09361:19693	Amberg Kolumbusstr.
de:09361:19697	Amberg Kurfürstenbad
de:09361:19694	Amberg Köferinger Str.
de:09361:19695	Amberg Königsberger Str.
de:09361:19705	Amberg Lagerhaus
de:09361:19709	Amberg Landratsamt
de:09361:19711	Amberg Landw. Berufsschule
de:09361:19713	Amberg Langangerweg
de:09361:19714	Amberg Lebenshilfe
de:09361:19718	Amberg Liebengrabenweg -1-
de:09361:19719	Amberg Liebengrabenweg -2-
de:09361:19716	Amberg Luitpoldhütte-Hauptpforte
de:09361:19715	Amberg Luitpoldhütte-Rohrwerk
de:09361:19737	Amberg M.-Reger-Gymnasium/OTH
de:09361:19742	Amberg Mariahilfberg Festplatz
de:09361:19731	Amberg Marienstr.
de:09361:19733	Amberg Martin-Schalling-Str.
de:09361:19800	Amberg Max-Josef-Str.
de:09361:19740	Amberg Max-Planck-Str.
de:09361:19735	Amberg Max-Reger-Gymnasium
de:09361:19700	Amberg Maxplatz
de:09361:19739	Amberg McDonalds/Fuggerstr.
de:09361:19741	Amberg Messegelände
de:09361:19743	Amberg Milchhof
de:09361:19745	Amberg Moritzstr.
de:09361:19747	Amberg Mosacherweg
de:09361:19763	Amberg Oberntrautstr.
de:09361:19770	Amberg Obersdorfer Br. Ost
de:09361:19765	Amberg Obersdorfer Brücke
de:09361:19767	Amberg Ohmstr.
de:09361:19766	Amberg Oskar-von-Miller-Str.
de:09361:19621	Amberg OTH
de:09361:19622	Amberg OTH/Fleurystr.
de:09361:19768	Amberg Othmayrstr. -1-
de:09361:19769	Amberg Othmayrstr. -2-
de:09361:19773	Amberg Peter-Vischer-Str.
de:09361:19774	Amberg Pfistermeisterstr.
de:09361:19775	Amberg Ph.-Melanchthon-Str.
de:09361:19779	Amberg Podewilsstr.
de:09361:19780	Amberg Rammertshofer Weg
de:09361:19535	Amberg Real
de:09361:19781	Amberg Realschule
de:09361:19783	Amberg Regensburger Hof
de:09361:19785	Amberg Regensburger Str.
de:09361:19786	Amberg Regensburger Str. Ost
de:09361:19787	Amberg Regerstr.
de:09361:19789	Amberg Reichstr.
de:09361:19791	Amberg Reno
de:09361:19796	Amberg Rosenthal-Str.
de:09361:19793	Amberg Röntgenstr.
de:09361:19803	Amberg Sandstr.
de:09361:19805	Amberg Schießstätteweg
de:09361:19813	Amberg Siemens
de:09361:19816	Amberg Speckmannshofer Str.
de:09361:19559	Amberg Stauffenbergstr.
de:09361:19817	Amberg Steubenstr.
de:09361:19545	Amberg Städtischer Bauhof
de:09361:19818	Amberg Sven-Hedin-Str.
de:09361:19821	Amberg Terrassenweg
de:09361:19833	Amberg Von-der-Sitt-Str.
de:09361:19686	Amberg Von-Kleist-Str.
de:09361:19835	Amberg Von-Platen-Str.
de:09361:19849	Amberg W.-v.-Siemens-Str.
de:09361:19841	Amberg Wallmenich-Haus
de:09361:19845	Amberg Weingärtnerstr.
de:09361:19847	Amberg Weißdornweg
de:09361:19848	Amberg Welserstr./Edeka
de:09361:19842	Amberg Wernher-von-Braun-Str.
de:09361:19851	Amberg Willmannschule
de:09361:19853	Amberg Wingershofer Str.
de:09361:19861	Amberg Zeppelinstr.
de:09361:19527	Amberg Ägidienstr.
de:09779:6474	Amerbach, Kreuzberg
de:09779:6473	Amerbach, Vitusplatz
de:09779:6475	Amerbacherkreut
de:09471:20931	Amlingstadt
de:09571:12786	Ammelbruch
de:09373:17885	Ammelhofen
de:09185:7797	Ammerfeld
de:09573:5187	Ammerndorf Am Weiher
de:09573:5182	Ammerndorf An der Steige
de:09573:5183	Ammerndorf Hauptstr.
de:09573:5188	Ammerndorf Kindergarten
de:09573:5185	Ammerndorf Rathaus
de:09573:5181	Ammerndorf Roßtaler Str.
de:09371:18230	Ammerried
de:09361:19761	Ammersr. Oberammersrichter Weg
de:09361:19685	Ammersricht Kindergarten
de:09361:19904	Ammersricht Weideweg
de:09371:19481	Ammerthal Abzw. Fichtenhof
de:09371:19471	Ammerthal Alter Löschteich
de:09371:19472	Ammerthal Dietersberger Str.
de:09371:19473	Ammerthal Engelhard
de:09371:19479	Ammerthal Kotzheimer Str.
de:09371:19475	Ammerthal Sportplatz
de:09371:19477	Ammerthal Weinbergstr.
de:09371:19478	Ammerthal Windhof
de:09571:13675	Ammonschönbronn
de:09471:20972	Ampferbach Brückenstr.
de:09471:20971	Ampferbach Ortsmitte
de:09176:8260	Amtmannsdorf
de:09571:12361	Andorf
de:09571:13167	Anfelden
de:09371:18767	Angfeld
de:09779:7296	Anhauserhöfe
de:09561:11000	Ansbach
de:09561:11028	Ansbach Adalbert-Pilipp-Str.
de:09561:11021	Ansbach Aktienweiher
de:09561:11022	Ansbach Am Dombach
de:09561:11023	Ansbach Am Kornfeld
de:09561:11024	Ansbach Angletplatz
de:09561:11025	Ansbach Aquella
de:09561:11026	Ansbach Arbeitsamt
de:09561:11033	Ansbach Bahnhofstr.
de:09561:11034	Ansbach Bandelstr.
de:09561:11036	Ansbach Bayreuther Str.
de:09561:11042	Ansbach Beckenweiher
de:09561:11037	Ansbach Beckenweiherallee
de:09561:11039	Ansbach Benckendorffstr.
de:09561:11041	Ansbach Berliner Str.
de:09561:11046	Ansbach Bezirkskrankenh.
de:09561:11048	Ansbach Bockbergsiedlung West
de:09561:11051	Ansbach Bocksbergsiedlung Ost
de:09561:11052	Ansbach Brauhausstr.
de:09561:11054	Ansbach Breslauer Str.
de:09561:11055	Ansbach Brücken-Center
de:09561:11056	Ansbach Brünnleinswiese
de:09561:11031	Ansbach Bäckergründlein
de:09561:11061	Ansbach Cafe-Waldsee
de:09561:11063	Ansbach Crailsheimstr.
de:09561:11069	Ansbach Dombachstr.
de:09561:11076	Ansbach Endresstr.
de:09561:11319	Ansbach Fa. Schafft
de:09561:11083	Ansbach Fachhochschule
de:09561:11082	Ansbach Falkenweg
de:09561:11085	Ansbach Feldwiesenstr.
de:09561:11027	Ansbach Fernmeldeturm
de:09561:11086	Ansbach Fischerstr.
de:09561:11089	Ansbach Flurbereinigung
de:09561:11096	Ansbach Grenzstr.
de:09561:11097	Ansbach Güllstr.
de:09561:11152	Ansbach Herrieder Tor
de:09561:11105	Ansbach Hofbräuhaus
de:09561:11184	Ansbach Hospitalstr.
de:09561:11211	Ansbach Inselwiese
de:09561:11044	Ansbach Jüdtstr.
de:09561:11115	Ansbach Jüdtstr. Hochhaus
de:09561:11121	Ansbach Kammerforst
de:09561:11122	Ansbach Kanalstr.
de:09561:11125	Ansbach Karlstr.
de:09561:11126	Ansbach Karolinenstr.
de:09561:11127	Ansbach Kasernendamm
de:09561:11128	Ansbach Knollenbuck
de:09561:11129	Ansbach Krankenhaus
de:09561:11131	Ansbach Landratsamt
de:09561:11132	Ansbach Landwirtschaftssch.
de:09561:11134	Ansbach Louis-Schmetzer-Str.
de:09561:11133	Ansbach Ludwig-Keller-Str.
de:09561:11140	Ansbach Mariusstr.
de:09561:11141	Ansbach Markgrafenring
de:09561:11143	Ansbach Maximilianstr.
de:09561:11144	Ansbach Messezentrum
de:09561:11148	Ansbach Mozartstr.
de:09561:11149	Ansbach Museumssteg
de:09561:11155	Ansbach Nürnberger Str.
de:09561:11160	Ansbach Oberhäuserstr.
de:09561:11146	Ansbach Othmayrstr.
de:09561:11166	Ansbach Philipp-Zorn-Str.
de:09561:11168	Ansbach Pommernstr.
de:09561:11169	Ansbach Promenade
de:09561:11171	Ansbach Rathaus
de:09561:11173	Ansbach Rettistr. TÜV
de:09561:11175	Ansbach Rügländer Str.
de:09561:11111	Ansbach Schloßplatz
de:09561:11183	Ansbach Schulzentr. Nord
de:09561:11181	Ansbach Siedlerweg
de:09561:11186	Ansbach Stahlstr.
de:09561:11187	Ansbach Steingruberstr.
de:09561:11189	Ansbach Stettiner Str.
de:09561:11190	Ansbach Straßenbauamt
de:09561:11192	Ansbach Telekom
de:09561:11193	Ansbach Thomasstr.
de:09561:11195	Ansbach Triesdorfer Str.
de:09561:11199	Ansbach Unterer Weinberg
de:09561:11107	Ansbach Voggenmühle
de:09561:11204	Ansbach Waldfriedhof
de:09561:11205	Ansbach Wasserturm
de:09561:11207	Ansbach Weinbergplateau
de:09561:11208	Ansbach Weinbergschule
de:09561:11209	Ansbach Welserstr. Ost
de:09561:11213	Ansbach Welserstr. West
de:09561:11214	Ansbach Windmühlberg
de:09561:11215	Ansbach Windmühle
de:09561:11218	Ansbach Würzburger Str.
de:09572:6133	Antoniuskapelle
de:09573:5550	Anwanden
de:09573:5553	Anwanden Büchleiner Str.
de:09573:5552	Anwanden Faber-Castell-Str.
de:09573:5554	Anwanden, Schwabacher Str.
de:09373:17886	Anzenhofen
de:09374:16864	Apfelbach b. Eschenbach
de:09471:21403	Appendorf
de:09575:14757	Appenfelden
de:09576:8871	Appenstetten
de:09176:8245	Appertshofen, Alte Landstraße
de:09176:8244	Appertshofen, Dorfstraße
de:09176:8243	Appertshofen, Kirche
de:09371:18822	Appesloh Ort
de:09779:6501	Appetshofen, Gasthaus
de:09571:12033	Arberg Feldweg
de:09571:12031	Arberg Kriegerdenkmal
de:09571:12034	Arberg Schule
de:09571:11756	Archshofen (b.Feuchtwangen)
de:08128:12378	Archshofen, Ort
de:08128:12379	Archshofen, Tauberbrücke
de:08136:1803	Arlesberg
de:09176:8623	Arnbuch
de:09273:266	Arnhofen, Abzw Kreisstr.
de:09377:11086	Arnoldsreuth
de:09176:8070	Arnsberg, Abz Schelldorf
de:09176:8071	Arnsberg, Schule
de:09373:17451	Arnsdorf
de:09672:27088	Arnshausen Pfarrheim
de:09575:14191	Arnshöchstädt
de:09478:27321	Arnstein
de:09362:11010	Arnulfsplatz
de:09273:2013	Arresting, Schulbushaltestelle
de:09273:922	Arresting, Trafo-Haus
de:09574:7961	Artelshofen Angerweg
de:09574:7966	Artelshofen Schönbrunnen
de:09574:7965	Artelshofen Zum Pechwirt
de:09374:3761	Artesgrün, Ortsmitte
de:09571:13840	Arzbach Abzw. Erzberg
de:09571:13839	Arzbach Ortsmitte
de:09479:10107	Arzberg, Abzw Elisenfels
de:09479:15726	Arzberg, Elisenfels
de:09373:17411	Arzthofen
de:09576:8421	Asbach (b. Büchenbach/RH)
de:09374:16891	Asbach b. Kirchenthumbach
de:09376:7404	Asbach bei Schwarzenfeld
de:08127:20326	Asbach Ort
de:09779:6572	Asbacherhof, Bahnbrücke
de:09371:18524	Aschach (b.Freudenb.) Siedlung
de:09371:18523	Aschach (b.Freudenberg)
de:09471:21666	Aschbach
de:09176:8624	Aschbuch
de:09376:15604	Asklepios Klinik Lindenlohe
de:09575:14931	Aspachhof
de:09574:7478	Aspertshofen
de:09675:28686	Astheim Mainstr.
de:09675:29257	Astheim Ortsmitte
de:09471:21665	Attelsdorf
de:09176:7503	Attenbrunnmühle
de:09185:8872	Attenfeld Straßwirt
de:09185:8486	Attenfeld, Dorfstraße
de:08136:1500	Attenhofen
de:09176:8068	Attenzell
de:09176:8868	Attenzell, St.Konrad Str.
de:09572:6625	Atzelsberg
de:09563:2652	Atzenhof
de:09563:2645	Atzenhof Fraunhofer Institut
de:09563:2647	Atzenhof Gustav-Weißkopf-Str.
de:09563:2388	Atzenhof Milchhaus
de:09563:2644	Atzenhof O.-Lilienthal-Schule
de:09563:2651	Atzenhof Ost
de:09675:29086	Atzhausen
de:09675:27050	Atzhausen Abzw Feuerbach
de:09377:15822	Atzmannsberg
de:09371:18585	Atzmannsricht
de:09476:16229	Au (b. Küps)
de:09374:15681	Au,Au
de:09577:16471	Aue (b. Haundorf)
de:09576:8874	Aue (b. Thalmässing)
de:09571:12281	Auerbach (b. Colmberg)
de:09371:18191	Auerbach (OPf) Abz. Hohe Tanne
de:09371:18194	Auerbach (OPf) Abz. Siechenstr
de:09371:18193	Auerbach (OPf) Autoh. Dornisch
de:09371:18203	Auerbach (OPf) Bahnhofstr.
de:09371:18192	Auerbach (OPf) Industriestr.
de:09371:18195	Auerbach (OPf) Krankenhaus
de:09371:18196	Auerbach (OPf) Marienstr.
de:09371:18201	Auerbach (OPf) Neptunplatz
de:09371:18197	Auerbach (OPf) Ohrenbacher Str
de:09371:18198	Auerbach (OPf) Pf.-Ritter-Str
de:09371:18206	Auerbach (OPf) Schule
de:09371:18205	Auerbach (OPf) Stadtbad
de:09371:18208	Auerbach (OPf) Unterer Markt
de:09371:18199	Auerbach/OPf Isenloh
de:09371:18207	Auerbach/OPf Schaubergwerk
de:09577:16261	Auernheim Mitte
de:09575:14834	Auernhofen
de:09779:6788	Aufhausen
de:08136:4200	Aufhausen Adler
de:08136:4244	Aufhausen Bahnhof
de:08136:4491	Aufhausen Dorfplatz
de:08136:4490	Aufhausen Turnhalle
de:08136:4201	Aufhausen Waldstraße
de:09571:12596	Aufkirchen Kirche
de:09571:12597	Aufkirchen Sportplatz
de:09472:23112	Aufseß Brücke
de:09472:23114	Aufseß Raiffeisenbank
de:09371:18769	Augsberg
de:09779:6764	Auhausen, Klosterstr.
de:09779:6763	Auhausen, Oettinger Str.
de:09576:8208	Auhof (b. Hilpoltstein)
de:09779:6762	Aumühle
de:09371:18824	Aumühle bei Kastl
de:09571:12075	Aurach Ansbacher Str.
de:09571:12071	Aurach Blumenauer Platz
de:09571:12074	Aurach Wirtschaftspark
de:09674:16390	Aurachsmühle
de:09576:8422	Aurau Feuerwehrhaus
de:09576:8391	Aurau Hauptstr.
de:09576:8423	Aurau Listenbachstr.
de:09479:15734	Autohof, Thiersheim
de:09371:19323	Axtheid
de:09371:19321	Axtheid Bergstr.
de:09477:4141	Azendorf
de:09373:17515	Aßlschwang Ort
de:09461:20347	BA Schönbornstr./Hainbadest.
de:09474:9181	Baad
de:09377:7626	Babilon
de:09377:7619	Babilon, Abzw Ölbrunn
de:09374:16843	Bach
de:09371:18771	Bachetsfeld
de:09373:17370	Bachhaupt
de:09373:17697	Bachhausen
de:09273:849	Bachl, Ortsmitte
de:09273:80493	Bad Abbach
de:09273:81059	Bad Abbach Kaiser-Therme
de:09273:1890	Bad Abbach, Abzw Heidfeld
de:09273:1551	Bad Abbach, Abzw Oberndorf
de:09273:246	Bad Abbach, Am Markt
de:09273:757	Bad Abbach, Frauenbrünnlstr.
de:09273:2293	Bad Abbach, Fuchsweg
de:09273:1885	Bad Abbach, Hebbergring
de:09273:1555	Bad Abbach, Heidfeld
de:09273:3988	Bad Abbach, Kühberg
de:09273:764	Bad Abbach, Neues Rathaus
de:09273:15973	Bad Abbach, Römerstr. Abzw. Finkenstr.
de:09273:1884	Bad Abbach, Shopping Center
de:09273:245	Bad Abbach, Sportplatz
de:09273:1066	Bad Abbach, Stinkelbrunnstraße
de:09273:1672	Bad Abbach, Unterführung
de:09479:9669	Bad Alexandersbad, Abzw Sichersreuth
de:09479:9670	Bad Alexandersbad, Abzw Tiefenbach
de:09479:10136	Bad Alexandersbad, Hainleite
de:09479:9667	Bad Alexandersbad, Kleinwendern
de:09479:9504	Bad Alexandersbad, Ort
de:09479:9680	Bad Alexandersbad, Sichersreuth Ort
de:09472:23051	Bad Berneck Bahnhofstr.
de:09472:23055	Bad Berneck Busbahnhof
de:09472:23053	Bad Berneck Hofer Str. (Markt)
de:09472:23057	Bad Berneck Maintalstr.
de:09472:23059	Bad Berneck Siedlung
de:09273:2211	Bad Gögging, Kurverwaltung
de:09273:2212	Bad Gögging, Limes-Therme
de:09273:2214	Bad Gögging, Neustädter Str.
de:09273:2220	Bad Gögging, Römer/Abzw Am Höhenb.
de:09672:27061	Bad Kissingen
de:09672:28331	Bad Kissingen Bergmannstr.
de:09672:27010	Bad Kissingen Berliner Platz
de:09672:25470	Bad Kissingen Bibra-/Erhardstr.
de:09672:28330	Bad Kissingen Euerdorfer Str.
de:09672:27661	Bad Kissingen Gymn./Realschule
de:09672:28332	Bad Kissingen Kapellenstraße
de:09672:25861	Bad Kissingen Kurhausstraße
de:09672:8162	Bad Kissingen Maxstraße/Realsch.
de:09672:28692	Bad Kissingen Nordring/Realsch.
de:09672:27064	Bad Kissingen Obere Saline
de:09672:27009	Bad Kissingen Postgarage
de:09672:4147	Bad Kissingen St. Elisabeth Krkh
de:09672:27105	Bad Kissingen Stadtwerke
de:09672:25860	Bad Kissingen Theresienstraße
de:09672:27067	Bad Kissingen Untere Saline
de:09672:5299	Bad Kissingen Würzburger Str./Kläranlage
de:09672:75142	Bad Kissingen, Alter Dorfring
de:09672:75194	Bad Kissingen, Am Steingraben
de:09672:75164	Bad Kissingen, Arnshäuser Str./Kirche
de:09672:75130	Bad Kissingen, Ballinghain
de:09672:75186	Bad Kissingen, Bibra-/Erhardstr.
de:09672:75167	Bad Kissingen, Bismarckstr. Mitte
de:09672:75121	Bad Kissingen, Deegenberg-Klinik/Haus 4
de:09672:75176	Bad Kissingen, Dummentaler Weg
de:09672:75131	Bad Kissingen, Eissporthalle
de:09672:75133	Bad Kissingen, Erlöserkirche
de:09672:75166	Bad Kissingen, Feuerwehrhaus
de:09672:75170	Bad Kissingen, Fuchsmühlweg
de:09672:75169	Bad Kissingen, Gössleswiesen
de:09672:75143	Bad Kissingen, Hotel Sonnenhüg
de:09672:75154	Bad Kissingen, Händelstraße
de:09672:75192	Bad Kissingen, Höhen-/Föhrenstr.
de:09672:75165	Bad Kissingen, Höhenstraße
de:09672:75122	Bad Kissingen, Im Tiefrödlein
de:09672:75162	Bad Kissingen, Iringstraße
de:09672:75179	Bad Kissingen, Kastanienstraße
de:09672:75178	Bad Kissingen, Kiefernstraße
de:09672:75144	Bad Kissingen, Kissinger Str./Schindgraben
de:09672:75171	Bad Kissingen, Klieglplatz
de:09672:75484	Bad Kissingen, Klinik Bavaria
de:09672:75190	Bad Kissingen, Lenbachstraße
de:09672:75153	Bad Kissingen, Lollbachhalle
de:09672:75155	Bad Kissingen, Ludwigsbrücke
de:09672:75141	Bad Kissingen, Marienweg
de:09672:75161	Bad Kissingen, Massaplatz
de:09672:75157	Bad Kissingen, Max-Planck-Weg
de:09672:75145	Bad Kissingen, Max-Reger-Str.
de:09672:75118	Bad Kissingen, Menzelstraße
de:09672:75182	Bad Kissingen, Münchner Straße
de:09672:75128	Bad Kissingen, Nordring
de:09672:75127	Bad Kissingen, Oberer Zollweg
de:09672:75129	Bad Kissingen, Parkfriedhof
de:09672:75180	Bad Kissingen, Peter-Heil-Str.
de:09672:75181	Bad Kissingen, Pfalzstraße
de:09672:75114	Bad Kissingen, Pfarrer-Wüst-Weg
de:09672:75184	Bad Kissingen, Pollweinstraße
de:09672:75126	Bad Kissingen, Richard-Wagner-Str.
de:09672:75124	Bad Kissingen, Rosen-/Schönbornstr.
de:09672:75134	Bad Kissingen, Rosenhof/Campingplatz
de:09672:75191	Bad Kissingen, Rosenstraße
de:09672:75158	Bad Kissingen, Ruine Botenlauben
de:09672:75146	Bad Kissingen, Russische Kirche
de:09672:75187	Bad Kissingen, Salinenstr./Küttler
de:09672:75150	Bad Kissingen, Salinenstraße
de:09672:75137	Bad Kissingen, Schützenstr./Max-Planck-Weg
de:09672:75138	Bad Kissingen, Steinstr./Klieglschule
de:09672:75185	Bad Kissingen, Steubenstraße
de:09672:75189	Bad Kissingen, Stögerstr./Kasernenstr.
de:09672:75115	Bad Kissingen, Tattersall
de:09672:75188	Bad Kissingen, Terrassenschwimmbad
de:09672:75120	Bad Kissingen, Theaterplatz
de:09672:75175	Bad Kissingen, Veit-Stoß-Str.
de:09672:75147	Bad Kissingen, Von-Henneberg-Str.
de:09672:75136	Bad Kissingen, Von-Humboldt-Str.
de:09672:75148	Bad Kissingen, Wendelinus P4
de:09478:27206	Bad Staffelst. Aqua Riese Bad
de:09478:27200	Bad Staffelstein
de:09478:27205	Bad Staffelstein A.-Riese-Sch.
de:09478:27209	Bad Staffelstein Ahornstr.
de:09478:27211	Bad Staffelstein Angerstr.
de:09478:27212	Bad Staffelstein Auwaldstr.
de:09478:27214	Bad Staffelstein Frankenring
de:09478:27216	Bad Staffelstein Horsdf. Str.
de:09478:27207	Bad Staffelstein Realschule
de:09478:27221	Bad Staffelstein Stadtturm
de:09478:27219	Bad Staffelstein, Obermaintherme
de:09575:14084	Bad W. Erkenbrechtallee/Therme
de:09575:14087	Bad Windsh. GS Am Friedensweg
de:09575:14089	Bad Windsh. Herm.-Delp-Schule
de:09575:14100	Bad Windsheim
de:09575:14093	Bad Windsheim Am Schießwasen
de:09575:14092	Bad Windsheim Ostring
de:09575:14098	Bad Windsheim Pastoriusschule
de:09575:14097	Bad Windsheim Schulzentrum
de:09575:14095	Bad Windsheim Therme
de:09575:14091	Bad Windsheim Zollhaus
de:09176:7610	Badanhausen
de:08136:1011	Bahnhofstraße 42
de:09779:6560	Baierfeld
de:09273:11540	Baiern b. Pullach
de:09375:1085	Baiern Ort
de:09572:6320	Baiersdorf
de:09572:6329	Baiersdorf Am Kreuzbach
de:09572:6327	Baiersdorf Bodenschatzstr.
de:09572:6333	Baiersdorf Grundschule
de:09572:6321	Baiersdorf Hauptstr.
de:09572:6330	Baiersdorf In der Hut
de:09572:6324	Baiersdorf Jahnhalle
de:09572:6322	Baiersdorf Kath. Kirche
de:09572:6323	Baiersdorf Mittelschule
de:09572:6331	Baiersdorf Rewe-Markt
de:09572:6325	Baiersdorf, Bahnhof Ostseite
de:09572:6328	Baiersdorf, Bahnhof Westseite
de:09273:794	Baiersdorf, Ortsmitte
de:09478:27462	Baiersdorf/Aku. Langäcker
de:09478:27463	Baiersdorf/Aku. Mainecker Str.
de:09571:12432	Baimhofen
de:09779:6705	Baldingen, EGM
de:09779:6708	Baldingen, Heine-/V.-Linden-S.
de:09779:6637	Baldingen, Romant.Str.EGM
de:09779:6638	Baldingen, Romantische Str.
de:09779:6707	Baldingen, Spielplatz
de:09779:6709	Baldingen, Talergasse
de:09779:6706	Baldingen, Von-Linden-Str.
de:09779:7103	Baldingen, Würzburger Str.
de:09779:6782	Balgheim, Feuerwehrhaus
de:09573:5071	Ballersdorf
de:09373:17659	Ballertshofen
de:09678:27054	Ballingshausen Ortsmitte
de:09678:27055	Ballingshausen Volkersh. Str.
de:09571:12826	Ballstadt
de:09461:20010	Bamberg
de:09461:20025	Bamberg Adam-Krafft-Str.
de:09461:20026	Bamberg Adolf-Wächter-Str.
de:09461:20031	Bamberg AEO
de:09461:20033	Bamberg Altes Hallenbad
de:09461:20027	Bamberg Am Bruderwald
de:09461:20028	Bamberg Am Bundleshof
de:09461:20020	Bamberg Am Kranen
de:09461:20034	Bamberg AOK
de:09461:20021	Bamberg Artur-Landgraf-Str.
de:09461:20022	Bamberg Auf dem Lerchenbühl
de:09461:20030	Bamberg Aussegnungshalle
de:09461:20040	Bamberg Bambados
de:09461:20002	Bamberg Berliner Ring
de:09461:20003	Bamberg Birkenallee
de:09461:20282	Bamberg Breitenau
de:09461:20039	Bamberg Brennerstr.
de:09461:20049	Bamberg Buger Str.
de:09461:20051	Bamberg Carl-Schmolz-Weg
de:09461:20053	Bamberg Cherbonhof
de:09461:20055	Bamberg Coburger Str.
de:09461:20058	Bamberg Debringer Str.
de:09461:20060	Bamberg Deutsches Haus
de:09461:20063	Bamberg Dientzenhoferstr.
de:09461:20065	Bamberg Domplatz
de:09461:20067	Bamberg Domschule
de:09461:20066	Bamberg Dorotheenstr.
de:09461:20072	Bamberg Eichelseeweg
de:09461:20074	Bamberg Eisenbahnbrücke
de:09461:20075	Bamberg Elisabethenstr.
de:09461:20077	Bamberg Fachoberschule
de:09461:20080	Bamberg Feldkirchenstr.
de:09461:20081	Bamberg Ferd.-Braun-Str.
de:09461:20082	Bamberg Ferdinand-Tietz-Str.
de:09461:20083	Bamberg Friedrich-Ebert-Str.
de:09461:20086	Bamberg Frutolfstr.
de:09461:20097	Bamberg G-Stauffenberg-Schulen
de:09461:20101	Bamberg Gartenstadt Schule
de:09461:20104	Bamberg Geisfelder Str.
de:09461:20105	Bamberg Gereuthstr.
de:09461:20111	Bamberg Geyerswörthplatz
de:09461:20114	Bamberg Giselastr.
de:09461:20110	Bamberg Grafensteinstr.
de:09461:20106	Bamberg Greiffenbergstr.
de:09461:20112	Bamberg Gundelsheimer Str.
de:09461:20113	Bamberg Gutenbergstr.
de:09461:20107	Bamberg Gönnerstr.
de:09461:20132	Bamberg Hafenstr.
de:09461:20133	Bamberg Hahnenweg
de:09461:20134	Bamberg Halle
de:09461:20130	Bamberg Hallstadter Str.
de:09461:20137	Bamberg Hans-Birkmayr-Str.
de:09461:20135	Bamberg Hans-Morper-Str.
de:09461:20139	Bamberg Hauptsmoorstr. (BPOL)
de:09461:20138	Bamberg Hauptsmoorstr. Nord
de:09461:20150	Bamberg Heinrichsdamm
de:09461:20317	Bamberg Hertzstr.
de:09461:20141	Bamberg Hezilostr.
de:09461:20145	Bamberg Heßlergasse
de:09461:20143	Bamberg Hiltnerstr.
de:09461:20146	Bamberg Hohe-Kreuz-Str.
de:09461:20147	Bamberg Hohes Kreuz
de:09461:20149	Bamberg Höcherbühl
de:09461:20162	Bamberg In der Warth
de:09461:20160	Bamberg Jahnstr.
de:09461:20165	Bamberg Jakobsberg
de:09461:20164	Bamberg Jakobsplatz
de:09461:20163	Bamberg Kantstr.
de:09461:20166	Bamberg Kapuzinerstr.
de:09461:20168	Bamberg Kastanienstr.
de:09461:20167	Bamberg Katharinenstr.
de:09461:20170	Bamberg Kirschäckerstr.
de:09461:20172	Bamberg Klinikum
de:09461:20171	Bamberg Klinikum Michelsberg
de:09461:20173	Bamberg Kloster-Banz-Str.
de:09461:20174	Bamberg Kloster-Langheim-Str.
de:09461:20178	Bamberg Konzerthalle
de:09461:20176	Bamberg Krötleinstr.
de:09461:20184	Bamberg Kunigundendamm
de:09461:20186	Bamberg Kunigundenkirche
de:09461:20175	Bamberg König-Konrad-Str.
de:09461:20212	Bamberg Lagarde Kaserne
de:09461:20215	Bamberg Landesgartenschau
de:09461:20202	Bamberg Lange Str.
de:09461:20205	Bamberg Laubanger Hornbach
de:09461:20204	Bamberg Laubanger OBI
de:09461:20210	Bamberg Laurenziplatz
de:09461:20220	Bamberg Laurenzistr.
de:09461:20222	Bamberg Luitpoldstr.
de:09461:20223	Bamberg Löwenstr.
de:09461:20232	Bamberg Mainstr.
de:09461:20234	Bamberg Malerviertel
de:09461:20235	Bamberg Margaretendamm
de:09461:20237	Bamberg Marienbrücke
de:09461:20239	Bamberg Marienplatz
de:09461:20240	Bamberg Markusplatz
de:09461:20241	Bamberg Markusstr.
de:09461:20243	Bamberg Maternstr.
de:09461:20244	Bamberg Max-Planck-Str.
de:09461:20245	Bamberg Michelsberg
de:09461:20246	Bamberg Michelsberger Wald
de:09461:20247	Bamberg Mohnstr.
de:09461:20248	Bamberg Moosstr.
de:09461:20249	Bamberg Mußstr.
de:09461:20252	Bamberg Müllheizkraftwerk
de:09461:20262	Bamberg Neuerbstr.
de:09461:20265	Bamberg Nürnberger Str.
de:09461:20264	Bamberg Oberer Stephansberg
de:09461:20274	Bamberg Ottoheim
de:09461:20270	Bamberg Ottokirche
de:09461:20276	Bamberg Ottostr.
de:09461:20151	Bamberg P+R Heinrichsdamm
de:09461:20283	Bamberg P+R Kronacher Str.
de:09461:20281	Bamberg Panzerleite
de:09461:20280	Bamberg Paradiesweg
de:09461:20284	Bamberg Pfisterstr.
de:09461:20285	Bamberg Plattengasse
de:09461:20286	Bamberg Pödeldorfer Str.
de:09461:20311	Bamberg Regensburger Ring
de:09461:20313	Bamberg Rheinstr.
de:09461:20308	Bamberg Rheinstr. Ende
de:09461:20315	Bamberg Robert-Bosch-Str.
de:09461:20316	Bamberg Rodelbahn
de:09461:20314	Bamberg Rothofer Str.
de:09461:20332	Bamberg Sandstr.
de:09461:20339	Bamberg Schellenbergerstr.
de:09461:20338	Bamberg Schildstr.
de:09461:20333	Bamberg Schillerplatz
de:09461:20230	Bamberg Schranne
de:09461:20340	Bamberg Schulplatz
de:09461:20345	Bamberg Schweinfurter Str.
de:09461:20343	Bamberg Schönleinsplatz
de:09461:20346	Bamberg Seehofstr.
de:09461:20344	Bamberg Seewiesenstr.
de:09461:20349	Bamberg Seinsheimstr.
de:09461:20350	Bamberg Siemensstr.
de:09461:20348	Bamberg Sodenstr.
de:09461:20353	Bamberg Spinnseyer
de:09461:20355	Bamberg St. Urban
de:09461:20356	Bamberg Stadion
de:09461:20357	Bamberg Stadtarchiv
de:09461:20136	Bamberg Stadtwerke
de:09461:20358	Bamberg Staffelbergweg
de:09461:20360	Bamberg Stauffenbergstr.
de:09461:20359	Bamberg Steinberg
de:09461:20361	Bamberg Storchsgasse
de:09461:20363	Bamberg Strullendorfer Str.
de:09461:20362	Bamberg Synagogenplatz
de:09461:20382	Bamberg Thorackerstr.
de:09461:20383	Bamberg Titusstr.
de:09461:20384	Bamberg Torschuster
de:09461:20392	Bamberg Ulanen Kaserne
de:09461:20395	Bamberg Universität
de:09461:20415	Bamberg Villa Remeis
de:09461:20412	Bamberg Von-Ketteler Str.
de:09461:20432	Bamberg Waizendorfer Str.
de:09461:20434	Bamberg Weide
de:09461:20437	Bamberg Weißenburgstr.
de:09461:20441	Bamberg Wiesend Schule
de:09461:20439	Bamberg Wildensorg Mitte
de:09461:20442	Bamberg Wildensorger Str.
de:09461:20443	Bamberg Wilhelm Löhe Heim
de:09461:20440	Bamberg Wilhelmsplatz
de:09461:20444	Bamberg Willy-Lessing-Str.
de:09461:20445	Bamberg Wolfgangsplatz
de:09461:20447	Bamberg Wunderburg
de:09461:20448	Bamberg Wunderburgschule
de:09461:20446	Bamberg Wörthstr.
de:09461:20449	Bamberg Würzb. Str.
de:09461:20200	Bamberg ZOB
de:09461:20472	Bamberg Zollhaus
de:09461:20032	Bamberg, Bahnhof/Atrium
de:09461:20006	Bamberg, Bahnhof/Brennerstr.
de:09461:20004	Bamberg, Bahnhof/Fernbus
de:09461:20005	Bamberg, Bahnhof/Ludwigstr.
de:09461:20001	Bamberg, Bahnhof/Post
de:09474:9268	Bammersd./Eggolh Oertelbergstr
de:09474:9266	Bammersd./Eggolh Schönbornstr.
de:09474:9270	Bammersd./Eggolh. Am Brunnfeld
de:09474:9267	Bammersd/Eggolh Kirschäckerstr
de:09573:5556	Banderbach
de:09571:11744	Banzenweiler
de:09571:11742	Banzenweiler Aussiedlerhof
de:09374:16882	Barbaraberg
de:09374:7644	Barbaraberg, Abzw
de:09576:8065	Barnsdorf
de:09576:8585	Barthelmesaurach Brennerei
de:09576:8583	Barthelmesaurach Mitte
de:09576:8584	Barthelmesaurach Siedlung
de:09571:13844	Bastenau
de:09373:17920	Batzhausen
de:09373:17824	Batzhausen Feuerwehrhaus
de:09373:17921	Batzhausen Ortsmitte
de:09575:14106	Baudenbach Abzw. Hambühl
de:09575:14102	Baudenbach Hauptstr.
de:09575:14101	Baudenbach Marktplatz
de:09575:14104	Baudenbach Roßbacher Str.
de:09462:22313	Bauerngrün
de:09475:8823	Baumersreuth, Abzw
de:09477:80090	Baumgarten
de:09371:18235	Baumgarten b. Birgland
de:09373:17569	Baumühle
de:09471:21030	Baunach
de:09471:21031	Baunach Haberhauer
de:09471:21033	Baunach Raiffeisenbank
de:09471:21034	Baunach Schule
de:09571:12885	Bauzenweiler
de:09462:22403	Bayreuth A.-Schweitzer-Hospiz
de:09462:22023	Bayreuth A.-Schweitzer-Schule
de:09462:22014	Bayreuth Abzw. Bindlacher Str.
de:09462:22034	Bayreuth Abzw. Himmelkronstr.
de:09462:22015	Bayreuth Adlerstr.
de:09462:22017	Bayreuth Adolf-Wächter-Str.
de:09462:22019	Bayreuth Akazienweg
de:09462:22021	Bayreuth Albert-Preu-Str.
de:09462:22024	Bayreuth Albrecht-Dürer-Str.
de:09462:22025	Bayreuth Allensteiner Ring
de:09462:22027	Bayreuth Alte Bindlacher Allee
de:09462:22336	Bayreuth Am Aubach
de:09462:22030	Bayreuth Am Festspielhaus
de:09462:22032	Bayreuth Andechsstr.
de:09462:22010	Bayreuth Bahnhof Altstadt
de:09462:22035	Bayreuth Balthasar-Neumann-Str
de:09462:22037	Bayreuth Basell
de:09462:22039	Bayreuth BAT
de:09462:22044	Bayreuth Berliner Platz
de:09462:22041	Bayreuth Bernecker Str.
de:09462:22045	Bayreuth Bezirkskrankenhaus
de:09462:22154	Bayreuth Bier-Erlebnis-Welt
de:09462:22042	Bayreuth Bindlacher Str. I
de:09462:22043	Bayreuth Bindlacher Str. II
de:09462:22047	Bayreuth Birkenstr.
de:09462:22049	Bayreuth Bodenseering
de:09462:22052	Bayreuth Bonhoeffer-Schule
de:09462:22050	Bayreuth Bundespolizei
de:09462:22065	Bayreuth C-R-v-L-Str. (Baier)
de:09462:22054	Bayreuth C-R-v-Langh-Str (TS)
de:09462:22057	Bayreuth Calvinstr.
de:09462:22059	Bayreuth Carl-Burger-Str.
de:09462:22063	Bayreuth Cottenbacher Str.
de:09462:23226	Bayreuth Donndorfer Str.
de:09462:22067	Bayreuth Dürschnitz
de:09462:22070	Bayreuth Egerländer Str.
de:09462:22072	Bayreuth Eibseestr.
de:09462:22075	Bayreuth Eichendorffring
de:09462:22073	Bayreuth Eubener Str.
de:09462:22077	Bayreuth Fasanenring
de:09462:22079	Bayreuth Feustelstr.
de:09462:22083	Bayreuth Fr-Ebert-Str/Königsa.
de:09462:22085	Bayreuth Franz-Schubert-Str.
de:09462:22090	Bayreuth Freiheitsplatz
de:09462:22087	Bayreuth Friedenskirche
de:09462:22082	Bayreuth Friedrich-Ebert-Str.
de:09462:22245	Bayreuth Friedrichsforum
de:09462:22089	Bayreuth Fröbelstr.
de:09462:22092	Bayreuth Gartenstadt
de:09462:22094	Bayreuth Geowissenschaften
de:09462:22096	Bayreuth Geschw.-Scholl-Platz
de:09462:22098	Bayreuth Geseeser Weg
de:09462:22103	Bayreuth Gontardstr.
de:09462:22105	Bayreuth Grundig
de:09462:22107	Bayreuth Grüner Baum
de:09462:22106	Bayreuth Gymn. Chr.-Ernestinum
de:09462:22110	Bayreuth Güterbahnhof
de:09462:22112	Bayreuth H.-v-Fallersleben-Str
de:09462:22114	Bayreuth Hagenstr.
de:09462:22116	Bayreuth Hammerstatt
de:09462:22000	Bayreuth Hbf
de:09462:22001	Bayreuth Hbf (IHK)
de:09462:22117	Bayreuth Heinr.-v.-Kleist-Str.
de:09462:22120	Bayreuth Herderstr.
de:09462:22119	Bayreuth Herzoghöhe
de:09462:22121	Bayreuth Himmelkronstr.
de:09462:22122	Bayreuth Hofgarten
de:09462:22124	Bayreuth Hohe Warte
de:09462:22125	Bayreuth Hohenzollernring
de:09462:22126	Bayreuth Hohenzollernring II
de:09462:22127	Bayreuth Hospitalstift
de:09462:22129	Bayreuth Humboldtstr.
de:09462:22123	Bayreuth Hölzleinsmühle
de:09462:22131	Bayreuth Ind. St. Georgen West
de:09462:22135	Bayreuth Jakob-Fuchs-Str.
de:09462:22137	Bayreuth Jakobshof
de:09462:22140	Bayreuth Justizpalast
de:09462:22133	Bayreuth Jägerstr.
de:09462:22141	Bayreuth Karlsbader Str.
de:09462:22147	Bayreuth Kerschensteinerstr.
de:09462:22139	Bayreuth Kinderklinik
de:09462:22142	Bayreuth Klinik Herzoghöhe
de:09462:22145	Bayreuth Klinikum
de:09462:22144	Bayreuth Klinikumallee I
de:09462:22143	Bayreuth Klinikumallee II
de:09462:22146	Bayreuth Klopstockstr.
de:09462:22152	Bayreuth Kreuzsteinbad
de:09462:22148	Bayreuth Königsallee
de:09462:22150	Bayreuth Königsbergstr.
de:09462:22155	Bayreuth Leibnizstr.
de:09462:22159	Bayreuth Lessingweg
de:09462:22153	Bayreuth LGS Eingang Süd
de:09462:22161	Bayreuth Lippacherstr.
de:09462:22163	Bayreuth Ludwig-Thoma-Brücke
de:09462:22022	Bayreuth Luitpoldplatz
de:09462:22157	Bayreuth Lärchenweg
de:09462:22167	Bayreuth Maintalsiedlung
de:09462:22165	Bayreuth Markgrafenallee
de:09462:22169	Bayreuth Mensa
de:09462:22172	Bayreuth Menzelplatz
de:09462:22174	Bayreuth Meranierring
de:09462:22176	Bayreuth Mosinger Str.
de:09462:22178	Bayreuth Mühlhofer Stift
de:09462:22181	Bayreuth Neckarstr.
de:09462:22183	Bayreuth Neue Heimat
de:09462:22187	Bayreuth Nordring
de:09462:22185	Bayreuth Nürnberger Str.
de:09462:22190	Bayreuth Ofr.Halle/Sportzentr
de:09462:22189	Bayreuth Opernhaus
de:09462:22251	Bayreuth Ordenskirche
de:09462:22192	Bayreuth Otto-Hahn-Str.
de:09462:22194	Bayreuth Pottensteiner Str.
de:09462:22193	Bayreuth Preuschwitzer Str.
de:09462:22195	Bayreuth Prieserstr.
de:09462:22197	Bayreuth Quellhof
de:09462:22199	Bayreuth Rabenstein
de:09462:22200	Bayreuth Rathaus II
de:09462:22202	Bayreuth Rathenaustr.
de:09462:22204	Bayreuth Realschule I
de:09462:22205	Bayreuth Reha-Klinik
de:09462:22207	Bayreuth Rheinstr.
de:09462:22212	Bayreuth Richard-Strauss-Str.
de:09462:22213	Bayreuth Richard-Wagner-Museum
de:09462:22210	Bayreuth Richthofenhöhe
de:09462:22214	Bayreuth Riedingerstr.
de:09462:22218	Bayreuth Roter Hügel
de:09462:22224	Bayreuth Rotkreuzheim
de:09462:22223	Bayreuth Rotkreuzstr.
de:09462:22220	Bayreuth Rotmainhalle
de:09462:22216	Bayreuth Röntgenstr.
de:09462:22225	Bayreuth Scheffelstr.
de:09462:22227	Bayreuth Schopenhauerstr.
de:09462:22229	Bayreuth Schwabenstr.
de:09462:22231	Bayreuth Schwarzer Steg
de:09462:22233	Bayreuth Schwedenbrücke
de:09462:22235	Bayreuth Siebener Platz
de:09462:22237	Bayreuth Siegmundstr.
de:09462:22239	Bayreuth Sophian-Kolb-Str.
de:09462:22241	Bayreuth Spinnereistr.
de:09462:22243	Bayreuth Stadtfriedhof
de:09462:22247	Bayreuth Stadtkirche
de:09462:22252	Bayreuth Stadtwerke
de:09462:22255	Bayreuth Sternplatz
de:09462:22257	Bayreuth Stuckberg
de:09462:22259	Bayreuth Th.-Schmidt-Str. I
de:09462:22260	Bayreuth Th.-Schmidt-Str. II
de:09462:22261	Bayreuth Uni-Verwaltung
de:09462:22263	Bayreuth Unteres Tor
de:09462:22266	Bayreuth Volksfestplatz
de:09462:22268	Bayreuth Wahnfried
de:09462:22271	Bayreuth Weiherstr. I
de:09462:22272	Bayreuth Weiherstr. II
de:09462:22275	Bayreuth Wieland-Wagner-Str.
de:09462:22273	Bayreuth Wilhelm-Pitz-Str.
de:09462:22274	Bayreuth Wilhelminenaue
de:09462:22277	Bayreuth Wittelsbacherring
de:09462:22281	Bayreuth Wörthstr.
de:09462:22300	Bayreuth ZOH
de:09462:22012	Bayreuth Ämtergebäude
de:09462:22100	Bayreuth, Goethestraße
de:09462:22002	Bayreuth, Hbf Tunnelstraße
de:09462:22250	Bayreuth-St Georgen
de:09377:15238	Bayrischhof,Bayrischhof
de:09571:12104	Bechhofen (AN) Liebersdf. Str.
de:09571:12103	Bechhofen (Lkr AN) Fettingers.
de:09571:12102	Bechhofen (Lkr AN) Post
de:09571:12105	Bechhofen (Lkr. AN) Kirche
de:09571:12101	Bechhofen (Lkr. AN) Marktplatz
de:09571:12106	Bechhofen (Lkr. AN) Schule
de:09576:8301	Bechhofen/Abenb. Hirtenbachstr
de:09576:8302	Bechhofen/Abenb. Neumühler Str
de:09577:16857	Bechthal
de:09373:17285	Beckenhof
de:08127:20266	Beeghof Horschhausen Abzw
de:08127:20274	Beeghof Roseneck
de:08127:20271	Beeghof/Volkershausen Abzw.
de:09575:14257	Beerbach (b. Dietersheim)
de:09574:7053	Beerbach (b.Lauf) Kirche
de:09574:7052	Beerbach (b.Lauf) Mitte
de:09576:8306	Beerbach/Abenberg Dorfweiher
de:09576:8305	Beerbach/Abenberg Lagerhaus
de:09574:7825	Behringersd. Am Neubruch
de:09574:7820	Behringersdorf
de:09574:7837	Behringersdorf Am Eichenrangen
de:09574:7826	Behringersdorf Am Finkenschlag
de:09574:7822	Behringersdorf B 14
de:09574:7823	Behringersdorf B14 Ost
de:09574:7827	Behringersdorf Einkaufszentrum
de:09574:7819	Behringersdorf Hegelweg
de:09574:7828	Behringersdorf Heidestr.
de:09574:7838	Behringersdorf Im Föhrenwinkel
de:09574:7829	Behringersdorf Im Steinicht
de:09474:9344	Behringersm. Hotel Behringers
de:09474:9340	Behringersmühle
de:09474:9341	Behringersmühle B 470
de:09474:9343	Behringersmühle Tankstelle
de:09675:29442	Beigelsmühle
de:09176:8268	Beilngries, Abz Aschbuch
de:09176:8855	Beilngries, Deutscher Hof
de:09176:8273	Beilngries, Eichstätter Str.
de:09176:7614	Beilngries, Frauenkirche
de:09176:8934	Beilngries, Gößelthal
de:09176:7617	Beilngries, Hafen
de:09176:8935	Beilngries, Kanalsiedlung
de:09176:8648	Beilngries, Kelheimer Str.
de:09176:8654	Beilngries, KiGa
de:09176:8272	Beilngries, Neumarkter Str.
de:09176:8368	Beilngries, Ringstr.
de:09176:8646	Beilngries, Volksfestplatz
de:09176:8274	Beilngries, Zinnerhof
de:09176:8369	Beilngries, ZOB
de:09571:12351	Bellershausen
de:09576:8067	Belmbrach
de:09779:7218	Belzheim, Mühlbach
de:09779:6726	Belzheim, Staatsstraße
de:09375:78	Benhof
de:09472:22805	Benk (Kr BTLA)
de:09475:80471	Benk Weißdorf
de:09572:6191	Benzendorf
de:08136:4700	Benzenzimmern
de:09375:559	Beratzhausen
de:09375:255	Beratzhausen Abzw. Lammhof
de:09375:989	Beratzhausen Am Sixenfelsen
de:09375:514	Beratzhausen Marktplatz
de:09375:990	Beratzhausen Oberpfalzstraße
de:09375:988	Beratzhausen Rubenbergweg
de:09373:17204	Berching Burggriesbacher Str.
de:09373:17202	Berching Erlöserkirche
de:09373:17209	Berching Gredinger Str.
de:09373:17206	Berching Helios-Klinik
de:09373:17211	Berching Maria-Hilf-Str.
de:09373:17215	Berching Neue Schule
de:09373:17213	Berching Neumarkter Tor
de:09373:17207	Berching Nordtangente
de:09373:17212	Berching Pettenkofer Platz
de:09373:17217	Berching Realschule
de:09373:17219	Berching Reischelhaus
de:09373:17218	Berching Schlesier Str.
de:09373:17216	Berching Sollngriesbacher Str.
de:09373:17214	Berching Volksschule
de:09373:17205	Berching Vorstadt
de:09374:16845	Berg
de:09273:462	Berg bei Painten
de:09373:17283	Berg Hausheimer Str.
de:09373:17280	Berg Raiffeisenbank
de:09373:17284	Berg Schule
de:09373:17282	Berg Sparkasse
de:08127:20134	Bergbronn Dinkelsbühler Straße
de:09376:80047	Bergelshof
de:09577:16351	Bergen
de:09185:8487	Bergen, Wiltrudistraße
de:08127:28241	Bergertshofen Ort
de:09371:18697	Berghausen Kapelle
de:09176:7631	Berghausen, Bhst
de:09185:8483	Bergheim, Hauptstr./Im Winkel
de:09375:830	Bergmatting Kirche
de:09375:831	Bergmatting Wendeschleife
de:09479:7823	Bergnersreuth
de:09571:11746	Bergnerzell
de:09678:12739	Bergrheinfeld Abzw. Bahnhof
de:09678:29897	Bergrheinfeld Hauptschule,Bergrheinfeld
de:09678:12738	Bergrheinfeld Kirche
de:09678:27087	Bergrheinfeld Siedlungsweg
de:09678:25809	Bergrheinfeld St.-Georgen-Str.
de:09678:75399	Bergrheinfeld, Friedhofstraße
de:09678:75400	Bergrheinfeld, Rothmühlstraße
de:09375:79	Bergstetten
de:09679:4034	Bergtheim
de:09575:14409	Bergtheim (b. Gutenstetten)
de:09679:99009	Bergtheim Marktplatz
de:09679:4030	Bergtheim Ortsmitte
de:09679:4031	Bergtheim Schule
de:09377:7786	Beringersreuth
de:09176:8101	Berletzhausen
de:09375:1686	Berletzhof
de:09571:11748	Bernau
de:09573:5364	Bernbach Mitte
de:09573:5363	Bernbach Raabstr.
de:09571:12811	Berndorf
de:09477:5542	Berndorf (b. Thurnau)
de:09377:15823	Berndorf b. Kemnath
de:09373:17332	Berngau Freystädter Str.
de:09373:17331	Berngau Ramoldplatz
de:09373:17333	Berngau Reifenstein
de:08127:92152	Bernhardsweiler Ortsmitte
de:09571:11925	Bernhardswend
de:09561:11261	Bernhardswinden Ortsmitte
de:09561:11263	Bernhardswinden Schützenhaus
de:09472:23755	Bernheck
de:09574:7782	Bernhof (bei Schnaittach)
de:09373:17947	Bernla
de:08136:1805	Bernlohe
de:09576:8064	Bernlohe Feuerwehrhaus
de:09576:8066	Bernlohe Ginsterweg
de:09576:8068	Bernlohe Kriegerdenkmal
de:09576:8072	Bernlohe Petersgmünder Weg
de:09478:27328	Bernreuth
de:09361:19909	Bernricht (b. Amberg)
de:09371:18330	Bernricht (b. Edelsfeld)
de:09361:19910	Bernricht/AM Ab. Ind.geb. Nord
de:09374:7167	Bernstein
de:09373:17930	Bernthal
de:09575:14052	Berolzheim
de:09571:13362	Bersbronn
de:09573:5773	Bertelsdorf Bolzplatz
de:09573:5767	Bertelsdorf Ort
de:09571:13751	Bertholdsdorf
de:09185:7766	Bertoldsheim, Siedlung
de:09376:80362	Betriebshof Schmid
de:09176:8090	Bettbrunn
de:09779:6751	Bettendorf, Abz
de:09779:6499	Bettendorf, Ort
de:09571:11673	Bettenfeld
de:09571:13475	Bettwar
de:09371:18236	Betzenberg
de:09571:12656	Betzendorf
de:09678:27089	Betzenmühle
de:09472:23142	Betzenstein Altes Rathaus
de:09472:23143	Betzenstein Campingplatz
de:09472:23141	Betzenstein Marktplatz
de:09472:23144	Betzenstein Schwimmbad
de:09571:12658	Betzmannsdorf
de:08127:53090	Beuerlbach Alte Küferei
de:08136:1806	Beuren
de:09572:6051	Beutelsdorf
de:09571:12501	Beyerberg
de:09176:8213	Biber
de:09176:8393	Biberbach
de:09176:8076	Biberg, Abz Steinberg
de:09176:8421	Biberg, Dorfstadl
de:09675:29310	Bibergau Effeldorfer Straße
de:09675:29311	Bibergau Ritterstraße
de:09577:16661	Biburg
de:09273:919	Biburg, Abzw Rappersdorf
de:09273:882	Biburg, Hauptstraße
de:09273:817	Biburg, Raiffeisenstr.
de:09675:29363	Biebelried Gartenstraße
de:09675:3984	Biebelried Würzburger Straße
de:09571:11758	Bieberbach (b. Feuchtwangen)
de:09474:9311	Bieberbach (b.Egloffstein) Ort
de:09474:9312	Bieberbach/Eggl. Ab. Geschwand
de:09571:13884	Biederbach
de:09571:13883	Biederbach Kreuzung
de:09571:12274	Bieg
de:09475:80449	Biengarten
de:09373:17223	Biermühle
de:09176:8311	Biesenhard, Kirche
de:09176:8312	Biesenhard, Siedlung
de:09577:16682	Bieswang Dorfplatz
de:09577:16681	Bieswang Schule
de:09675:27697	Bimbach
de:09472:22800	Bindlach
de:09472:22778	Bindlach Ab. Max-Pöhlmann-Str.
de:09472:22771	Bindlach Abzw. Bühlstr.
de:09472:22773	Bindlach Abzw. Esbachgraben
de:09472:22775	Bindlach Abzw. Fliederweg
de:09472:22776	Bindlach Abzw. Gries
de:09472:22781	Bindlach Benker Höhe
de:09472:22799	Bindlach Bindlacher Berg
de:09472:22783	Bindlach Feuerwehrhaus
de:09472:22785	Bindlach Gries
de:09472:22787	Bindlach Hofackerstr.
de:09472:22789	Bindlach Im Koppler
de:09472:22791	Bindlach Nordost
de:09472:22797	Bindlach Schule
de:09472:22793	Bindlach Senioren-Wohnanlage
de:09472:22796	Bindlach St.Georgenstr /Pilipp
de:09472:22795	Bindlach St.Georgenstr/Wagert
de:09472:22794	Bindlach Weinbergstr.
de:09377:7785	Bingarten, Abzw
de:09377:11133	Bingarten, Ort
de:09571:12436	Binsenweiler
de:09571:12285	Binzwangen Kirche
de:09571:12284	Binzwangen Kreuzung
de:09472:23260	Birk (b. Emtmannsberg)
de:09479:9113	Birk, Abzw
de:09479:10096	Birk, Ort
de:09571:12109	Birkach (b. Bechhofen)
de:09471:21231	Birkach (b. Frensdorf)
de:09571:12711	Birkach (b. Herrieden) Mitte
de:09571:12813	Birkach (b. Lehrberg)
de:09571:13737	Birkach (b. Windelsbach)
de:09478:27591	Birkach (b.Ebensfeld)
de:09674:7429	Birkach (HAS.) Abzw.
de:09571:12712	Birkach (Herried) Ab.Bittelhof
de:09473:16350	Birkach am Forst
de:09576:8070	Birkach/RH ROTHSEE
de:08127:20264	Birkelbach Ortsmitte
de:09575:14043	Birkenfeld
de:09674:15795	Birkenfeld (HAS.)
de:09571:12539	Birkenfels
de:09477:3822	Birkenhof
de:09474:9905	Birkenreuth
de:09779:6641	Birkhausen
de:09176:7677	Birkhof
de:09371:18332	Birkhof (b. Edelsfeld)
de:09576:8496	Birkhof (bei Greding)
de:09577:16752	Birklein
de:09675:29683	Birklingen
de:09375:87	Birnbach
de:09575:14354	Birnbaum Raiffeisenbank
de:09575:14355	Birnbaum Schloß
de:09678:27090	Birnfeld
de:09472:23191	Birnstengel
de:09471:21072	Bischberg (BA) B26/Ind.gebiet
de:09471:21073	Bischberg (BA) Trosdorfer Weg
de:09471:21068	Bischberg (Lkr BA) Ausgang
de:09471:21065	Bischberg (Lkr BA) Grundschule
de:09471:21069	Bischberg (Lkr BA) Röthelbach
de:09471:21063	Bischberg (Lkr BA) Unt. Schloß
de:09471:21066	Bischberg (Lkr. BA) Lerchenweg
de:09471:21061	Bischberg (Lkr. BA) Mitte
de:09373:17322	Bischberg b. Berg/NM
de:09471:21076	Bischberg/BA Abzw. Trosdorf
de:09472:23181	Bischofsgrün Rathaus
de:09472:23183	Bischofsgrün Schwebebahn Nord
de:09674:27828	Bischofsheim
de:09576:8209	Bischofsholz
de:09371:18894	Bischofsreuth
de:09473:15229	Bischwind
de:09678:75030	Bischwind (Ufr), Ortsmitte
de:09674:5794	Bischwind am Rauheneck
de:09563:2480	Bislohe Mitte
de:09563:2481	Bislohe Nordring
de:09571:12702	Bittelhof
de:09371:19252	Bittenbrunn Ort
de:09185:8923	Bittenbrunn, Birkenweg
de:09176:8256	Bitz, Kirchplatz
de:09374:2430	Blankenmühle
de:09374:7649	Blankenmühle, Abzw
de:08127:20501	Blaufelden Gammesfeld Post
de:08127:20502	Blaufelden Gammesfeld Schule
de:08127:20112	Blaufelden Heufelwinden Ort
de:08127:20503	Blaufelden Metzholz Ort
de:09373:17577	Blechmühle (b.Hohenfels)
de:09779:5731	Blossenau, Kirche
de:09779:5730	Blossenau, Staatsstraße
de:09176:7878	Blumenberg, Kinderdorfstraße
de:09176:7880	Blumenberg, Willibaldstraße
de:08128:12389	Blumweiler, Ort
de:09571:12575	Bockenfeld
de:09473:5955	Bodelstadt
de:09371:18331	Boden (b. Edelsfeld)
de:09472:22652	Bodendorf
de:09373:17140	Bodenhof (b. Neumarkt)
de:09373:17139	Bodenmühle (b. Neumarkt)
de:09373:17772	Bogenmühle
de:09471:21855	Bojendorf
de:09779:6787	Bollstadt, Albertusstr.
de:09571:11740	Bonlanden
de:09571:12661	Bonnhof Mitte
de:09571:12663	Bonnhof Süd
de:08136:4263	Bopfingen Alte Kirchheimer Str
de:08136:4258	Bopfingen Am Stadtgraben
de:08136:4215	Bopfingen B 29
de:08136:4204	Bopfingen Bahnhof
de:08136:4205	Bopfingen Gewerbepark
de:08136:4210	Bopfingen Henkel Dorus
de:08136:4206	Bopfingen Ipfhof
de:08136:4260	Bopfingen Ipfmessplatz
de:08136:4261	Bopfingen Lisztstraße
de:08136:4207	Bopfingen Marktplatz
de:08136:4208	Bopfingen Neresheimer Str.
de:08136:4209	Bopfingen Nördlinger Str.
de:08136:4211	Bopfingen Schillerstraße
de:08136:4212	Bopfingen Schulzentrum
de:08136:4262	Bopfingen Sportplatz
de:08136:4213	Bopfingen Stauferschule
de:08136:4259	Bopfingen Wiesmühlstraße
de:08136:4214	Bopfingen ZOB
de:08136:4202	Bopfingen-Baldern Kirche
de:08136:4203	Bopfingen-Blankenhöfe
de:08136:4218	Bopfingen-Edelmühle
de:08136:4242	Bopfingen-Untere Röhrbachmühle
de:09575:14271	Borbath
de:09571:12532	Borsbach
de:09571:12437	Bortenberg
de:08127:22911	Bossendorf Kreuzung
de:08127:20518	Bossendorf Ort
de:09571:13841	Bottenweiler Mitte
de:09571:11921	Botzenweiler Ort
de:09571:12837	Boxau
de:09572:6871	Boxbrunn (b. Weisendorf)
de:09377:15810	Boxdorf
de:09575:14732	Brachbach
de:09575:14933	Brackenlohr Blauberg
de:09575:14932	Brackenlohr Ort
de:09674:15807	Bramberg
de:09674:7425	Bramberg Abzw.
de:09577:16476	Brand (b. Haundorf)
de:09572:6185	Brand (Eckental) Angersiedl.
de:09572:6184	Brand (Eckental) Krokusweg
de:09572:6181	Brand (Eckental) Raiffeisenb.
de:09572:6182	Brand (Eckental) Rosenstr.
de:09572:6187	Brand (Eckental) Schule
de:09479:10104	Brand, Abzw
de:09377:15578	Brand, Ebnatherstr./Friedhof
de:09479:9535	Brand, Goethestraße
de:09479:10105	Brand, Kösseinebrücke
de:09377:7623	Brand, Ort
de:09479:10106	Brand, Schule
de:09472:23421	Brandholz (b. Goldkronach)
de:09672:27060	Brandmühle
de:08136:1808	Brastelburg
de:08136:1813	Brastelburg Neubau
de:08136:1815	Brastelburg, Ortsmitte
de:09563:2478	Braunsbach
de:09678:27094	Brebersdorf Ortsmitte
de:09678:29268	Breitbach
de:09674:15814	Breitbrunn
de:09674:27875	Breitbrunn Abzw. Hermannsberg
de:09571:11747	Breitenau (b. Feuchtwangen)
de:09575:14731	Breitenau (b. Obernzenn)
de:09474:9135	Breitenbach
de:09574:7606	Breitenbrunn (b. Offenhausen)
de:09373:17361	Breitenbrunn (Lkr. NM) Kirche
de:09373:17363	Breitenbrunn (Lkr. NM) Ort
de:09373:17365	Breitenbrunn (Lkr. NM) Schule
de:09373:17362	Breitenbrunn (Lkr.NM) Brand
de:09373:17364	Breitenbrunn (NM) Ehgärtlstr.
de:09479:15737	Breitenbrunn bei Wunsiedel
de:09176:8288	Breitenfurt
de:09471:21100	Breitengüßbach
de:09471:21104	Breitengüßbach Hauptstr.
de:09471:21102	Breitengüßbach Hauptstraße
de:09471:21105	Breitengüßbach Rewe-Markt
de:09471:21103	Breitengüßbach Schule
de:09471:21107	Breitengüßbach Untere Watt
de:09176:7654	Breitenhill
de:09472:23831	Breitenlesau
de:09779:6736	Breitenlohe
de:09575:14161	Breitenlohe (b. Burghaslach)
de:09576:8393	Breitenlohe (b. Büchenb.)
de:09373:17727	Breitenthal (b. Parsberg)
de:09779:7471	Brenneisenmühle
de:09375:91	Brennthal
de:09376:2758	Brensdorf
de:09373:17613	Brenzenwang
de:08127:20340	Brettheim Arzt
de:08127:20853	Brettheim Kindergarten
de:08127:20334	Brettheim Ortsmitte
de:08127:20348	Brettheim Schule
de:09561:11265	Brodswinden Ab.Winterschneidb.
de:09561:11268	Brodswinden Fa. Bosch
de:09561:11269	Brodswinden Fa. Linde
de:09561:11270	Brodswinden G.-Daimler-Str.
de:09561:11271	Brodswinden Kirche
de:09561:11272	Brodswinden Lebenshilfe
de:09561:11275	Brodswinden Mühlleite
de:09561:11276	Brodswinden Nikolaus-Otto-Str.
de:09561:11278	Brodswinden Rudolf-Diesel-Str.
de:09561:11277	Brodswinden Sportplatz
de:09561:11279	Brodswinden Stadtweg
de:09577:16478	Brombach Ort
de:09472:22658	Bronn Abzw. Am Berg
de:09472:22654	Bronn Abzw. Kühlenfelser Str.
de:09472:22651	Bronn Post
de:09472:22659	Bronn Schwedengasse
de:09472:22653	Bronn Sägewerk
de:09573:5567	Bronnamberg Bussardstr.
de:09573:5568	Bronnamberg Feuerwehrh.
de:09472:22656	Bronner Waldspitze
de:08127:20268	Bronnholzheim Ort
de:09571:12255	Bruck (b. Burk)
de:09562:3550	Bruck Weidenweg
de:09562:3483	Bruck/ER Am Bachgraben
de:09562:3463	Bruck/ER Bachfeldstr.
de:09562:3461	Bruck/ER Bierlachweg
de:09562:3459	Bruck/ER Buckenhofer Weg
de:09562:3467	Bruck/ER Eggenreuther Weg
de:09562:3460	Bruck/ER Eichendorffschule
de:09562:3468	Bruck/ER Felix-Klein-Str.
de:09562:3485	Bruck/ER Fürstenweg
de:09562:3482	Bruck/ER Henri-Dunant-Str.
de:09562:3464	Bruck/ER Kanalstr.
de:09562:3458	Bruck/ER Kirche
de:09562:3456	Bruck/ER Langfeldstr.
de:09562:3466	Bruck/ER Max-Planck-Str.
de:09562:3472	Bruck/ER Roncalli-Stift
de:09562:3465	Bruck/ER Röntgenstr.
de:09562:3457	Bruck/ER Schorlachstr.
de:09562:3462	Bruck/ER Süd
de:09571:13255	Bruckberg Abzw. Steinbach
de:09571:12171	Bruckberg Ortsmitte
de:09571:12173	Bruckberg Sägewerk
de:09375:93	Bruckdorf Forsthaus
de:09375:94	Bruckdorf Wirtshaus
de:09374:16867	Bruckendorfgmünd
de:09575:14228	Bruckenmühle
de:09461:20041	Bruckertshof
de:09376:80050	Brudersdorf
de:09571:11671	Brundorf
de:09375:95	Brunn
de:09575:14284	Brunn (b. Emskirchen) Schule
de:09373:17612	Brunn (b. Lauterhofen)
de:09571:13753	Brunn (b. Windsbach)
de:09575:14285	Brunn (b.Emsk.) An der Insel
de:09471:21348	Brunn (b.Heiligenst.) Mitte
de:09571:12503	Brunn/ Ehingen Ab. Ehrenschwin
de:09576:8365	Brunnau
de:09571:12887	Brunst
de:09575:14426	Bräuersdorf
de:09373:17137	Bräunertshof
de:09474:9689	Bräuningshof Am Fasanenholz
de:09474:9687	Bräuningshof Dorfbrunnenstr.
de:09474:9688	Bräuningshof Igelsdorf.Str.
de:09675:29314	Brück Am Viehgraben
de:09675:25534	Brück Nord
de:09674:7404	Brünn (Ufr.) Ortsmitte
de:09675:27703	Brünnau
de:09472:23076	Brünnberg Ort
de:09779:5350	Brünnsee, B25
de:09678:27102	Brünnstadt Kirchplatz
de:09371:18825	Brünnthal
de:09779:5726	Brünsee, Ort
de:09571:12714	Brünst (b. Herrieden)
de:09571:12828	Brünst (b. Lehrberg)
de:09375:299	Bubach
de:09577:16272	Bubenheim Feuerwehrhaus
de:09577:16271	Bubenheim Schützenhaus
de:09376:1847	Bubenhof
de:09572:6360	Bubenreuth
de:09572:6365	Bubenreuth Bussardstr.
de:09572:6367	Bubenreuth Damaschkestr.
de:09572:6368	Bubenreuth Eichenplatz
de:09572:6369	Bubenreuth Hans-Paulus-Str.
de:09572:6362	Bubenreuth Hauptstr.
de:09572:6361	Bubenreuth Kath. Kirche
de:09572:6371	Bubenreuth Marienplatz
de:09572:6373	Bubenreuth Scherleshofer Str.
de:09572:6364	Bubenreuth, Bruckwiesen
de:09176:8289	Bubenrothermühle
de:09373:17367	Buch (b. Breitenbrunn/NM)
de:09471:21191	Buch (b. Ebrach)
de:09572:6425	Buch (b. Gremsdorf)
de:09373:17831	Buch (b. Postbauer-Heng)
de:08127:20336	Buch (b. Rot am See) Ortsmitte
de:08127:20341	Buch (b. Rot amSee) Aussiedlg
de:09674:27103	Buch (b. Theres)
de:09575:14891	Buch (b. Trautskirchen)
de:09572:6873	Buch (b. Weisendorf)
de:09373:17368	Buch (Breitenbr./NM) Zeltplatz
de:09571:12191	Buch a. Wald Ortsmitte
de:09478:27112	Buch am Forst
de:09477:4093	Buch am Sand
de:09571:12192	Buch am Wald Siedlung
de:09374:81413	Buch b. Altenstadt
de:09374:81414	Buch b. Altenstadt, Brücke
de:09674:75438	Buch Rufbus Start,Theres
de:09176:8626	Buch, Am Stettenberg
de:09176:8263	Buch, Sebastianstraße
de:09472:22660	Buchau Erlbachstr.
de:09472:22661	Buchau Kappelberg
de:09575:14163	Buchbach
de:09373:17812	Buchberg Forststr.
de:09373:17814	Buchberg Waldstr.
de:09675:29326	Buchbrunn Dorfladen,Buchbrunn (Ufr)
de:09675:75214	Buchbrunn-Mainstockheim
de:09779:6544	Buchdorf, Alte B2
de:09779:6584	Buchdorf, Baierfelder Straße
de:09779:6546	Buchdorf, Mack
de:09779:6545	Buchdorf, Mitte
de:09176:8376	Buchenhüll, Abz Buchenhüll
de:09176:7881	Buchenhüll, Haus Nr. 53
de:09176:7882	Buchenhüll, Kirche
de:09375:96	Buchenlohe
de:09473:3452	Buchenrod
de:09473:9192	Buchenrod Aussiedlerhof
de:09572:6831	Buchfeld
de:09479:2383	Buchhaus
de:09373:17570	Buchhausen (b. Hohenfels)
de:09375:595	Buchhausen Ortsmitte
de:09575:14131	Buchheim Dorfstr.
de:09273:260	Buchhofen, Ortsmitte
de:09575:14272	Buchklingen
de:08136:4600	Buchmühle
de:08136:4601	Buchmühle Abzw.
de:09573:5132	Buchschwabach B 14
de:09573:5130	Buchschwabach Mühlbachweg
de:09573:5131	Buchschwabach Siedlung
de:09573:5133	Buchschwabach Sonnenleite
de:09573:5136	Buchschwabach Stuttgarter Str.
de:09478:27329	Buckendorf
de:09572:6399	Buckenhof
de:09572:6391	Buckenhof Am Alten Weiher
de:09572:6392	Buckenhof Am Ruhstein
de:09572:6395	Buckenhof Grasweg
de:09572:6396	Buckenhof Hutweide
de:09572:6397	Buckenhof Kindergarten
de:09572:6398	Buckenhof Obere Büch
de:09572:6393	Buckenhof Zeidelweide
de:09474:9109	Buckenhofen Am Berg
de:09474:9110	Buckenhofen Austr.
de:09474:9117	Buckenhofen Feuerwehrhaus
de:09474:9112	Buckenhofen Friedensstr.
de:09474:9107	Buckenhofen Jägersteig
de:09474:9113	Buckenhofen Lindenweg
de:09474:9115	Buckenhofen Merianstr.
de:09474:9116	Buckenhofen Pautzfelder Str.
de:09474:9114	Buckenhofen St.-Joseph-Str.
de:09474:9111	Buckenhofen Theresienstr.
de:09571:13752	Buckenmühle
de:09474:9136	Buckenreuth
de:08127:30041	Buckenweiler Ort
de:09475:80470	Bug
de:09461:20043	Bug Campingplatz
de:09461:20042	Bug Hauptstr.
de:09461:20044	Bug Mitte
de:09461:20045	Bug Schloßstr.
de:09475:8967	Bug, Abzw
de:09571:12830	Buhlsbach
de:09574:7055	Bullach
de:09575:14466	Bullenheim Rathaus
de:09575:14465	Bullenheim Ruhlsmühle
de:09674:15846	Bundorf Schloss
de:09674:3055	Bundorf Theresienstraße
de:09674:75039	Bundorf, Schloss
de:09575:14789	Burgambach
de:09575:14124	Burgbernh. Friedenseichenplatz
de:09575:14120	Burgbernheim
de:09575:14122	Burgbernheim Rothenburger Str.
de:09575:14130	Burgbernheim-Wildbad
de:09471:20961	Burgebr. Einkaufsmarkt H.
de:09471:20968	Burgebr. Steigerwaldkl. Wende
de:09471:20967	Burgebr. Steigerwk. Staatsstr.
de:09471:20965	Burgebrach Ab. Treppend. Str.
de:09471:20964	Burgebrach Am Sportplatz
de:09471:20963	Burgebrach Ampferbacherstr.
de:09471:20962	Burgebrach Färbergasse
de:09471:20966	Burgebrach Grasmannsdorfer S.
de:09471:20764	Burgellern
de:09563:2657	Burgfarrnb. Geißäckerstr.
de:09563:2675	Burgfarrnb. Siegelsdorfer Str.
de:09563:2655	Burgfarrnb. Sperlingstr.
de:09563:2656	Burgfarrnb. Wickenstr.
de:09563:2671	Burgfarrnbach Gladiolenweg
de:09563:2615	Burgfarrnbach Külsheimstr.
de:09563:2659	Burgfarrnbach Libellenweg
de:09563:2611	Burgfarrnbach Ost
de:09563:2658	Burgfarrnbach Regelsb. Str
de:09563:2670	Burgfarrnbach Tulpenweg
de:09563:2613	Burgfarrnbach Veitsbronner S.
de:09563:2660	Burgfarrnbach West
de:09474:9139	Burggaillenreuth
de:09573:5011	Burggrafenhof
de:09373:17520	Burggriesbach Jettenhofer Str
de:09373:17514	Burggriesbach Kirchplatz
de:09675:29690	Burggrub
de:09471:21322	Burggrub (b. Heiligenstadt)
de:09374:16892	Burggrub b. Kirchenthumbach
de:09377:9935	Burggrub/Krummennaab Abzw
de:09477:15552	Burghaig Weinbrücke
de:09575:14155	Burghaslach Abzw. Kirchrimbach
de:09575:14157	Burghaslach Abzw. Seitenbuch
de:09575:14153	Burghaslach Marktplatz
de:09575:14152	Burghaslach Volksschule
de:09571:13739	Burghausen
de:09478:27500	Burgkunstadt
de:09478:27529	Burgkunstadt Abzw. Bahnhof
de:09478:27523	Burgkunstadt E-Center
de:09478:27524	Burgkunstadt Grundschule
de:09478:27527	Burgkunstadt Schulztr.
de:09478:27525	Burgkunstadt Sparkasse
de:09376:633	Burglengenfeld Abzw. Krankenhaus
de:09376:2000	Burglengenfeld Am Kreuzberg
de:09376:1125	Burglengenfeld Friedhof
de:09376:80013	Burglengenfeld Galgenberg
de:09376:637	Burglengenfeld Realschule
de:09376:80060	Burglengenfeld, Aldi
de:09376:129	Burglengenfeld, Am Hirtberg
de:09376:80084	Burglengenfeld, Am Neubruch/Nordgaustr.
de:09376:216	Burglengenfeld, Angerstraße
de:09376:12663	Burglengenfeld, Augustenhof / GH Frey
de:09376:12664	Burglengenfeld, Augustenstr. / Ecke R. S
de:09376:12666	Burglengenfeld, Augustenstraße / Ecke Go
de:09376:80099	Burglengenfeld, BRK-Seniorenheim
de:09376:80098	Burglengenfeld, Brunnmühlstraße
de:09376:80066	Burglengenfeld, Eichenstr. (ehem. Café Hirmer)
de:09376:12668	Burglengenfeld, Eichenstr./Föhrenweg
de:09376:130	Burglengenfeld, Elektr.-Koller
de:09376:12665	Burglengenfeld, Franz Marc Straße / Spie
de:09376:80067	Burglengenfeld, Franz-Marc-Str./Spielplatz
de:09376:80071	Burglengenfeld, Goethestr. (Elektro Bayerl)
de:09376:128	Burglengenfeld, Gymnasium
de:09376:80070	Burglengenfeld, Holzheimer Str. (Jet-Tankstelle)
de:09376:16692	Burglengenfeld, J. S. Bach Str./Richard
de:09376:80077	Burglengenfeld, J.-M.-Fischer-Str.
de:09376:80078	Burglengenfeld, Joh.-Baptist-Mayer-Str./
de:09376:80073	Burglengenfeld, Jugendzentrum (B15)
de:09376:80064	Burglengenfeld, Kallmünzer Str. (Pfarrheim)
de:09376:208	Burglengenfeld, Kallmünzer Straße, Pfarr
de:09376:80061	Burglengenfeld, Krankenhaus
de:09376:80080	Burglengenfeld, Max-Tretter-Str./Dr.-Sch
de:09376:80545	Burglengenfeld, Maxhütter Str.
de:09376:80083	Burglengenfeld, Meisenweg
de:09376:171	Burglengenfeld, Naabbrücke
de:09376:1844	Burglengenfeld, Naabtalpark
de:09376:12667	Burglengenfeld, Norma
de:09376:12669	Burglengenfeld, Pfälzer Str.
de:09376:80090	Burglengenfeld, Pfälzer Str./Peter-Hubmaier-Str.
de:09376:10027	Burglengenfeld, Postamt
de:09376:1845	Burglengenfeld, Premberger Str.
de:09376:12662	Burglengenfeld, R. Wagner Str./ Ecke Hän
de:09376:132	Burglengenfeld, Rathaus
de:09376:80081	Burglengenfeld, REWE - Markt
de:09376:80097	Burglengenfeld, Richard-Wagner-Str./Händelstr.
de:09376:131	Burglengenfeld, Sparkasse
de:09376:45	Burglengenfeld, TV-Turnhalle
de:09376:172	Burglengenfeld, Wölland
de:09471:20766	Burglesau
de:09779:5361	Burgmannshofen
de:09571:12229	Burgoberbach Hesselmühle
de:09571:12226	Burgoberbach Nord
de:09571:12231	Burgoberbach Ortsmitte
de:09571:12227	Burgoberbach Schule
de:09674:7403	Burgpreppach Ortsmitte/See
de:09674:75083	Burgpreppach, Wassergasse
de:09377:15198	Burgruine Weißenstein,Buchlohhäuser
de:09577:16362	Burgsalach Hauptstr.
de:09577:16361	Burgsalach Mitte
de:09572:6054	Burgstall (b. Herzogenaur.)
de:09571:11672	Burgstall (b.Rothenburg o.d.T)
de:09572:6090	Burgstall (Herzogena.) West
de:09478:27671	Burgstall (Lkr. LIF)
de:09371:18612	Burgstall bei Hirschau
de:08128:12381	Burgstall, Ort
de:09574:7350	Burgthann
de:09574:7342	Burgthann Am Espen
de:09574:7343	Burgthann Espenpark Hörnlein
de:09574:7352	Burgthann Höhenweg
de:09574:7353	Burgthann Kindsbühl
de:09574:7355	Burgthann Rathaus
de:09574:7358	Burgthann Reinholdshöhe
de:09574:7359	Burgthann Schule
de:09574:7354	Burgthann Schwarzachstr.
de:09574:7357	Burgthann TSV Sportgelände
de:09362:230	Burgweinting Höfling
de:09362:14013	Burgweinting Kirche
de:09572:6791	Burgweisach
de:09471:21154	Burgwindh. Abzw. Unterweiler
de:09471:21131	Burgwindheim Ortsmitte
de:09474:9104	Burk (b. FO) Am Schellenberg
de:09474:9101	Burk (b. FO) Frankenau
de:09474:9118	Burk (b.FO) Burker-/Stillstr.
de:09474:9119	Burk (b.FO) Kriegerdenkmal
de:09571:12258	Burk (Lkr. AN) Baumgartenstr.
de:09571:12256	Burk (Lkr. AN) Wiesether Str.
de:09571:12257	Burk (Lkr.AN) Bechhofener Str.
de:09571:12259	Burk(Lk.AN) Pfarrer-Braun-Str.
de:09571:12261	Burk(Lk.AN) Schule
de:09476:16199	Burkersdorf
de:09475:15225	Burkersreuth
de:09373:17323	Burkertshof
de:09374:7648	Burkhardsreuth
de:09478:27464	Burkheim Kirche
de:09472:23221	Busbach
de:09572:6749	Busbhf. Buckenhof/Spardorf
de:09471:21598	Busendorf
de:09573:5134	Buttendorf
de:09573:5141	Buttendorf Süd
de:09471:21160	Buttenheim
de:09471:21166	Buttenheim Ortsmitte
de:09471:21163	Buttenheim Seniorenzentrum
de:09471:21167	Buttenheim Siedlung
de:09373:17224	Butzenberg
de:09176:7597	Buxheim, Dorfplatz
de:09176:8096	Buxheim, Eitensheimer Str.
de:09176:8097	Buxheim, Jurastr.
de:09176:7815	Buxheim, Schule
de:09176:8098	Buxheim, Tauberfelder Straße
de:09176:8100	Buxheim, Wolkertshofener Str.
de:09373:17413	Bäckermühle
de:09475:80472	Bärlas
de:09474:9726	Bärnfels Abzw. Galgenberg
de:09474:9729	Bärnfels Schulberg
de:09474:9727	Bärnfels Schule
de:09574:7554	Bärnhof (b. Neuhaus/Pegn.)
de:09574:7559	Bärnhof/Neuh. a.d.P. Gaisberg
de:09377:15809	Bärnhöhe
de:09472:23566	Bärnreuth (b. Hummeltal)
de:09375:209	Bärnthal
de:09374:16861	Bärnwinkel
de:09571:12713	Böckau
de:09371:18463	Böcklmühle
de:09571:11752	Böhlhof
de:09176:7982	Böhmfeld, Feuerwehrhaus
de:09176:7816	Böhmfeld, Schule
de:09176:8711	Böhmfeld, Sparkasse
de:09176:8712	Böhmfeld, Sportplatz
de:09176:8073	Böhming, Schule
de:09571:12659	Böllingsdorf
de:09376:10171	Bömmerlschlag
de:09577:16744	Böschleinsmühle
de:09572:6136	Bösenbechhofen
de:09474:9346	Bösenbirkig Mitte
de:09472:23325	Böseneck
de:09571:13849	Bösennördlingen
de:09571:12889	Büchelberg (b. Leutershausen)
de:09371:19023	Büchelberg (b. Neukirchen)
de:09577:15637	Büchelberg (b.Gunz.) Feierabendheim
de:09577:16153	Büchelberg (Gunzenh.) FFW
de:09471:20981	Büchelberg b. Burgebrach
de:09577:16154	Büchelberg/Gun. Durchgangsstr.
de:09376:80055	Büchelkühn, Am Lenzgraben
de:09376:80056	Büchelkühn, Feuerwehrhaus
de:09576:8408	Büchenb./RH Nemetkerstr.
de:09576:8402	Büchenb./RH Obere Bahnhofstr.
de:09576:8395	Büchenb./RH Oberer Stockweg
de:09576:8397	Büchenb./RH Unterer Stockweg
de:09576:8400	Büchenbach
de:09472:22716	Büchenbach (b. Pegnitz)
de:09562:3784	Büchenbach /ER Westerwaldweg
de:09562:3761	Büchenbach Nord
de:09562:3760	Büchenbach/ER Aschaffenb. Str.
de:09562:3762	Büchenbach/ER Bamberger Str.
de:09562:3765	Büchenbach/ER Diakon. Zentrum
de:09562:3779	Büchenbach/ER Donato-Polli-Str
de:09562:3793	Büchenbach/ER Forchheimer Str.
de:09562:3764	Büchenbach/ER Frankenwaldallee
de:09562:3780	Büchenbach/ER H.-Kirchner-Str.
de:09562:3792	Büchenbach/ER Jakob-Nein-Str.
de:09562:3781	Büchenbach/ER Joseph-Will-Str.
de:09562:3785	Büchenbach/ER Lindnerstraße
de:09562:3769	Büchenbach/ER Markt
de:09562:3782	Büchenbach/ER Neuweiher
de:09562:3758	Büchenbach/ER Odenwaldallee
de:09562:3768	Büchenbach/ER Schule
de:09562:3763	Büchenbach/ER Steigerwaldallee
de:09562:3770	Büchenbach/ER Straßberg
de:09562:3757	Büchenbach/ER Würzburger Ring
de:09562:3791	Büchenbach/ER Zambellistr.
de:09576:8401	Büchenbach/RH Breitenloher S.
de:09576:8396	Büchenbach/RH Ev. Kirche
de:09576:8399	Büchenbach/RH Industriestr.
de:09576:8405	Büchenbach/RH Rathaus
de:09576:8407	Büchenbach/RH Schule
de:09576:8404	Büchenbach/RH Sparkasse
de:09473:5954	Büdenhof
de:09375:1020	Bügerl
de:09375:535	Bügerlleithen
de:09674:75061	Bühl (Ufr)
de:09779:6509	Bühl i.Ries
de:09779:6648	Bühlingen, Ort
de:09176:8338	Bürg, Brücke
de:09371:19324	Bürgerwald Ort
de:09371:80824	Bürgerwald Vilsbrücke
de:09571:12662	Bürglein
de:09577:16581	Büttelbronn
de:09573:5100	Cadolzburg
de:09573:5114	Cadolzburg Am Seukenbach
de:09573:5104	Cadolzburg Aussichtsturm
de:09573:5103	Cadolzburg Bauhofstr.
de:09573:5106	Cadolzburg Brandstätterstr.
de:09573:5119	Cadolzburg Burg
de:09573:5105	Cadolzburg Dillenberg-Schule
de:09573:5110	Cadolzburg Eichengarten
de:09573:5116	Cadolzburg Eichenstr.
de:09573:5109	Cadolzburg Gewerbestr.
de:09573:5108	Cadolzburg Rathausplatz
de:09573:5115	Cadolzburg Roßendorfer Str.
de:09573:5111	Cadolzburg Schafhofstr.
de:09573:5107	Cadolzburg Schule
de:09573:5112	Cadolzburg Schwadermühlstr.
de:09573:5101	Cadolzburg Sparkasse
de:09573:5113	Cadolzburg Sudetenstr.
de:09571:13741	Cadolzhofen
de:09375:98	Carolinenhütte
de:09675:29378	Castell, Greuther Straße
de:09571:13479	Chausseehaus (b. Steinsfeld)
de:09472:23079	Christanz
de:09779:6798	Christgarten
de:09561:11283	Claffheim Hauptstr.
de:09561:11281	Claffheim Milchhaus
de:09573:5135	Clarsbach
de:09571:12888	Clonsbach
de:09571:12271	Colmberg Rathaus
de:09462:22511	Colmdorf
de:09477:6846	Cottenau
de:09472:23493	Cottenbach
de:08127:20212	Cr. Bahnhofstr/Bayerischer Hof
de:08127:30430	Cr. Goldb. Str./Heinkel-Str
de:08127:20259	Cr. Pamiersr/Wilh.-Volz-Str.
de:08127:20235	Cr. Pamiersring/Hammersbachweg
de:08127:20218	Cr. Pamiersring/Porschestraße
de:08127:20251	Cr. Schönebürgstr./Stadion
de:08127:21215	Cr. Schönebürgstraße/Jahnhalle
de:08127:25063	Cr. Worthingtonstr/Cinecity
de:08127:25079	Cr. Worthingtonstraße/ZOB
de:08127:22515	Crailsh. Ind.-Geb.Wittauer Str
de:08127:22520	Crailsheim Alexandersreut
de:08127:21001	Crailsheim Bahnhof
de:08127:20217	Crailsheim Berliner Platz
de:08127:20700	Crailsheim Beuerlbacher Straße
de:08127:22510	Crailsheim Dr.Bareilles-Straße
de:08127:20220	Crailsheim Ellwanger Straße
de:08127:25086	Crailsheim Fa. Bosch
de:08127:20813	Crailsheim Friedhof
de:08127:21003	Crailsheim Goldbacher Straße
de:08127:32508	Crailsheim GolderbacherStr/LSS
de:08127:20260	Crailsheim Hallenbad
de:08127:25095	Crailsheim Hofäckerstraße
de:08127:20221	Crailsheim Ingersheim Am Welschen Brunnen
de:08127:20216	Crailsheim Ingersheim Bildstr.
de:08127:20222	Crailsheim Ingersheim Kirche
de:08127:20223	Crailsheim Ingersheim Schule
de:08127:20236	Crailsheim Karlstraße
de:08127:20253	Crailsheim Klinikum
de:08127:20249	Crailsheim Leonh.-Sachs-Schule
de:08127:22528	Crailsheim Lohr
de:08127:22531	Crailsheim Mittelmühle
de:08127:22529	Crailsheim Oßhalden
de:08127:25094	Crailsheim P1/Apfelbaum
de:08127:20224	Crailsheim Rathaus
de:08127:20219	Crailsheim Schulzentrum
de:08127:21214	Crailsheim Schönebürgstr./LSS
de:08127:33135	Crailsheim Schönebürgstraße
de:08127:21213	Crailsheim Stadthotel/Türkei
de:08127:25096	Crailsheim Sulzbrunnenstr./Ost
de:08127:27930	Crailsheim Sulzbrunnenstr./West
de:08127:25334	Crailsheim Wegses Abzweig
de:08127:20234	Crailsheim Wilhelmstraße
de:08127:20209	Crailsheim ZOB
de:08127:20257	Crailshm Untere Gasse/Gängele
de:09472:23795	Craimoos
de:09472:23569	Creez
de:09472:23000	Creußen (Oberfr)
de:09472:23981	Creußen Abzw. Sonnenweg
de:09472:22991	Creußen Rathaus
de:09472:22996	Creußen Theodor-Künneth-Str.
de:09472:22998	Creußen Zimmerplatz
de:09577:16159	Cronheim Alte Ortsstr.
de:09577:16156	Cronheim Kirche
de:09577:15626	Cronheim Kriegerdenkmal
de:09577:15625	Cronheim Schloss
de:09575:14935	Custenlohr
de:09376:186	Dachelhofen, Abzw
de:09376:80105	Dachelhofen, Arnoldstraße/BBZ
de:09376:80104	Dachelhofen, Gewerbegebiet/BBZ
de:09376:80106	Dachelhofen, Schule/Hallenbad
de:09575:14182	Dachsbach Erlanger Str.
de:09575:14181	Dachsbach Marktplatz
de:09474:9593	Dachstadt Bamberger Str.
de:09474:9594	Dachstadt Mitte
de:09779:6556	Daiting, Gemeindehaus
de:09779:6557	Daiting, Natterholzer Straße
de:08136:5205	Dalkingen Aalener Str.
de:09375:99	Dallackenried
de:09571:12504	Dambach (b. Ehingen)
de:09563:2688	Dambach / FÜ Coubertinstr.
de:09563:2353	Dambach/FÜ Erlöserkirche
de:09563:2669	Dambach/FÜ Eschenau
de:09563:2668	Dambach/FÜ Forsthausbrücke
de:09563:2354	Dambach/FÜ Fuchsstr.
de:09563:2355	Dambach/FÜ Händelstr.
de:09563:2352	Dambach/FÜ Vestner Weg
de:09563:2315	Dambach/Fü Zirndorfer Br.
de:09376:80107	Damelsdorf
de:09374:7231	Dammelsdorf
de:09674:7416	Dampfach Kirche
de:09674:75072	Dampfach, Siedlung
de:09479:9336	Dangesbühl
de:09674:25716	Dankenfeld Am Friedhof
de:09674:27114	Dankenfeld Von-Ostheim-Str.
de:08136:4629	Dankoltsweiler Sägmühle
de:09373:17888	Danlohe
de:09572:6532	Dannberg
de:09477:16188	Danndorf Anwesen Hiesch
de:09477:16189	Danndorf Ortsmitte
de:09577:16353	Dannhausen
de:09373:17948	Dantersdorf
de:09371:19254	Darsberg
de:09373:17729	Darshofen
de:09471:21038	Daschendorf
de:09376:80108	Dauching
de:09561:11288	Dautenwinden Mitte
de:09561:11289	Dautenwinden Weiher
de:09373:17925	Daßwang Breitenbrunner Str.
de:09373:17924	Daßwang Kirche
de:09373:17926	Daßwang Post
de:09573:5073	Deberndorf Hauptstr.
de:09573:5074	Deberndorf Siedlung
de:09471:21667	Debersdorf
de:09471:21783	Debring Mitte
de:09471:21782	Debring Schulbushaltestelle
de:09377:2277	Dechantsees
de:09362:14002	Dechbetten
de:09572:6679	Decheldorf
de:09576:8715	Dechendorf
de:09562:3750	Dechsendorf Grünauweg
de:09562:3752	Dechsendorf Loheweg
de:09562:3751	Dechsendorf Naturbadstr.
de:09562:3753	Dechsendorf Weiher
de:09562:3754	Dechsendorf Weisendorfer Str.
de:09574:7408	Deckersberg
de:09573:5137	Defersdorf B 14
de:09573:5138	Defersdorf Funkstelle
de:09573:5139	Defersdorf Ort
de:09571:13676	Deffersdorf
de:09371:18132	Degelsdorf Abzw. Siedlung
de:09371:18131	Degelsdorf Mitte
de:09478:27106	Degendorf
de:09373:17678	Degerndorf Am Zieglerberg
de:09373:17667	Degerndorf Brücke
de:09577:16521	Degersheim
de:08136:4900	Dehlingen Abzw.
de:08136:4901	Dehlingen Feuerwehr
de:09574:7056	Dehnberg Hauptstr.
de:09574:7058	Dehnberg Kirche
de:09574:7144	Dehnberg Theaterparkplatz
de:09373:17406	Deining (Lkr. NM) Ob. Haupstr.
de:09373:17400	Deining (Oberpf)
de:09373:17404	Deining Bischof-Gundekar-S.
de:09373:17408	Deining Magister-Dorn-Str.
de:09373:17401	Deining Mitte
de:09373:17407	Deining Pfarrer-Breindl-Str.
de:09373:17402	Deining Quartier am Schloß
de:09373:17405	Deining Unterbuchfelder Str.
de:09373:17403	Deining Velburger Str.
de:09779:6768	Deiningen, Alerheimer Str.
de:09779:6804	Deiningen, Hauptstr.
de:09373:17616	Deinschwang Ortsmitte
de:09371:18826	Deinshof
de:09376:2755	Deiselkühn, Dorfhäuschen
de:09471:21784	Dellerhof
de:09471:21785	Dellern
de:09575:14921	Demantsfürth
de:09371:19211	Demenricht
de:09176:8401	Demling, Hauptstraße
de:09176:8548	Demling, Tulpenweg
de:09471:20767	Demmelsdorf
de:09176:8261	Denkendorf, Abz Dörndorf
de:09176:8248	Denkendorf, Abz Schönbrunn
de:09176:7765	Denkendorf, Dinopark
de:09176:8249	Denkendorf, Hauptstraße
de:09176:8250	Denkendorf, Meierhofstraße
de:09374:15921	Denkenreuth
de:09373:17862	Dennenlohe (b. Pyrbaum)
de:09571:13506	Dennenlohe (b.Unterschwaning.)
de:09472:23599	Dennhof
de:09571:12300	Dentlein a. F. Eichelberg
de:09571:12303	Dentlein a. F. Kriegerdenkmal
de:09571:12308	Dentlein a. F. Schule
de:09571:12302	Dentlein a. F. Wiesengrund
de:09571:12301	Dentlein am Forst Siedlung
de:09176:8792	Desching, Ort
de:09176:8820	Desching, Raffinerietor
de:09176:8793	Desching, Siedlung
de:09462:22317	Destuben Destubener Str.
de:09462:22314	Destuben Ort
de:09462:22315	Destuben Siedlung
de:09462:22319	Destuben Thiergärtner Str.
de:09675:29317	Dettelbach Altes Amtsgericht
de:09675:29318	Dettelbach Altstadt Süd
de:09675:29316	Dettelbach Am Bach
de:09675:29290	Dettelbach Bahnhof
de:09675:29292	Dettelbach Edelmannsweg
de:09675:29659	Dettelbach Fulguritwerk
de:09675:3127	Dettelbach Kieselsmühle
de:09675:29981	Dettelbach Mainfrankenpark Nord
de:09675:29064	Dettelbach Realschule
de:09675:8014	Dettelbach Sandweg
de:09675:8016	Dettelbach Sonnenstraße
de:09675:75262	Dettelbach Sportplatz
de:09675:29291	Dettelbach Südring
de:09675:29063	Dettelbach Verbandschule
de:09675:29315	Dettelbach Würzburger Straße
de:09575:14227	Dettendorf (b. Diespeck)
de:09577:16063	Dettenheim B2
de:09577:16065	Dettenheim Schule
de:09375:21005	Dettenhofen
de:09373:17670	Dettenhofen Ort
de:09371:18829	Dettnach
de:09571:11674	Detwang
de:09375:107	Deuerling
de:09375:105	Deuerling Abzw. Undorf
de:09375:1726	Deuerling Bachleiten
de:09375:246	Deuerling Pfarrhof
de:09375:642	Deuerling, Am Bahnhof
de:09471:21404	Deusdorf
de:09373:17964	Deusmauer
de:09575:14865	Deutenheim
de:09376:80113	Dexhof,Armensee
de:09561:11292	Deßmannsdorf
de:09575:14031	Diebach (b. Neustadt A)
de:09571:12350	Diebach (Lkr. AN) Bahnhof
de:09571:12344	Diebach (Lkr. AN) Fa. Rummel
de:09571:12341	Diebach (Lkr. AN) Kirche
de:09571:12345	Diebach (Lkr. AN) Siedlung
de:09371:18305	Diebis
de:09376:7382	Diebrunn
de:09571:13071	Diederstetten
de:09574:7517	Diepersdorf Bergstr.
de:09574:7514	Diepersdorf Falterstr.
de:09574:7513	Diepersdorf Gewerbegebiet
de:09574:7512	Diepersdorf Laufer Str.
de:09574:7511	Diepersdorf Ortsmitte
de:09574:7911	Diepoltsdorf
de:09376:80114	Diepoltshof
de:09571:12234	Dierersdorf
de:09375:974	Diesenbach Abzw. Edlhausen
de:09375:971	Diesenbach Am Wasserwerk
de:09375:972	Diesenbach Birkenweg
de:09375:108	Diesenbach Buchenloher Str.
de:09375:973	Diesenbach Regendorfer Straße
de:09375:1008	Diesenbach Sandstraße
de:09375:970	Diesenbach Schule
de:09375:109	Diesenbach Siedlung
de:09575:14224	Diespeck Am Sachsenbach
de:09575:14221	Diespeck Rathaus
de:09575:14222	Diespeck Stübacher Str.
de:09471:20973	Dietendorf
de:09571:12403	Dietenh. Nürnb./A.-Dürer-Str.
de:09571:12409	Dietenhofen Abzw. Leonrod
de:09571:12406	Dietenhofen Ansbacher Str.
de:09571:12407	Dietenhofen Fa. Brandst.
de:09571:12401	Dietenhofen Rathaus
de:09571:12408	Dietenhofen Schule
de:09571:12402	Dietenhofen Sparkasse
de:09273:11355	Dietenhofen, Abzw.
de:09371:18763	Dietersberg (b. Illschwang)
de:09373:17234	Dietersberg bei Berching
de:09572:6793	Dietersdorf (b.Vestenbergsgr.)
de:09565:4252	Dietersdorf FW-Haus
de:09565:4253	Dietersdorf Heroldsberg
de:09473:15296	Dietersdorf Kirche
de:09565:4249	Dietersdorf Siedlung Föhrle
de:09473:15295	Dietersdorf Trafo-Haus
de:09565:4248	Dietersdorf Vorderer Rotenberg
de:09575:14250	Dietersheim
de:09575:14252	Dietersheim B 470
de:09574:7486	Dietershofen Ort
de:09574:7479	Dietershofen Staatstr.
de:09577:16265	Dietfurt (b.Treuchtl.) Schule
de:09373:17445	Dietfurt a.d.Altm. Bahnhofstr.
de:09373:17449	Dietfurt a.d.Altm. Friedhof
de:09373:17442	Dietfurt a.d.Altm. FWH
de:09373:17441	Dietfurt a.d.Altm. Rathaus
de:09373:17443	Dietfurt a.d.Altm. Weiherstr.
de:09373:17450	Dietfurt a.d.Altm. Ödhof
de:09577:16263	Dietfurt/b.Treuchtl. Oberdorf
de:09577:16264	Dietfurt/b.Treuchtl. Unterdorf
de:09373:17889	Dietkirchen
de:09376:80119	Dietldorf (bei Hofmeister)
de:09376:80117	Dietldorf, Siedlung
de:09474:9707	Dietzhof Mitte
de:09374:16871	Dießfurt
de:09373:17833	Dillberg
de:09675:25735	Dimbach Ortsmitte
de:09375:110	Dinau
de:09678:75027	Dingolshausen
de:09571:11898	Dinkelsb. Wassertrüdinger Str.
de:09571:11851	Dinkelsbühl Altrathausplatz
de:09571:11852	Dinkelsbühl Am Anger
de:09571:11893	Dinkelsbühl Am Stauferwall
de:09571:11904	Dinkelsbühl Am Weißen Kreuz
de:09571:12000	Dinkelsbühl Bahnhof
de:09571:11883	Dinkelsbühl Bechhofener Str.
de:09571:11860	Dinkelsbühl Berufsschule
de:09571:11854	Dinkelsbühl Breslauer Str.
de:09571:11856	Dinkelsbühl Edenkobener Str.
de:09571:11861	Dinkelsbühl Gademannstr.
de:09571:11862	Dinkelsbühl Gaisfeldweg
de:09571:11864	Dinkelsbühl Gymnasium
de:09571:11895	Dinkelsbühl Josef-Greiner-Str.
de:09571:11874	Dinkelsbühl Karlsbader Str.
de:09571:11858	Dinkelsbühl Kienhainweg
de:09571:11868	Dinkelsbühl Krankenhaus
de:09571:11870	Dinkelsbühl Kreuzweide
de:09571:11877	Dinkelsbühl Königsberger Str.
de:09571:11875	Dinkelsbühl Larrieder Str.
de:09571:11873	Dinkelsbühl Mönchsrother Str.
de:09571:11881	Dinkelsbühl R.-Schmidt-Str.
de:09571:11887	Dinkelsbühl Schießwasen
de:09571:11888	Dinkelsbühl Schranne
de:09571:11889	Dinkelsbühl Siebenbürgenstr.
de:09571:11892	Dinkelsbühl Sonnenstr.
de:09571:11853	Dinkelsbühl St. Paulskirche
de:09571:11894	Dinkelsbühl Stephanus Altenh.
de:09571:11897	Dinkelsbühl Von-Raumer-Str.
de:09571:11902	Dinkelsbühl Wiesenweg
de:09571:11903	Dinkelsbühl Wörter Str.
de:09571:11905	Dinkelsbühl ZOB(Schwedenwiese)
de:09679:3422	Dipbach Ort
de:09471:20975	Dippach
de:09674:27118	Dippach Zehntstraße
de:09373:17338	Dippenricht
de:09373:17617	Dippersricht Ort
de:09573:5384	Dippoldsberg
de:08136:4701	Dirgenheim Kreuz
de:08136:4702	Dirgenheim Ort
de:09376:1846	Dirnau
de:09373:17949	Distlhof
de:09678:7397	Dittelbrunn Am Berg
de:09678:5843	Dittelbrunn Am Marienbach 3
de:09678:27119	Dittelbrunn Gartenweg
de:09678:5844	Dittelbrunn Goethestraße
de:09678:27727	Dittelbrunn Schule
de:09678:75384	Dittelbrunn, Arche
de:09678:75386	Dittelbrunn, Buchenstraße
de:09678:75218	Dittelbrunn, Eibenstraße
de:09678:75388	Dittelbrunn, Kiefernweg
de:09678:75385	Dittelbrunn, Landhaus Greifelt
de:09678:75387	Dittelbrunn, Lindenstraße
de:09577:16375	Dittenheim Am Hilpert
de:09577:16377	Dittenheim Mitte
de:09577:16379	Dittenheim Schule
de:09478:27593	Dittersbrunn
de:09674:7428	Ditterswind Kirche
de:09576:8876	Dixenhausen
de:09474:9779	Dobenreuth
de:09374:7635	Dobertshof
de:09371:18263	Dollmannsberg
de:09176:8290	Dollnstein
de:09176:8292	Dollnstein, Neue Schule
de:09176:8284	Dollnstein, Postamt
de:09176:8291	Dollnstein, Rathaus
de:09176:8293	Dollnstein, Wellheimer Str.
de:09561:11296	Dombach i. Loch
de:09571:12430	Dombühl
de:09571:12435	Dombühl Frankenstr.
de:09571:12441	Dombühl Johannes-Böhm-Str.
de:09571:12431	Dombühl Lindenstr.
de:09571:12434	Dombühl Schule
de:09362:10296	Donau-Arena/Parkplatz
de:09572:6059	Dondörflein
de:09572:6057	Dondörflein ERH -13-
de:09472:23224	Donndorf Gasthaus Stamm
de:09472:23228	Donndorf Hotel Fantaisie
de:09678:75100	Donnersdorf (Ufr), Kirche
de:09477:4079	Donnersreuth
de:09472:23824	Doos  (b. Waischenfeld)
de:08136:4216	Dorfen
de:08136:4217	Dorfen Abzw.
de:09374:7528	Dorfgmünd
de:09571:11753	Dorfgütingen
de:09571:12788	Dorfkemmathen
de:08136:4940	Dorfmerkingen Felsenstraße
de:08136:4903	Dorfmerkingen Schule
de:08136:4902	Dorfmerkingen VR-Bank
de:09471:21039	Dorgendorf
de:09474:9221	Dormitz Erleinhofer Str.
de:09474:9223	Dormitz Raiffeisenstr.
de:09474:9225	Dormitz Schule
de:09375:996	Dornau
de:09561:11298	Dornberg (b. Ansbach)
de:09571:11754	Dornberg (b. Feuchtwangen)
de:09371:18389	Dornberg, Dornberg
de:09571:12616	Dornhausen (b. Geslau)
de:09577:16884	Dornhausen (b.Theilenh) Kirche
de:09577:16883	Dornhausen/Theilenh Sonnenstr.
de:09675:29342	Dornheim Schulbus Hst.
de:09779:6757	Dornstadt, Dorfstraße
de:09779:6758	Dornstadt, Hirschbrunnerstr.
de:09577:16753	Dorsbrunn Gasth. Zum Kreuz
de:09577:16754	Dorsbrunn Ortsmitte
de:09471:20772	Doschendorf
de:08136:4904	Dossingen
de:08136:4905	Dossingen Abzw.
de:09575:14240	Dottenheim
de:09575:14242	Dottenheim Ort
de:09371:18828	Drahberg
de:09478:27597	Draisdorf
de:09474:9907	Draisendorf
de:09377:15569	Dreihäuser
de:09477:4092	Dreschen
de:09475:15224	Dreschersreuth
de:09472:23431	Dressendorf
de:09471:21171	Dreuschendorf
de:09471:20829	Drosend.(Memlsd.) Baumfeldstr.
de:09474:9269	Drosendorf (Eggolsh) Kirche
de:09471:20833	Drosendorf (Memlsd.) Staatstr.
de:09471:20848	Drosendorf (Memmelsd.) Schule
de:09471:20845	Drosendorf (Memmelsdorf) Mitte
de:09472:23533	Drosendorf a.d. Aufseß
de:09362:14019	Droste-Hülshoff-Weg
de:09674:25796	Droßmühle
de:09474:9271	Drügendorf Abzw. Sportplatz
de:09474:9273	Drügendorf Ortsmitte
de:09375:21006	Duggendorf
de:09176:8066	Dunsdorf
de:09572:6794	Dutendorf
de:09377:7616	Döberein
de:09577:16829	Döckingen Mitte
de:09577:16828	Döckingen Oettinger Str.
de:09577:16827	Döckingen Schule
de:09472:22720	Döhlau
de:09472:22725	Döhlau Ort
de:09477:4087	Döllnitz
de:09376:80120	Döllnitz b. Pfreimd, Abzw.
de:09376:12237	Döllnitz b. Pfreimd, Waaghäuschen
de:09374:16873	Döllnitz b. Pressath
de:09376:15613	Döllnitzmühle, Högerlhof
de:09373:17415	Döllwang Kirche
de:09374:15914	Döltsch
de:09374:9941	Döltsch, B22
de:09572:6301	Dörflas
de:09571:13171	Dörflein
de:09471:20872	Dörfleins Brunnenstr.
de:09471:20871	Dörfleins Mitte
de:09471:20873	Dörfleins Obere Hut
de:09471:20874	Dörfleins Unterer Kapellberg
de:09474:9732	Dörfles Ort
de:09674:25901	Dörflis
de:09478:27595	Döringstadt
de:09574:7341	Dörlbach
de:09176:8254	Dörndorf, Abz Zandt
de:09176:8255	Dörndorf, Kirchstraße
de:09462:22321	Dörnhof/BT
de:09462:22323	Dörnhof/BT Sportplatz
de:09471:20774	Dörrnwasserlos
de:09371:19213	Döswitz Hauptstr.
de:09371:19212	Döswitz Kartoffelbrennerei
de:09371:19230	Döswitz Ort
de:09176:8831	Dötting, Scheune
de:09571:13819	Dühren Ort
de:09675:3388	Düllstadt B 22
de:09675:2983	Düllstadt Kirche
de:09479:9668	Dünkelhammer
de:09186:8417	Dünzing, Abzw.
de:09186:8881	Dünzing, Am Weiher
de:09186:8888	Dünzing, Ortsmitte
de:09273:2414	Dünzling, Gattersbergerstr.
de:09273:779	Dünzling, Paringer Str.
de:09373:17369	Dürn (b. Breitenbrunn/NM)
de:09374:7524	Dürnast, Kaltenbrunner Str
de:09273:746	Dürnhart, Abzw Höhenwang
de:09273:2472	Dürnhart, Ortsmitte
de:09371:19417	Dürnsricht (b. Hahnbach)
de:09371:19414	Dürnsricht (b.Hahnbach) B14
de:09376:8484	Dürnsricht, Sparkasse
de:09376:3282	Dürnsricht, Sportplatz
de:09375:834	Dürnstetten
de:09474:9848	Dürrbrunn
de:09576:8309	Dürrenmungenau Milchhaus
de:09576:8312	Dürrenmungenau Schmiedsgasse
de:09674:15316	Dürrenried
de:09779:6747	Dürrenzimmern, Ort
de:09678:75033	Dürrfeld (Ufr)
de:09471:20974	Dürrhof
de:09575:14274	Dürrnbuch (b. Emskirchen)
de:09675:1082	Dürrnbuch Alte Schmiede
de:09675:6094	Dürrnbuch Aussiedlerhof
de:09573:5387	Dürrnfarrnbach
de:09571:13012	Dürrnhof
de:09674:75028	Dürrnhof (Kr HAS)
de:09571:12457	Dürrwangen Am alten Friedhof
de:09571:12451	Dürrwangen Klosterweg
de:09571:12452	Dürrwangen Mühlgasse
de:09571:12450	Dürrwangen Pumpwerk
de:09571:12455	Dürrwangen Schopflocher Str.
de:09571:12453	Dürrwangen Schule
de:09472:23496	Dürrwiesen
de:09574:7964	Düsselbach
de:09678:75411	Düttingsfeld
de:09572:6194	Ebach
de:09674:27127	Ebelsbach Kirche
de:09674:27126	Ebelsbach Kugelfischer
de:09674:27690	Ebelsbach Schule
de:09674:5547	Ebelsbach, Stettfelder Straße
de:09674:27615	Ebelsbach-Eltmann
de:09478:27543	Eben b. Burgkunstadt
de:09672:75198	Ebenhausen (Unterfr)
de:09672:62742	Ebenhausen Schulbushst.
de:09371:18614	Ebenhof
de:09576:8367	Ebenried (Allersberg) Kirche
de:09576:8366	Ebenried (b.Allersb) Ortsmitte
de:09478:27600	Ebensfeld
de:09478:27649	Ebensfeld Daum
de:09478:27607	Ebensfeld Hadergasse
de:09478:27606	Ebensfeld Hauptstr.
de:09478:27609	Ebensfeld Hetzel
de:09478:27601	Ebensfeld Ortsmitte
de:09478:27605	Ebensfeld Rathaus
de:09471:21195	Eberau
de:09371:18335	Eberhardsbühl
de:09371:18295	Ebermannsdorf Dientzenhoferst.
de:09371:18294	Ebermannsdorf Gartenstraße
de:09371:18291	Ebermannsdorf Hubertusstr.
de:09474:9125	Ebermannst. Schulzentr.
de:09474:9120	Ebermannstadt
de:09474:9133	Ebermannstadt Abzw. Eschlipp
de:09474:9124	Ebermannstadt Abzw. Krankenh.
de:09474:9128	Ebermannstadt Breitenb. Str.
de:09474:9129	Ebermannstadt Diesbrunnenstr.
de:09474:9123	Ebermannstadt Kirchenplatz
de:09474:9126	Ebermannstadt Volksschule
de:09779:7001	Ebermergen
de:09779:5353	Ebermergen, B25
de:09779:6447	Ebermergen, Ortsmitte
de:09674:75025	Ebern
de:09674:14921	Ebern ehem. Kaserne
de:09674:15240	Ebern FTE-Parkplatz
de:09674:75024	Ebern Parkplatz Mittelschule
de:09674:75238	Ebern, Bahnhofsstraße
de:09674:2993	Ebern, Grund-/Realschule
de:09674:15237	Ebern, Gymnasium (Parkplatz)
de:09674:75255	Ebern, Marktplatz
de:09674:75723	Ebern, Realschule Parkplatz
de:09674:15803	Ebern-Sandhof
de:09576:8313	Ebersbach (b. Abenberg)
de:09474:9184	Ebersbach (b. Neunk. a. Br.)
de:09575:14987	Ebersbach (b. Wilhelmsdorf)
de:09371:19330	Ebersbach (bei Vilseck) Ort
de:09371:19326	Ebersbach/Vilseck Finkenmühle
de:09675:25337	Ebersbrunn
de:09571:12365	Ebersdorf
de:09473:15065	Ebersdorf (b. Co.) Heimatring
de:09473:15063	Ebersdorf (b. Co.) Kirche
de:09473:8838	Ebersdorf (b.Co.) Schwimmbad
de:09176:7675	Eberswang
de:09678:75441	Ebertshausen Rufbus Start,Üchtelhausen
de:09678:27130	Ebertshausen Waage
de:09571:13854	Ebertsmühle
de:09571:13404	Ebethof
de:09471:21600	Ebing
de:09471:21602	Ebing Mitte
de:09471:21605	Ebing Raiffeisenbank
de:09471:21603	Ebing Schule
de:08136:1301	Ebnat Auffahrtsbühl
de:08136:1304	Ebnat Beck + Schubert
de:08136:1302	Ebnat Bäckerei Metzger
de:08136:1303	Ebnat Bären
de:08136:1313	Ebnat Dillinger Straße
de:08136:1315	Ebnat Grundschule
de:08136:1305	Ebnat Jurastraße
de:08136:1306	Ebnat Kirche
de:08136:1307	Ebnat Lamm
de:08136:1308	Ebnat Maria Eich
de:08136:1300	Ebnat Oberkochener Str.
de:08136:1310	Ebnat Ringstraße
de:08136:1314	Ebnat Thurn- und Taxisstr.
de:08136:1311	Ebnat Thurn-u.Taxis-Straße
de:08136:1312	Ebnat Unterkochener Str/Ebnater Hauptstr.
de:09377:9322	Ebnath, Ort
de:09377:9321	Ebnath, Schwarzenreuther Str.
de:09377:15808	Ebnath, Süden
de:09478:27545	Ebneth
de:09471:21204	Ebrach Bamberger Tor
de:09471:21202	Ebrach Lagerhausstr
de:09471:21201	Ebrach Marktplatz
de:09471:21207	Ebrach Realschule
de:09471:21199	Ebrach Waldrandparkpl. Radst.
de:09176:8060	Echenzell
de:08136:5525	Eck am Berg Bergstraße
de:08136:5524	Eck am Berg Steigäcker Straße
de:09273:899	Eck, Abzw
de:09674:15798	Eckartshausen
de:09678:29126	Eckartshausen Feuerwehr
de:09571:12576	Eckartshof
de:09472:23595	Eckartsreuth (b. Kirchenping.)
de:09571:12891	Eckartsweiler
de:09371:18241	Eckeltshof
de:09575:14287	Eckenberg
de:09572:6226	Eckenhaid Eisenstr. Ost
de:09572:6228	Eckenhaid Eisenstr. West
de:09572:6223	Eckenhaid Haidbuckel
de:09572:6222	Eckenhaid Heidestr.
de:09572:6224	Eckenhaid Schloss
de:09572:6225	Eckenhaid Schule
de:09572:6229	Eckenhaid Sudetenstr.
de:09472:23145	Eckenreuth
de:09373:17371	Eckerding
de:09471:21668	Eckersbach
de:09472:23211	Eckersdorf/BT Bamberger Str.
de:09472:23213	Eckersdorf/BT Bruck
de:09472:23215	Eckersdorf/BT Rathaus
de:09573:5768	Eckershof
de:09576:8073	Eckersmühlen
de:09576:8078	Eckersmühlen Am Kreuzacker
de:09576:8074	Eckersmühlen Mitte
de:09576:8087	Eckersmühlen Schule Eck
de:09371:18242	Eckertsfeld
de:09576:8877	Eckmannshofen
de:09674:27434	Edelbrunn
de:09371:18321	Edelsfeld Grüner Baum
de:09371:18323	Edelsfeld Raum
de:09371:18324	Edelsfeld Schulstr.
de:09779:6794	Ederheim, Edeka
de:09779:6795	Ederheim, Lamm
de:09779:6921	Ederheim, Schule
de:09577:16161	Edersfeld
de:09375:552	Edlhausen bei Laaber
de:09375:115	Edlhausen Gde. Regenstauf
de:09375:926	Edlhausen Kreuzung
de:09375:1089	Edlhausen Lohbergstraße
de:09375:927	Edlhausen Wendeschleife
de:09477:3671	Eeg
de:09675:29309	Effeldorf Jesuitenstraße
de:09474:9241	Effeltrich Dr. Rühl-Str.
de:09474:9243	Effeltrich Linde
de:09474:9244	Effeltrich Raiffeisenbank
de:09474:9242	Effeltrich Schule
de:09373:17572	Effenricht
de:09574:7094	Egelsee
de:09371:18699	Egelsheim
de:09678:29124	Egenhausen Brunnenstraße
de:09678:27132	Egenhausen Feuerwehrhaus
de:09678:27131	Egenhausen Kirche
de:09575:14734	Egenhausen Mitte
de:09678:75434	Egenhausen Rufbus Start,Werneck
de:09574:7607	Egensbach
de:09376:15616	Egerhof
de:09573:5077	Egersdorf
de:09573:5117	Egersdorf Grundschule
de:09573:5078	Egersdorf Mitte
de:09573:5080	Egersdorf Nord
de:09573:5079	Egersdorf Waldsiedlung
de:09478:27612	Eggenbach
de:09371:18657	Eggenberg (b. Hirschbach)
de:09373:17794	Eggenthal (b. Lupburg)
de:09273:339	Eggersberg, Abzw Staatsstr.
de:09375:116	Egglfing
de:09474:9250	Eggolsheim
de:09474:9264	Eggolsheim Abzw.Weigelshofen
de:09474:9255	Eggolsheim Altes Rathaus
de:09474:9252	Eggolsheim Am Oberen Tor
de:09474:9262	Eggolsheim Bammersdorfer Str.
de:09474:9265	Eggolsheim Einkaufszentrum
de:09474:9249	Eggolsheim Fährstr.
de:09474:9257	Eggolsheim Gemzentr./Hauptstr.
de:09474:9254	Eggolsheim Gemzentr./Schulstr.
de:09474:9261	Eggolsheim Hirtentor
de:09474:9263	Eggolsheim In der Büg
de:09474:9253	Eggolsheim Post
de:09474:9256	Eggolsheim Schule
de:09474:9258	Eggolsheim St. Martin Str.
de:09474:9248	Eggolsheim Weinhütten
de:09474:9260	Eggolsheim, Bahnhof Ost
de:09474:9259	Eggolsheim, Bahnhof West
de:09376:80125	Egidiberg, Abzw
de:09373:17228	Eglasmühle Ort
de:09371:19251	Eglhofen
de:09474:9300	Egloffstein Busbahnhof
de:09474:9304	Egloffstein Markgrafenstr.
de:09474:9303	Egloffstein Talstr.
de:09474:9306	Egloffsteinerhüll
de:09561:11302	Egloffswinden Ortsmitte
de:09176:8625	Eglofsdorf
de:09375:120	Eglsee
de:09361:19911	Eglsee (b. Amberg)
de:09371:19157	Eglsee (b. Schmidmühlen)
de:09361:19589	Eglsee Drillingsfeld
de:09361:19611	Eglsee Ernteweg
de:09361:19635	Eglsee Frühlingstr.
de:09361:19912	Eglsee/Amberg Ackermannstr.
de:09373:17731	Eglwang
de:09176:8107	Egweil, Schulweg
de:09176:8715	Egweil, Unterstaller Straße
de:09176:8106	Egweil, Wiesenweg
de:09575:14231	Ehe
de:09371:18615	Ehenfeld Bushaltestelle
de:09371:18619	Ehenfeld Hauptstr.
de:09371:18618	Ehenfeld Kindergarten
de:09371:18616	Ehenfeld Ortsmitte
de:09371:18617	Ehenfeld Schule
de:09571:12492	Ehingen Brunner Weg
de:09571:12493	Ehingen Dambacher Weg
de:09571:12491	Ehingen Hauptstr.
de:09571:12495	Ehingen Schule
de:09571:12496	Ehingen Siedlung
de:09779:6733	Ehingen, Lindenstraße
de:09779:6732	Ehingen, Ringstrasse
de:09577:16381	Ehlheim
de:09779:6639	Ehringen
de:09371:19259	Ehringsfeld Ortsmitte
de:09471:20763	Ehrl
de:09576:8210	Eibach bei Roth
de:09375:16001	Eibrunn
de:09375:644	Eich
de:09273:874	Eichbühl
de:09674:16425	Eichelberg Ortsmitte
de:09576:8076	Eichelburg
de:09373:17452	Eichelhof
de:09674:15842	Eichelsdorf
de:09577:16474	Eichenberg
de:09472:23827	Eichenbirkig
de:09476:16228	Eichenbühl
de:09471:21526	Eichenhof
de:09373:17928	Eichenhofen Ort
de:09471:21740	Eichenhüll
de:09575:14686	Eichenmühle (b. Neuhof)
de:09472:23378	Eichenreuth
de:09373:17734	Eichensee Ortsmitte
de:09472:23172	Eichenstruth Ort
de:09675:29261	Eichfeld
de:09375:539	Eichhofen
de:09571:12890	Eichholz
de:09472:23080	Eichig (b. Ahorntal)
de:09478:27109	Eichig (b. Lichtenfels)
de:09375:1660	Eichlberg
de:09376:296	Eichlhof
de:09176:9004	Eichstätt Bahnhof
de:09176:8125	Eichstätt Stadt
de:09176:8374	Eichstätt, Abz Eichendorffstr
de:09176:7908	Eichstätt, Altes Stadttheater
de:09176:7873	Eichstätt, Am Graben
de:09176:7874	Eichstätt, Am Wald 13
de:09176:7875	Eichstätt, Am Wald 36
de:09176:7876	Eichstätt, Am Zwinger
de:09176:7877	Eichstätt, B.v.S.-Str./Kreisel
de:09176:8920	Eichstätt, B13/JVA
de:09176:15	Eichstätt, Bisch. Ordinariat
de:09176:7588	Eichstätt, Buchtal
de:09176:7886	Eichstätt, Cl.-St.-Str. 24
de:09176:7884	Eichstätt, Cl.-St.-Str/KiGa
de:09176:7885	Eichstätt, Cl.-St.-Str/Schuhf.
de:09176:7887	Eichstätt, Domplatz/RaiBa
de:09176:8352	Eichstätt, Eichendorff/Warteh.
de:09176:7889	Eichstätt, Elias-Holl-Str. 1
de:09176:8871	Eichstätt, Gabrielistr/Marktpl
de:09176:7891	Eichstätt, Gundekar/Holl-Str.
de:09176:7892	Eichstätt, Gundekar/Stadtwerke
de:09176:7902	Eichstätt, Heilige Familie
de:09176:7893	Eichstätt, Herbergsh./Altershw
de:09176:7888	Eichstätt, Holl/Oettingenstr.
de:09176:8347	Eichstätt, Häringshof
de:09176:7601	Eichstätt, Industriestr./Osram
de:09176:7894	Eichstätt, Industriestr./TÜV
de:09176:7895	Eichstätt, Josef-Haas-Weg 1
de:09176:7897	Eichstätt, K-Leib-Str.121/137
de:09176:7898	Eichstätt, K.-Leib-Str. 5/13
de:09176:7899	Eichstätt, K.-Leib-Str. 71/81
de:09176:7896	Eichstätt, KardSchröffer/WH4
de:09176:7903	Eichstätt, KipfenbergerStr.18b
de:09176:7910	Eichstätt, Kreisbauhof
de:09176:8124	Eichstätt, Leonrodplatz
de:09176:7909	Eichstätt, Luitpoldstr.
de:09176:7911	Eichstätt, Luitpostr./Petersk.
de:09176:8324	Eichstätt, Lüften
de:09176:7913	Eichstätt, Marktpl.Metzg.Kettn
de:09176:7914	Eichstätt, Marktpl.Volksbank
de:09176:8371	Eichstätt, Ostenstr./Uni
de:09176:8870	Eichstätt, Pfahlstraße
de:09176:8121	Eichstätt, Pirkheimer Brücke
de:09176:7921	Eichstätt, R-Strauß/Amselsteig
de:09176:7918	Eichstätt, Rebdorfer Str. 89
de:09176:12	Eichstätt, Rebdorfer Str./Minimal
de:09176:7917	Eichstätt, Rebdorfer/Am Wald
de:09176:8836	Eichstätt, Residenzpl./Stadtth
de:09176:7919	Eichstätt, Residenzpl/Landrats
de:09176:7922	Eichstätt, Römerstr./Kelz
de:09176:8123	Eichstätt, Römerstr./Krankenh.
de:09176:7916	Eichstätt, Schlagbrücke
de:09176:7923	Eichstätt, Schottenau
de:09176:7924	Eichstätt, Schottenau/Eberlein
de:09176:7926	Eichstätt, Schottenau/SportZen
de:09176:7915	Eichstätt, Seidlk./Wendeplatte
de:09176:7927	Eichstätt, Seidlk.Süd/Kreisel
de:09176:7928	Eichstätt, Sollnau/FarbKemeter
de:09176:7929	Eichstätt, Sollnau/Meierhalle
de:09176:7930	Eichstätt, Sollnau/Metzg Schne
de:09176:7931	Eichstätt, Uni-Sportanlage
de:09176:7932	Eichstätt, Volksfestplatz
de:09176:7933	Eichstätt, Weinleite West
de:09176:8716	Eichstätt, WeißenbStr./Lidl
de:09176:7934	Eichstätt, Westenkreuzung
de:09176:7935	Eichstätt, Westenstr./Freibad
de:09176:7937	Eichstätt, Westenstr/StWalburg
de:09176:7938	Eichstätt, Westenstraße 108
de:09371:19257	Eigentshofen
de:09371:19297	Eigentshofen Aussiedlerhof
de:09375:123	Eilsbrunn Brücke
de:09375:124	Eilsbrunn Kirche
de:09375:125	Eilsbrunn Marksteinstraße
de:09375:126	Einhausen
de:09273:16680	Eining, Abzw. Pfarrer-Krottenthaler-Str.
de:09273:2230	Eining, Feuerwehr
de:09273:11828	Eining, Römer - Kastell
de:09273:2231	Eining,Kreisstr./Abzw Ziegelei
de:09273:767	Einmuß,Buchhofen (Kr KEH)
de:09575:14791	Einsiedelei
de:09371:18774	Einsricht
de:09375:1684	Einöd Abzw.
de:09576:8343	Eisbühl
de:09375:128	Eisenhammer Pumpstation
de:09679:99004	Eisenheim
de:09574:7242	Eismannsberg (Altd.) Bäckerweg
de:09574:7243	Eismannsberg (Altd.) Ortsmitte
de:09373:17227	Eismannsberg (b. Berching)
de:09576:8368	Eismannsdorf (b. Allersberg)
de:09373:17373	Eismannsdorf (b.Breitenbr./NM)
de:09373:17911	Eispertshofen
de:09176:9005	Eitensheim
de:09176:7594	Eitensheim, Ahornstraße
de:09176:8114	Eitensheim, Bräuweg
de:09176:7592	Eitensheim, Drosselstr.
de:09176:7591	Eitensheim, Feuerwehrhaus
de:09176:7504	Eitensheim, Friedhof
de:09176:8112	Eitensheim, Gaimersheimer Str.
de:09176:8510	Eitensheim, In der Goi
de:09176:8104	Eitensheim, Kirchplatz
de:09176:7593	Eitensheim, Lindenstraße
de:09176:8869	Eitensheim, Lippertsh. Str.
de:09176:7514	Eitensheim, Röntgenstr.
de:09779:7095	Eitersberg
de:09375:129	Eitlbrunn Kirche
de:09375:130	Eitlbrunn Leber
de:09472:22841	Elbersberg Feuerwehrhaus
de:09472:22844	Elbersberg Sportplatz
de:09571:12716	Elbersroth
de:08136:4910	Elchingen Haldenhöfe
de:08136:4907	Elchingen Hirsch
de:08136:4908	Elchingen Ochsen
de:08136:4909	Elchingen Siedlung
de:08136:4317	Ellenb-Hintersteinbach K3221
de:08136:4325	Ellenb-Hintersteinbach Ort
de:09574:7164	Ellenbach Am Hutanger
de:09574:7165	Ellenbach Mitte
de:08136:4308	Ellenberg Rathaus
de:08136:4309	Ellenberg Schule
de:08136:4310	Ellenberg Siedlung
de:08136:4300	Ellenberg-Althueb/Neuhueb
de:08136:4301	Ellenberg-Bautzenhof
de:08136:4302	Ellenberg-Birnhäusle
de:08136:4303	Ellenberg-Breitenbach
de:08136:4324	Ellenberg-Breitenbach Abzwg
de:08136:4305	Ellenberg-Eiberg
de:08136:4306	Ellenberg-Eiberg Abzwg
de:08136:4307	Ellenberg-Eiberger Sägmühle
de:08136:4311	Ellenberg-Georgenstadt
de:08136:4312	Ellenberg-Gerhof Abzwg
de:08136:4313	Ellenberg-Gerhof Ort
de:08136:4315	Ellenberg-Haselbach Abzwg
de:08136:4314	Ellenberg-Haselbach Ort
de:08136:4316	Ellenberg-Häsle
de:08136:4318	Ellenberg-Kraßbronn
de:08136:2107	Ellenberg-Kraßbronn Abzwg
de:08136:4319	Ellenberg-Muckental Abzwg
de:08136:4320	Ellenberg-Rothof Abzwg
de:08136:4321	Ellenberg-Schmalenbach Abzwg
de:08136:4322	Ellenberg-Schweizerhof
de:08136:5064	Ellenberg-Schönbronn Abzwg
de:08136:4323	Ellenberg-Ziegelhütte
de:09185:7502	Ellenbrunn
de:09371:18530	Ellersdorf (b. Freudenberg)
de:09678:9000	Ellertshäuser See Rest. Seeblick
de:09577:16400	Ellingen (Bay)
de:09577:16392	Ellingen Am Rennfeld
de:09577:16396	Ellingen Amselweg
de:09577:16399	Ellingen Hausner Gasse
de:09577:16393	Ellingen Schloß
de:09577:16394	Ellingen Schule
de:09577:16395	Ellingen Siedlung
de:09577:16398	Ellingen Weißenburger Str.
de:09373:17702	Ellmannsdorf
de:08127:10612	Ellrichshausen Abzw Birkelbach
de:08127:20265	Ellrichshausen Ortsmitte
de:08127:20273	Ellrichshausen Schlegelberg
de:08136:2034	Ellw - Braune Hardt Bolzplatz
de:08136:5091	Ellw Braune Hardt Finkenweg
de:08136:2006	Ellw Daimlerstr./Rot-Kreuz-Sdl
de:08136:2005	Ellw Daimlerstr/GriechenSdlg
de:08136:2039	Ellw Obere Neunheimer Steige
de:08136:2101	Ellw-Beersbach Aussiedlerhof
de:08136:2004	Ellw-Braune Hardt KiGa
de:08136:5090	Ellw-Braune Hardt Tannenweg
de:08136:3761	Ellw-Braune Hardt Ulmenstraße
de:08136:2050	Ellw-Braune Hardt Virngrundstr
de:08136:2412	Ellw-Eggenrot Hintersteinbühl
de:08136:2206	Ellw-Eggenrot Lindenkeller
de:08136:2406	Ellw-Eggenrot Patriziusstr.
de:08136:2202	Ellw-Eigenzell Hornbergstraße
de:08136:2203	Ellw-Eigenzell Kapelle
de:08136:2411	Ellw-Hinterlengenberg
de:08136:2104	Ellw-Hirlbach Abzwg
de:08136:2105	Ellw-Hirlbach Ort
de:08136:2106	Ellw-Hofstetten
de:08136:2204	Ellw-Holbach Nord
de:08136:2205	Ellw-Holbach Süd
de:08136:2306	Ellw-Killingen Ort
de:08136:2307	Ellw-Killingen Wendeplatz
de:08136:2319	Ellw-Neunheim Eichenfeldstraße
de:08136:2308	Ellw-Neunheim Fa. IVOCLAR
de:08136:2320	Ellw-Neunheim Golderstraße
de:08136:2321	Ellw-Neunheim Hahnenstraße
de:08136:2309	Ellw-Neunheim Hasen
de:08136:2310	Ellw-Neunheim Kaufland
de:08136:2322	Ellw-Neunheim Leimenstraße
de:08136:2323	Ellw-Neunheim Mittelbachweg
de:08136:2338	Ellw-Neunheim Rattstadter Str.
de:08136:2312	Ellw-Neunheim Schule
de:08136:2313	Ellw-Neunheim Siedlung
de:08136:2318	Ellw-Neunheim VARTA
de:08136:2324	Ellw-Neunstad Alfred-Nobel-Str
de:08136:2325	Ellw-Neunstadt A.-Bechdolf-Str
de:08136:2314	Ellw-Neunstadt Adler
de:08136:2326	Ellw-Neunstadt Autohaus W&B
de:08136:2327	Ellw-Neunstadt Autohof
de:08136:2328	Ellw-Neunstadt Felix-Wankel-Straße
de:08136:2337	Ellw-Neunstadt FNT
de:08136:2329	Ellw-Neunstadt Franz-Rueff-Str
de:08136:2330	Ellw-Neunstadt Hotel Montana
de:08136:2315	Ellw-Neunstadt Industriegebiet
de:08136:2331	Ellw-Neunstadt Kling Energie
de:08136:2332	Ellw-Neunstadt Ludwig-Lutz-Str. 7-11
de:08136:2334	Ellw-Neunstadt Max-Eyth-Str. 36-46
de:08136:2333	Ellw-Neunstadt Max-Eyth-Str. 6-24
de:08136:2335	Ellw-Neunstadt McDonalds
de:08136:2311	Ellw-Neunstadt Rohnholzstraße
de:08136:2336	Ellw-Neunstadt Veit-Hirschmann-Str. 19-22
de:08136:2112	Ellw-Pfahlheim Kindergarten
de:08136:2109	Ellw-Pfahlheim Kirche
de:08136:2110	Ellw-Pfahlheim Schule
de:08136:2208	Ellw-Rabenhof Abzwg
de:08136:2207	Ellw-Rabenhof Ort
de:08136:2209	Ellw-Rattstadt Brühlstraße
de:08136:2210	Ellw-Rattstadt Hardtstraße
de:08136:2211	Ellw-Rattstadt Kapelle
de:08136:2212	Ellw-Rattstadt L 2220
de:08136:2222	Ellw-Rattstadt Süßhof Abzwg
de:08136:2214	Ellw-Rindelbach Ort
de:08136:2215	Ellw-Rindelbach Schule
de:08136:2216	Ellw-Rindelbach Schule Abzwg
de:08136:2217	Ellw-Rindelbach Siedlung
de:08136:2413	Ellw-Rotenbach Dorfplatz
de:08136:2414	Ellw-Rotenbach Sandfeld
de:08136:2108	Ellw-Röhlingen Ober Rötlen
de:08136:2316	Ellw-Röhlingen Post
de:08136:2317	Ellw-Röhlingen Schule
de:08136:2111	Ellw-Röhlingen Unter Rötlen
de:08136:2416	Ellw-Schrezheim Bahnhof
de:08136:2415	Ellw-Schrezheim Nord
de:08136:2417	Ellw-Schrezheim Wintergerststr
de:08136:2218	Ellw-Schönau
de:08136:2219	Ellw-Steigberg
de:08136:2221	Ellw-Stocken
de:08136:2339	Ellw-Wannenfeld Abzw.
de:08136:2003	Ellwangen - Braune Hardt Abzw.
de:08136:2001	Ellwangen Aalener Straße
de:08136:2057	Ellwangen Alte Steige
de:08136:2400	Ellwangen Altmannsrot
de:08136:2401	Ellwangen Altmannsweiler
de:08136:5047	Ellwangen Annabergstraße
de:08136:2007	Ellwangen Bahnhof
de:08136:2058	Ellwangen Brauergasse
de:08136:2027	Ellwangen Braune Hardt B290
de:08136:5377	Ellwangen Braune Hardt Elchstr
de:08136:2059	Ellwangen EATA
de:08136:5096	Ellwangen Edeka Markt
de:08136:2021	Ellwangen Erfurter Straße
de:08136:2024	Ellwangen G.-Hauptmann-Straße
de:08136:2023	Ellwangen Goldrain Abzwg
de:08136:2022	Ellwangen Goldrain Sparkasse
de:08136:5093	Ellwangen Goldrainstraße
de:08136:5046	Ellwangen Hallenbad/Schießwasen
de:08136:2028	Ellwangen Haller Straße
de:08136:55012	Ellwangen Haller Straße 57
de:08136:2060	Ellwangen Haus Lindenhof
de:08136:2029	Ellwangen Hinterer Spitalhof
de:08136:2061	Ellwangen Hohenstaufenstr. 1-5
de:08136:2030	Ellwangen Hohenstaufenstraße
de:08136:2053	Ellwangen Im Fichtenbuck
de:08136:2031	Ellwangen Kapuzinerweg
de:08136:5092	Ellwangen Kapuzinerweg HaZ
de:08136:2032	Ellwangen Karl-Stirner-Straße
de:08136:2033	Ellwangen Kaserne
de:08136:5095	Ellwangen Kellerhaus Abzw.
de:08136:2054	Ellwangen Kressbachsee
de:08136:2062	Ellwangen Kugelberg
de:08136:2035	Ellwangen Langres Straße
de:08136:2056	Ellwangen LEA
de:08136:2043	Ellwangen Lindenstraße
de:08136:2037	Ellwangen Magdeburger Straße
de:08136:2036	Ellwangen Marienstr / Zirlik
de:08136:2038	Ellwangen Marienstraße
de:08136:55060	Ellwangen Mittelhofschule
de:08136:55502	Ellwangen Panoramaring
de:08136:2040	Ellwangen Quandtstraße
de:08136:5087	Ellwangen Rundsporthalle
de:08136:2041	Ellwangen Sandberg
de:08136:9920	Ellwangen Schleifhäusle
de:08136:2055	Ellwangen Schloßsteige
de:08136:2042	Ellwangen Schloßvorstadt
de:08136:2046	Ellwangen Schulzentrum
de:08136:2073	Ellwangen Schönborn Haus
de:08136:2044	Ellwangen Schönenberg
de:08136:2045	Ellwangen Schönenbergstraße
de:08136:2052	Ellwangen Sebastiansgraben
de:08136:6011	Ellwangen St-Anna-Virngund-Klinik
de:08136:2047	Ellwangen Stadthalle
de:08136:2220	Ellwangen Steigberg Abzwg
de:08136:2048	Ellwangen Südtangente
de:08136:2049	Ellwangen VARTA
de:08136:2026	Ellwangen Wellenbad
de:08136:2008	Ellwangen ZOB
de:08136:2402	Ellwangen-Bahnmühle
de:08136:2100	Ellwangen-Beersbach
de:08136:2102	Ellwangen-Buchhausen
de:08136:2300	Ellwangen-Dettenroden
de:08136:2403	Ellwangen-Eggenrot Adler
de:08136:2404	Ellwangen-Eggenrot Kindergarten
de:08136:2405	Ellwangen-Eggenrot Ottilienstr
de:08136:2200	Ellwangen-Eigenzell Abzwg
de:08136:2201	Ellwangen-Eigenzell Gärtnerei
de:08136:2301	Ellwangen-Elberschwenden Abzw.
de:08136:2302	Ellwangen-Elberschwenden Ort
de:08136:2407	Ellwangen-Engelhardsweiler
de:08136:2303	Ellwangen-Erpfental
de:08136:2408	Ellwangen-Espachweiler
de:08136:2409	Ellwangen-Glassägemühle
de:08136:2410	Ellwangen-Griesweiler
de:08136:2304	Ellwangen-Haisterhofen Kirche
de:08136:2103	Ellwangen-Halheim
de:08136:2305	Ellwangen-Hardt
de:08136:55024	Ellwangen-Rindelbach Allacher
de:09571:13476	Ellwingshofen
de:09561:11309	Elpersdorf (b. Ansbach) Kirche
de:09571:13754	Elpersdorf (b. Windsbach)
de:09474:9773	Elsenberg
de:09471:21674	Elsendorf Kellerbergring
de:09471:21675	Elsendorf Kreuzung
de:09562:3510	Eltersdorf
de:09562:3551	Eltersdorf Am Kreuzstein
de:09562:3548	Eltersdorf Am Pestalozziring
de:09562:3552	Eltersdorf Egidienkirche
de:09562:3554	Eltersdorf Kunigundenkirche
de:09562:3549	Eltersdorf Regnitzweg
de:09562:3553	Eltersdorf Tucherstr.
de:09562:3555	Eltersdorf Volckamerstr.
de:09562:3511	Eltersdorf Weinstr.
de:09672:27134	Eltingshausen Gemeindehaus
de:09672:25865	Eltingshausen Kindergarten
de:09674:8505	Eltmann Grundschule
de:09674:27137	Eltmann Landrichter-Kummer-Straße
de:09674:27136	Eltmann Marktplatz
de:09674:27645	Eltmann Mittelschule (Parkplatz)
de:09674:27135	Eltmann Schwimmbad
de:09577:16067	Emetzheim
de:09371:19159	Emhof
de:09176:8341	Emsing
de:09185:7776	Emskeim, Feuerwehrhaus
de:09575:14300	Emskirchen
de:09575:14302	Emskirchen Gh. Rotes Herz
de:09575:14305	Emskirchen Waldstr.
de:09472:23251	Emtmannsberg Alte Schule
de:09472:23257	Emtmannsberg Kreisstr.
de:09472:23254	Emtmannsberg Siedlung
de:09478:27223	End
de:09576:8820	Enderndorf Abenteuerwald
de:09576:8813	Enderndorf Am Schloss
de:09576:8815	Enderndorf Großparkplatz
de:09576:8814	Enderndorf Seeufer
de:09375:133	Endlfeld
de:09375:134	Endorf
de:09571:13477	Endsee
de:09474:9909	Engelhardsberg
de:09474:9908	Engelhardsberg Aussiedlerhof
de:09472:23771	Engelmannsreuth
de:09472:23671	Engelmeß
de:09577:16756	Engelreuth
de:09373:17620	Engelsberg
de:09371:18938	Engelsdorf Nabburger Str.
de:09574:7395	Engelthal Frankenalbklinik
de:09574:7392	Engelthal Gh Grüner Baum
de:09574:7394	Engelthal Klosterbergstr./Kl.
de:09574:7391	Engelthal Oberes Tor
de:09574:7393	Engelthal/LAU, Kruppacher Str.
de:09574:7438	Engenthal (b. Hartenstein)
de:09376:355	Englhof
de:09675:29422	Enheim Ortsmitte
de:09675:8100	Enheim Siedlung
de:09577:16427	Enhofen
de:09176:8384	Enkering
de:09176:8928	Enkering, Feuerwehrhaus
de:09176:8929	Enkering, Maibaum
de:09779:5339	Enkingen, Am Dorfplatz
de:09371:18387	Ensdorf Altersheim
de:09371:18382	Ensdorf Am Kreuz
de:09371:18385	Ensdorf Gh. Dietz
de:09371:18381	Ensdorf Rathaus
de:09779:6720	Enslingen
de:09779:6647	Enslingen, Bühlingen Abz
de:09574:7519	Entenberg
de:09574:7497	Entmersberg
de:09574:7444	Enzendorf
de:09575:14538	Enzlar Abzw. B286
de:09477:3692	Eppenreuth (b. Grafengehaig)
de:09576:8364	Eppersdorf
de:09575:14836	Equarhofen
de:09562:3481	ER Äuß. Brucker/P-Gossen-Str.
de:09373:17229	Erasbach Bachhauserstr.
de:09373:17230	Erasbach Beethovenstr.
de:09373:17239	Erasbach Gewerbegebiet
de:09373:17232	Erasbach Kirchplatz
de:09373:17621	Eratsmühle
de:09377:7668	Erbendorf, Friedhof
de:09377:15174	Erbendorf, Industriegebiet Schleifmühl
de:09377:10212	Erbendorf, Kemnather Str.
de:09377:7176	Erbendorf, Kriegerdenkmal
de:09377:7175	Erbendorf, Naabbrücke
de:09377:7177	Erbendorf, Nord Bf
de:09373:17375	Erbmühle -Forellenhof-
de:09475:9102	Erbsbühl
de:08128:12315	Erdbach, Ort
de:09462:22327	Eremitage
de:09462:22331	Eremitenhof
de:09575:14322	Ergersheim Kirchenbuck
de:09575:14321	Ergersheim Mühlleite
de:09373:17376	Erggertshofen
de:09575:14061	Erkenbrechtshofen
de:09479:80767	Erkersreuth
de:09479:9302	Erkersreuth, Hauptstraße
de:09479:9301	Erkersreuth, Lindenfelsstr.
de:09479:9372	Erkersreuth, Ort
de:09479:10045	Erkersreuth, Schule
de:09176:8333	Erkertshofen, Limeshof
de:09575:14792	Erlabronn Dorfplatz
de:09571:12893	Erlach (b. Leutershausen)
de:09478:27333	Erlach (b. Weismain)
de:09679:3260	Erlach Ort
de:09471:20725	Erlach/Hirschaid P.-Werthm.-Pl
de:09562:3147	Erlang. Arcaden/Goethestr.
de:09562:3345	Erlang. Nikolaus-Fiebiger-Str.
de:09562:3381	Erlang. Röthelheimpark-Zentrum
de:09562:3110	Erlangen
de:09562:3254	Erlangen Adalbert-Stifter-Str.
de:09562:3856	Erlangen Alb.-Schweitzer-Gym.
de:09562:3170	Erlangen Altstadtmarkt
de:09562:3451	Erlangen Am Anger
de:09562:3766	Erlangen Am Hafen
de:09562:3486	Erlangen Am Herzogenau.Damm
de:09562:3242	Erlangen Am Wasserturm
de:09562:3357	Erlangen Anton-Bruckner-Str.
de:09562:3151	Erlangen Arcaden
de:09562:3253	Erlangen Atzelsberger Steige
de:09562:3150	Erlangen Baumwollspinnerei
de:09562:3453	Erlangen Bayernstr.
de:09562:3247	Erlangen Bergkirchweih
de:09562:3243	Erlangen Bergkirchweih Ost
de:09562:3358	Erlangen Berliner Pl.
de:09562:3354	Erlangen Berufsschulzentrum
de:09562:3484	Erlangen Brahmsstr.
de:09562:3994	Erlangen Bushalle
de:09562:3246	Erlangen Böttigersteig
de:09562:3376	Erlangen Cauerstr.
de:09562:3498	Erlangen Cumianastr.
de:09562:3993	Erlangen Dennis Buswerkstatt
de:09562:3378	Erlangen Doris-Ruppenstein-St.
de:09562:3116	Erlangen Dreibergstr.
de:09562:3168	Erlangen E-Werk
de:09562:3250	Erlangen Essenbacher Brücke
de:09562:3249	Erlangen Essenbacher Str.
de:09562:3149	Erlangen Fichtestr.
de:09562:3496	Erlangen Forschungsz. Mitte
de:09562:3495	Erlangen Forschungsz. Süd
de:09562:3469	Erlangen Forschungszentrum
de:09562:3368	Erlangen Fridericianum
de:09562:3991	Erlangen Gastankstelle
de:09562:3474	Erlangen Gebbertstr.
de:09562:3356	Erlangen Gedelerstr.
de:09562:3767	Erlangen Gerätewerk
de:09562:3361	Erlangen Gleiwitzer Str.
de:09562:3731	Erlangen Gundstr.
de:09562:3362	Erlangen Görlitzer Str.
de:09562:3117	Erlangen Haagstr.
de:09562:3352	Erlangen Hartmannstr.
de:09562:3755	Erlangen Heusteg
de:09562:3489	Erlangen Hilpertstr.
de:09562:3164	Erlangen Hindenburgstr.
de:09562:3372	Erlangen Hofmannstr.
de:09562:3759	Erlangen In der Reuth
de:09562:3165	Erlangen Kliniken/Maximiliansplatz
de:09562:3756	Erlangen Klinikum Europakanal
de:09562:3476	Erlangen Koldestr.
de:09562:3162	Erlangen Krankenhausstr.
de:09562:3343	Erlangen Kurt-Schumacher-Str.
de:09562:3153	Erlangen Langemarckplatz
de:09562:3491	Erlangen Lilienthal-Str.
de:09562:3163	Erlangen Lorlebergplatz
de:09562:3383	Erlangen Ludwig-Erhard-Str.
de:09562:3245	Erlangen Ludwig-Thoma-Str.
de:09562:3379	Erlangen Luise-Kiesselbach-S.
de:09562:3166	Erlangen M.-Luther-Pl. / Ost
de:09562:3167	Erlangen M.-Luther-Platz
de:09562:3384	Erlangen Marie-Curie-Str.
de:09562:3155	Erlangen Mozartstr.
de:09562:3152	Erlangen Neuer Markt
de:09562:3160	Erlangen Obere Karlstr.
de:09562:3369	Erlangen Ohm-Gymnasium
de:09562:3479	Erlangen Ohmplatz
de:09562:3238	Erlangen Otto-Goetze-Str.
de:09562:3252	Erlangen Palmstr.
de:09562:3454	Erlangen Paul-Gossen-Straße
de:09562:3452	Erlangen Pommernstr.
de:09562:3244	Erlangen Puchtastr.
de:09562:3251	Erlangen Rathsberger Str.
de:09562:3240	Erlangen Robert-Gradmann-Str.
de:09562:3349	Erlangen Röthelheim-Campus
de:09562:3359	Erlangen Röthelheimbad
de:09562:3371	Erlangen Röthelheimbad Ost
de:09562:3353	Erlangen Schellingstr./MVC
de:09562:3373	Erlangen Schenkstr.
de:09562:3350	Erlangen Schillerstr.
de:09562:3174	Erlangen Schlachthof
de:09562:3477	Erlangen Schornbaumstr.
de:09562:3855	Erlangen Schulzentrum West
de:09562:3175	Erlangen Schwabachanlage
de:09562:3367	Erlangen Sebaldussiedlung
de:09562:3374	Erlangen Sebaldusstr.
de:09562:3158	Erlangen Sedanstr.
de:09562:3377	Erlangen Siemens Med
de:09562:3360	Erlangen Siemens-Stadion
de:09562:3154	Erlangen Siemens-Verwaltung
de:09562:3851	Erlangen Sonnenblick
de:09562:3375	Erlangen Sophienstr.
de:09562:3344	Erlangen Staudtstr.
de:09562:3365	Erlangen Stettiner Str.
de:09562:3475	Erlangen Stintzingstr.
de:09562:3156	Erlangen Stubenlohstr.
de:09562:3473	Erlangen Süd
de:09562:3366	Erlangen Technische Fakultät
de:09562:3370	Erlangen Th.-Heuss-Anlage
de:09562:3364	Erlangen Thomaskirche
de:09562:3255	Erlangen Waldkrankenhaus
de:09562:3992	Erlangen Waschhalle
de:09562:3470	Erlangen Wehneltstr.
de:09562:3248	Erlangen Werker
de:09562:3480	Erlangen Werner-v-Siemens-Str.
de:09562:3455	Erlangen Wichernstr.
de:09562:3382	Erlangen Willy-Brandt-Str.
de:09562:3348	Erlangen Wirtschaftsschule
de:09562:3263	Erlangen Wohnstift Rathsberg
de:09562:3450	Erlangen Zentralfriedhof
de:09562:3351	Erlangen Zollhaus
de:09562:3778	Erlangen Zum Hutacker
de:09562:3111	Erlangen, Bahnhof/Fr.-List-Str
de:09562:3172	Erlangen, Busbahnhof
de:09562:3171	Erlangen, Hugenottenpl.
de:09562:3410	Erlangen-Bruck
de:09474:9561	Erlastrut
de:09471:21834	Erlau Gasthof Kießling
de:09471:21835	Erlau Mühlen
de:09185:7798	Erlbach
de:09571:12892	Erlbach (b. Leutershausen)
de:09571:13154	Erlbach (b. Neusitz)
de:09371:19258	Erlheim
de:09779:7096	Erlhof
de:09478:27614	Erlhof (Lkr. LIF)
de:09577:16758	Erlingsdorf
de:09176:8344	Erlingshofen, Gh Rundblick
de:09571:12305	Erlmühle Flurstr.
de:09571:12304	Erlmühle Hauptstr.
de:09674:4738	Erlsdorf
de:09674:3056	Ermershausen Doktorgasse
de:09674:15516	Ermershausen Rathaus
de:09575:14523	Ermetzhof
de:09575:14325	Ermetzhofen Anw. Gundel
de:09575:14324	Ermetzhofen Deiningergasse
de:09575:14323	Ermetzhofen Ortsmitte
de:09474:9665	Ermreus
de:09474:9186	Ermreuth Ab.Gleisenhof
de:09474:9188	Ermreuth Kirche
de:09474:9187	Ermreuth Mitte
de:09571:12894	Erndorf
de:09373:17231	Ernersdorf
de:09574:7506	Ernhofen
de:09374:16901	Ernstfeld b. Kirchenthumbach
de:09374:7221	Ernstfeld, Abzw
de:09374:3786	Ernstfeld, bei Schlammersdorf
de:09571:13843	Erzberg
de:09571:11755	Esbach (b. Feuchtwangen)
de:09571:12717	Esbach (b. Herrieden) Nord
de:09575:14735	Esbach (b. Obernzenn)
de:09571:13565	Esbach (b. Weidenbach)
de:09571:12718	Esbach (Herried) BAB-Meisterei
de:09472:23231	Eschen
de:09472:23232	Eschen Feuerwehrhaus
de:09572:6200	Eschenau (Mittelfr)
de:09674:7410	Eschenau (Ufr.) Ortsmitte
de:09572:6201	Eschenau Apotheke
de:09572:6202	Eschenau Dr. Otto-Leich-Str.
de:09572:6207	Eschenau Mehrzweckhalle
de:09572:6206	Eschenau Mittelschule
de:09572:6203	Eschenau Rathaus
de:09572:6204	Eschenau Schnaittacher Str.
de:09575:14577	Eschenbach (b Markt Erlbach)
de:09575:14576	Eschenbach (b. M.Erlbach) Ort
de:09574:7665	Eschenbach (Pommelsbr) Mitte
de:09574:7666	Eschenbach (Pommelsbrunn) Ost
de:09674:27139	Eschenbach Eltmanner Straße
de:09374:7213	Eschenbach, Förderschule
de:09374:16863	Eschenbach, Gewerbegebiet
de:09374:16862	Eschenbach, Gossenstr.
de:09374:7215	Eschenbach, Gymnasium
de:09374:7211	Eschenbach, Karlsplatz
de:09374:7631	Eschenbach, Kreuzkirche
de:09374:7210	Eschenbach, Rohrer
de:09374:7216	Eschenbach, Rußweiher
de:09374:7212	Eschenbach, Volksschule
de:09371:18664	Eschenfelden Dorfplatz
de:09371:18660	Eschenfelden Kindergarten
de:09371:18666	Eschenfelden Rathausstr.
de:09371:18659	Eschenfelden Schule
de:09571:11782	Eschenlach
de:09472:23013	Escherlich Ort
de:09675:75256	Escherndorf Bahnhof
de:09675:29256	Escherndorf Gh. Mainaussicht
de:09675:29255	Escherndorf Rathaus
de:09373:17892	Eschertshofen
de:09575:14926	Eselsmühle
de:09176:8316	Espenlohe
de:09576:8495	Esselberg
de:09273:327	Essing, Alte Holzbrücke
de:09273:16221	Essing, Montessori Schule
de:09273:326	Essing, Staats/Abzw Kreisstr.
de:09474:9596	Etlaswind
de:09371:18531	Etsdorf
de:09371:18535	Etsdorf Abzw. Magdalenenthal
de:09577:16421	Ettenstatt
de:09375:557	Etterzhausen
de:09375:753	Etterzhausen Abzw. Bahnhof
de:09375:1505	Etterzhausen Domspatzenstraße
de:09375:140	Etterzhausen Schlossbrauerei
de:09161:7417	Etting, Schulbus
de:09678:28044	Ettleben Kirche
de:09678:27141	Ettleben Wernecker Friedhof
de:09176:8420	Ettling, Pförringer Str.
de:09376:80135	Ettmannsdorf, Blumenstraße
de:09376:80130	Ettmannsdorf, Förderzentrum
de:09376:80132	Ettmannsdorf, Gschoßmann
de:09376:80133	Ettmannsdorf, Sparkasse
de:09371:19112	Ettsdorf
de:09675:27263	Etwashausen Abzw. Flugplatz
de:09675:25898	Etwashausen Fa. Leoni
de:09675:29978	Etwashausen Frachtpostzentrum
de:09675:27971	Etwashausen H.-Fehrer-Str.
de:09675:27264	Etwashausen Hoheimer Weg
de:09675:27972	Etwashausen Nordtangente
de:09675:27265	Etwashausen Richth. Str. 7
de:09675:29302	Etwashausen Schwarzacher Str.
de:09675:8017	Etwashausen Tännig
de:09474:9348	Etzdorf
de:09376:80138	Etzelhof
de:09572:6143	Etzelskirchen Birkachbrücke
de:09572:6146	Etzelskirchen Schule
de:09371:18420	Etzelwang
de:09371:18421	Etzelwang Ort
de:09371:18422	Etzelwang, Abzw. Bahnhof
de:09273:449	Etzenbach
de:09274:3658	Etzenbach, Abzw
de:09374:80778	Etzenricht
de:09374:15699	Etzenricht, Bahnhof
de:09374:15207	Etzenricht, Edeka,Etzenricht
de:09374:9224	Etzenricht, Festplatz
de:09374:2319	Etzenricht, Kiesweg
de:09374:759	Etzenricht, Radschin
de:09374:3758	Etzenricht, Rathaus
de:09374:1742	Etzenricht, Siedlung
de:09678:27143	Euerbach Feuerwehr
de:09678:27144	Euerbach Kirchenburg
de:09678:27686	Euerbach Trafostation
de:09675:8013	Euerfeld Aussiedlerhof Zörner
de:09675:29312	Euerfeld Hauptstraße
de:09576:8498	Euerwang Am Bühl
de:09576:8497	Euerwang Ortsmitte
de:09576:8500	Euerwang Rainweg
de:09576:8344	Eulenhof (b. Allersberg)
de:09373:17453	Eutenhofen
de:09561:11314	Eyb Am Hirtenfeld
de:09561:11329	Eyb Aumühle
de:09561:11315	Eyb Charlottenstr.
de:09561:11316	Eyb Eichenbachstr.
de:09561:11318	Eyb Fa. Hydrometer
de:09561:11321	Eyb Frühlingstr.
de:09561:11322	Eyb Funkenbachstr.
de:09561:11324	Eyb Gumpertstr.
de:09561:11325	Eyb Hirtenbuck
de:09561:11327	Eyb Höhenweg Hochstr.
de:09561:11326	Eyb Lambrechtstr.
de:09561:11328	Eyb Rezathalle
de:09561:11331	Eyb Sonnenfeld
de:09561:11332	Eyb Sparkasse
de:09561:11334	Eyb Windsbacher Str.
de:09561:11335	Eyb Zur Bahnschau
de:09561:11337	Eyb Zur Schockenmühle
de:09571:12077	Eyerlohe (b. Aurach)
de:09674:15444	Eyrichshof
de:09576:8915	Eysölden In der Hüll
de:09576:8879	Eysölden Marktplatz
de:09576:8870	Eysölden Mittelsteig
de:09576:8884	Eysölden Schule
de:09575:14867	Ezelheim
de:09574:7340	Ezelsdorf Bayernstr.
de:09574:7344	Ezelsdorf Hauptstr.
de:09574:7349	Ezelsdorf Kath. Kirche
de:09574:7345	Ezelsdorf Nord
de:09574:7346	Ezelsdorf Schule
de:09574:7347	Ezelsdorf Steinbacher Str.
de:09678:75278	Eßleben
de:09678:28042	Eßleben Hauptstraße 21/24
de:09678:29157	Eßleben Raiffeisenbank
de:09577:16867	Eßlingen
de:09674:27149	Fabrikschleichach
de:09675:27150	Fahr
de:09471:20997	Failshof
de:09577:16253	Falbenthal (b. Treuchtl.)
de:09577:16252	Falbenthal (b.Tr.) Hof Hartsch
de:09572:6305	Falkendorf Abzw. Dörflas
de:09572:6306	Falkendorf Bergstr.
de:09572:6307	Falkendorf Ort
de:09678:75098	Falkenstein (Ufr), Ortsmitte
de:09674:27896	Falsbrunn Hs.-Nr. 6
de:09674:17151	Falsbrunn Unterstellhalle
de:09273:499	Falterhof
de:09176:8767	Fasanerie
de:09477:16368	Fassoldshof
de:09674:27153	Fatschenbrunn Kirche
de:09674:27152	Fatschenbrunn Oberdorf
de:09571:13363	Faulenberg
de:09576:8212	Federhof (b. Hilpoltstein)
de:09373:17953	Federhof (b. Velburg)
de:09471:21837	Feigendorf
de:09374:16859	Feilersdorf
de:09374:2410	Feilershammer
de:09376:80139	Feistelberg
de:09477:80084	Feldbuch
de:09477:6434	Felkendorf
de:09573:5221	Fernabrünst Bronner Str.
de:09573:5222	Fernabrünst Feuerwehrhaus
de:09573:5223	Fernabrünst Schlehenweg
de:09375:1080	Ferneichlberg
de:09478:27331	Fesselsdorf
de:09779:6587	Fessenheim, Hauptstr.
de:09572:6611	Fetzelhofen
de:09574:7200	Feucht
de:09574:7215	Feucht Altdorfer Str.
de:09574:7213	Feucht Alter Friedhof
de:09574:7206	Feucht Am Reichswald
de:09574:7201	Feucht Bahnhof P+R-Platz
de:09574:7209	Feucht Gsteinacher Str.
de:09574:7207	Feucht Mittelschule
de:09574:7203	Feucht Nürnberger Str.
de:09574:7202	Feucht Ortsmitte
de:09574:7210	Feucht Ost
de:09574:7217	Feucht Realschule
de:09574:7219	Feucht Zeidlersiedlung
de:09574:7220	Feucht-Moosbach
de:09571:11719	Feuchtw. Bayr. BauAkademie
de:09571:11762	Feuchtwangen An der Vogelweide
de:09571:11709	Feuchtwangen Ansbacher Str.
de:09571:11700	Feuchtwangen Bahnhof
de:09571:11705	Feuchtwangen Dinkelsbühler Str
de:09571:11707	Feuchtwangen Dresdener Str.
de:09571:11760	Feuchtwangen Eichenstr.
de:09571:11765	Feuchtwangen Flurstr.
de:09571:11770	Feuchtwangen Freibad
de:09571:11712	Feuchtwangen Friedhof
de:09571:11711	Feuchtwangen FÜW
de:09571:11733	Feuchtwangen Goethestr.
de:09571:11710	Feuchtwangen Hesselbergstr.
de:09571:11734	Feuchtwangen Hindenburgstr.
de:09571:11702	Feuchtwangen Industriestr.
de:09571:11708	Feuchtwangen Jugendherberge
de:09571:11729	Feuchtwangen Kappenzipfel
de:09571:11736	Feuchtwangen Konradstr.
de:09571:11713	Feuchtwangen Krankenhaus
de:09571:11703	Feuchtwangen Kreisaltenheim
de:09571:11735	Feuchtwangen Kronenwirtsberg
de:09571:11714	Feuchtwangen Lauerhecke
de:09571:11706	Feuchtwangen Leipziger Str.
de:09571:11725	Feuchtwangen Lichtenauer Str.
de:09571:11727	Feuchtwangen Markgrafenstr.
de:09571:11715	Feuchtwangen Mooswiese
de:09571:11726	Feuchtwangen Museumsstr.
de:09571:11739	Feuchtwangen Panoramastr.
de:09571:11722	Feuchtwangen Rabennest
de:09571:11730	Feuchtwangen Rothenburger Str.
de:09571:11717	Feuchtwangen Röhrenbrunnen
de:09571:11737	Feuchtwangen Schnepfenstr.
de:09571:11767	Feuchtwangen Schopflocher Str.
de:09571:11724	Feuchtwangen Schulstr.
de:09571:11718	Feuchtwangen Schulzentrum
de:09571:11720	Feuchtwangen Siebenmorgen
de:09571:11723	Feuchtwangen St. Ulrichsberg
de:09571:11721	Feuchtwangen Südtiroler Str.
de:09571:11764	Feuchtwangen Tierarztpraxis
de:09571:11732	Feuchtwangen Untere Torstr.
de:09571:11704	Feuchtwangen Volksschule
de:09571:11738	Feuchtwangen Von-Soldner-Str.
de:09571:11773	Feuchtwangen W.-Schaudig-Str.
de:09571:11728	Feuchtwangen Walkmühlweg
de:09571:11731	Feuchtwangen Weiherlache
de:09675:29968	Feuerbach Ortsmitte
de:09675:6096	Feuerbach Papiermühle
de:09675:27154	Feuerbach Schulstraße
de:09477:4146	Feulersdorf
de:09571:13593	Feßmühle
de:08127:22983	Fi-Neustädtl. Industriegebiet
de:09472:23285	Fichtelberg Busbahnhof
de:09472:23286	Fichtelberg Grünstein
de:09472:23287	Fichtelberg Marienplatz
de:09472:23289	Fichtelberg Siedlung
de:09472:23290	Fichtelberg Turnhalle
de:09371:19026	Fichtelbrunn
de:08127:21203	Fichtenau Buckenweiler Abzw.
de:08127:30432	Fichtenau Gunzach
de:08127:30021	Fichtenau Völkermühle
de:08127:30020	Fichtenau Völkermühle Abzw.
de:09371:19482	Fichtenhof (b. Ammerthal)
de:09371:18892	Fichtenhof (b.Königstein)
de:09576:8582	Fichtenmühle (b. Heideck)
de:09576:8648	Fichtenmühle (b. Rednitzhemb.)
de:09375:141	Fidelhof
de:09577:16558	Fiegenstall Ortsmitte
de:09577:16559	Fiegenstall Pleinfelder Str.
de:09374:7646	Filchendorf
de:09374:7645	Filchendorf, Abzw
de:09577:16162	Filchenhard
de:09479:2374	Finkenmühle
de:09373:17622	Finsterhaid Ort
de:08128:12384	Finsterlohr, Ort
de:09574:7555	Finstermühle (b. Neuhaus) Ort
de:09576:8080	Finstermühle (b.Roth)
de:09574:7560	Finstermühle/Neuh. Ziegelh.
de:09373:17954	Finsterweiling
de:09375:646	Fischbach
de:09564:1610	Fischbach (b Nürnberg)
de:09674:15445	Fischbach (b. Ebern)
de:09476:16007	Fischbach Ost (b. Kronach)
de:09476:16006	Fischbach West (b. Kronach)
de:09574:7668	Fischbrunn
de:09373:17634	Fischermühle
de:09675:25549	Fischhof
de:09576:8390	Fischhof (b. Allersberg)
de:09674:75081	Fitzendorf
de:09571:12523	Flachslanden Fa. Hübel
de:09571:12521	Flachslanden Marktplatz
de:09571:12524	Flachslanden Rosenbacher Str.
de:09571:12526	Flachslanden Schule
de:09472:23871	Fleckl Schwebebahn Süd
de:09563:2650	Flexdorf
de:09571:12454	Flinsberg
de:08136:4219	Flochberg
de:09779:6521	Flotzheim
de:09575:14308	Flugshof
de:09478:27542	Flurholz
de:09478:27553	Flurholz -3-
de:09478:27552	Flurholz -6-
de:09371:18830	Flügelsbuch
de:09474:9006	Forchh. Abzw. Äuß. Nürnb.Str
de:09474:9002	Forchh. H.-Böckler-Str.
de:09474:9055	Forchh. Klinikum Haupteingang
de:09474:9091	Forchh. Paradepl./Cafe Schmitt
de:09373:17517	Forchheim (b. Freystadt)
de:09474:9000	Forchheim (Oberfr)
de:09474:9011	Forchheim A.-Steinmetz-Str.
de:09474:9012	Forchheim A.-Stifter-Str.
de:09474:9014	Forchheim Abzw. Augraben
de:09474:9015	Forchheim Abzw. H.-Soldan-Str.
de:09474:9022	Forchheim Abzw. Lichteneiche
de:09474:9017	Forchheim Abzw. Reuther Str.
de:09474:9073	Forchheim Abzw. Rotbrunnenstr.
de:09474:9018	Forchheim Abzw. Sigritzau
de:09474:9020	Forchheim Abzw. Ziegeleistr.
de:09474:9021	Forchheim Am Eichenwald
de:09474:9023	Forchheim Am Strecker Platz
de:09474:9013	Forchheim An den Sandgruben
de:09474:9025	Forchheim An der Lände
de:09474:9064	Forchheim Anna-Volksschule
de:09474:9024	Forchheim Apothekenstr.
de:09474:9026	Forchheim Augraben Gartenstr.
de:09474:9030	Forchheim Bamberger Str.
de:09474:9029	Forchheim Bammersdorfer Str.
de:09474:9036	Forchheim Benzstr.
de:09474:9032	Forchheim Braunauer Str.
de:09474:9037	Forchheim BRK-Heim
de:09474:9039	Forchheim Brunnenweg
de:09474:9040	Forchheim Bügstr.
de:09474:9042	Forchheim Daimlerstr.
de:09474:9044	Forchheim Don-Bosco-Apotheke
de:09474:9046	Forchheim E.-Reuter-Pl.
de:09474:9048	Forchheim Eisenbahnstr.
de:09474:9049	Forchheim Eisenbahnunterf.
de:09474:9052	Forchheim Finanzamt
de:09474:9078	Forchheim Fr.-Ludwig-Jahn-Str.
de:09474:9028	Forchheim Globus
de:09474:9004	Forchheim Hafenstr.
de:09474:9038	Forchheim Jahnpark
de:09474:9005	Forchheim Jörg-Creutzer-Heim
de:09474:9058	Forchheim Kaiser-Heinrich-Str.
de:09474:9061	Forchheim Katharinenspital
de:09474:9062	Forchheim Kellerwald
de:09474:9063	Forchheim Kirche St. Anna
de:09474:9068	Forchheim Klinikum
de:09474:9065	Forchheim Klosterstr.
de:09474:9066	Forchheim Kolpingspl.
de:09474:9067	Forchheim Konradstr.
de:09474:9059	Forchheim Käsröthe
de:09474:9069	Forchheim Lichteneiche
de:09474:9070	Forchheim Marktplatz
de:09474:9056	Forchheim Martin-Luther-Str.
de:09474:9071	Forchheim OBI
de:09474:9041	Forchheim Ohmstr.
de:09474:9090	Forchheim Paradeplatz
de:09474:9493	Forchheim Pilatusfeld
de:09474:9072	Forchheim Realschule
de:09474:9087	Forchheim Regnitzstr.
de:09474:9075	Forchheim Ruhalmstr.
de:09474:9003	Forchheim Sandäcker
de:09474:9076	Forchheim Schlachthofstr.
de:09474:9080	Forchheim Schützenstr.
de:09474:9019	Forchheim Siemens
de:09474:9007	Forchheim Simon-Hegele-Straße
de:09474:9082	Forchheim Spinnerei
de:09474:9081	Forchheim Steinbühlstr.
de:09474:9083	Forchheim Untere Kellerstr.
de:09474:9085	Forchheim V.-von-Scheffel-Pl.
de:09474:9086	Forchheim Verklärung Christi
de:09474:9045	Forchheim Von-Ketteler-Str.
de:09474:9088	Forchheim W.-Hauff-Str.
de:09474:9084	Forchheim Weinbergstr.
de:09474:9089	Forchheim West Tannenweg
de:09474:9092	Forchheim Ziegeleistr.
de:09474:9027	Forchheim Äuß.Nürnb.Str.
de:09176:4048	Forchheim, Alte Schule
de:09779:6789	Forheim
de:09472:23383	Forkendorf
de:09571:13678	Forndorf
de:09373:17818	Forst (b. Sengenthal)
de:09575:14358	Forst (b.Gerhardsh.) Hauptstr.
de:09678:27158	Forst Hauptstraße
de:09678:25659	Forst Unterstellhalle
de:09577:16641	Forsthaus (b. Muhr a.See)
de:09377:11816	Forsthof
de:09565:4560	Forsthof (b.Schwabach)
de:09371:18128	Forsthof (S-R) Ab.Großalbersd.
de:09371:18123	Forsthof (Sulz-R.) GH Heldrich
de:09371:18126	Forsthof (Sulz-R.) Sportplatz
de:09371:18101	Forsthof (Sulzb.-R.) Bayerlein
de:09371:18102	Forsthof (Sulzb.-R.) Post
de:09565:4559	Forsthof b.Schwab. Lebenshilfe
de:09565:4562	Forsthof b.Schwabach Memmert
de:09477:5167	Forstlahm
de:09186:8538	Forstpriel, B16a
de:09572:6210	Forth
de:09572:6221	Forth Abzw. Frohnhof
de:09572:6213	Forth Goethestr.
de:09572:6216	Forth Kath. Kirche
de:09572:6217	Forth Schule
de:09572:6218	Forth Seniorenzentrum
de:09572:6215	Forth, K.-Adenauer-Str.
de:09278:9112	Franken
de:09477:80083	Frankenberg (b. Kulmbach)
de:09478:27335	Frankenberg (b. Weismain)
de:09471:21172	Frankendorf (b. Buttenheim)
de:09571:13595	Frankendorf (b. Weihenzell)
de:09575:14111	Frankenfeld B8
de:09575:14112	Frankenfeld Ort
de:09472:23675	Frankenhaag
de:09371:18779	Frankenhof
de:09571:13641	Frankenhofen
de:09377:7621	Frankenreuth, Abzw
de:09377:11132	Frankenreuth, Ort
de:09678:27160	Frankenwinheim
de:09678:75439	Frankenwinheim Rufbus Start,Frankenwinheim
de:09575:14638	Frankfurt (b.M.Taschendorf)
de:09562:3651	Frauenaurach Ab. Kriegenbrunn
de:09562:3666	Frauenaurach Aurachbrücke
de:09562:3657	Frauenaurach Bahnhof
de:09562:3661	Frauenaurach Brückenstr.
de:09562:3667	Frauenaurach Elly-Heuss-Str.
de:09562:3656	Frauenaurach Fa. Sylvania
de:09562:3664	Frauenaurach Gaisbühlstr.
de:09562:3673	Frauenaurach Geisberg-Ost
de:09562:3659	Frauenaurach Gostenhofer Str.
de:09562:3668	Frauenaurach Gr.-Zeppelin-Str.
de:09562:3671	Frauenaurach Industriepark
de:09562:3662	Frauenaurach Lessingstr.
de:09562:3669	Frauenaurach Neuenweiherstr.
de:09562:3658	Frauenaurach Schule
de:09562:3663	Frauenaurach Sportplatz
de:09562:3665	Frauenaurach Wallenrodstr.
de:09375:144	Frauenberg
de:09478:27225	Frauendorf Ortsmitte
de:09478:27227	Frauendorf Schule
de:09376:392	Frauenhof, Abzw
de:09363:167	Frauenricht Frauenricht, Abzw.
de:08128:12332	Frauental, Kloster
de:08128:12333	Frauental, Seewiesenhof
de:09273:888	Frauenwahl, Abzw
de:09376:80143	Fraunberg
de:09371:18246	Frechetsfeld
de:09472:23083	Freiahorn Feuerwehrhaus
de:09472:23082	Freiahorn Gasthaus Wiegärtner
de:09478:27616	Freiberg (Lkr. LIF)
de:09373:17609	Freiberg b. Lauterhofen
de:09472:23523	Freienfels B22
de:09373:17931	Freihausen
de:09371:18500	Freihung
de:09371:18496	Freihung Amberger Str.
de:09371:18493	Freihung Blauenneuschacht
de:09371:18497	Freihung Dr.-Hans-Raß-Str.
de:09371:18501	Freihung Industriestr.
de:09371:18494	Freihung Kirchen-/Elbarterstr.
de:09371:18499	Freihung Kirchen-/Glückaufstr.
de:09371:18498	Freihung Schule
de:09376:80754	Freihöls
de:09376:80144	Freihöls/Lindenlohe
de:09574:7781	Freiröttenbach
de:09371:18832	Freischweibach
de:09375:21008	Freiung 1
de:09779:6652	Fremdingen Bahnhof
de:09779:6649	Fremdingen, Hauptstr.
de:09779:6721	Fremdingen, Volksschule
de:09471:21220	Frensdorf Bahnhof
de:09471:21221	Frensdorf Bauhof
de:09471:21227	Frensdorf Reundorfer Str.
de:09471:21225	Frensdorf Schule
de:09471:21716	Frenshof Abzw. Grub
de:09471:21713	Frenshof Ortsmitte
de:09373:17518	Frettenshofen
de:08128:12358	Freudenbach, Kindergarten
de:08128:12359	Freudenbach, Ortsmitte
de:09371:18505	Freudenberg Dorfplatz
de:09371:18507	Freudenberg Gh. Wagner
de:09471:21607	Freudeneck Ort
de:09373:17955	Freudenricht
de:09373:17507	Freystadt Am Mühlbach
de:09373:17500	Freystadt Bahnhof
de:09373:17504	Freystadt Gewerbegebiet Süd
de:09373:17506	Freystadt Rathaus
de:09373:17509	Freystadt Rettelloh
de:09373:17505	Freystadt Sportplatz
de:09373:17508	Freystadt, Am Badgraben
de:09373:17233	Fribertshofen
de:09571:12367	Frickendorf (b. Dietenhofen)
de:09674:7405	Frickendorf (Ufr.)
de:09577:16164	Frickenfelden Festplatz
de:09577:16168	Frickenfelden Schule
de:09679:4054	Frickenhausen Sandsteige
de:09679:4055	Frickenhausen Siedlung
de:09679:4056	Frickenhausen Unteres Tor
de:09373:17121	Frickenhofen
de:09572:6796	Frickenhöchstadt
de:09371:18701	Friebertsheim
de:09377:7191	Friedenfels, Frauenreuth
de:09377:7183	Friedenfels, Granitwerk
de:09377:15818	Friedenfels, Grenzbachstr.
de:09377:7184	Friedenfels, Schloßbrauerei
de:09377:15815	Friedenfels, Schönfuß
de:09377:7843	Friedenfels, Siedlung
de:09377:7182	Friedenfels, Steinbruckweg
de:09377:15816	Friedenfels, Trettmanns
de:09376:80145	Friedersdorf
de:09374:15917	Friedersreuth
de:09373:17124	Friedlmühle
de:09475:80478	Friedmannsdorf
de:09362:14016	Friedrich-Viehbacher-Allee
de:09476:3892	Friedrichsburg
de:09161:1842	Friedrichshofen, Ochsenmühlstr
de:09571:12506	Friedrichsthal
de:09462:22330	Friedrichsthal (b Bayreuth)
de:09462:22332	Friedrichsthal b. Bayreuth Ost
de:09471:20728	Friesen Hauptstr.
de:09471:20729	Friesen Unterfriesen
de:09674:7434	Friesenhausen
de:09572:6797	Frimmersdorf
de:09377:9938	Frodersreuth
de:09371:19419	Frohnhof (b. Hahnbach)
de:09571:13246	Frohnhof (b. Petersaurach)
de:09572:6231	Frohnhof (Eckental)
de:09473:15066	Frohnlach
de:09779:7297	Frohnmühle
de:09571:12895	Frommetsfelden
de:09376:7471	Fronberg, Am Anger/Gärtnerstr.
de:09376:7407	Fronberg, Fronberger Str.
de:09376:7436	Fronberg, Olympia/Hannathstr.
de:09376:7416	Fronberg, Olympiastr./Lohstr.
de:09376:7406	Fronberg, Post
de:09376:7470	Fronberg, St.-And.-Str./Kirche
de:09376:2757	Frotzersricht, gg.Steinmetz Plank
de:09675:29372	Fröhstockheim Am Rathaus
de:09675:3439	Fröhstockheim Gewerbegebiet
de:09571:12112	Fröschau (b. Bechhofen)
de:09574:7875	Fröschau (b. Schwarzenbruck)
de:09575:14895	Fröschendorf Hauptstr.
de:09575:14894	Fröschendorf Mühle
de:09575:14896	Fröschendorf Ortsmitte
de:09575:14544	Fuchsau
de:09373:17144	Fuchsberg
de:09472:23596	Fuchsendorf (b. Kirchenping.)
de:08128:12335	Fuchshof, Ort
de:09377:7848	Fuchsmühl, Brunner
de:09377:15819	Fuchsmühl, Fürstenhof
de:09377:7847	Fuchsmühl, Gütterner Str.
de:09377:7850	Fuchsmühl, Jugendheim
de:09377:7842	Fuchsmühl, Kirche
de:09377:7849	Fuchsmühl, Post
de:09377:7851	Fuchsmühl, Schloß
de:09377:11498	Fuchsmühl, Sparkasse
de:09377:15820	Fuchsmühl, West
de:09479:2382	Fuchsmühle
de:09373:17573	Fuchsmühle (b. Hohenfels)
de:09577:16258	Fuchsmühle (b. Treuchtlingen)
de:09678:27168	Fuchsstadt (b. Stadtl.)
de:09361:19918	Fuchsstein
de:09678:25709	Fuchsstädter Mühle
de:09377:7586	Fuhrmannsreuth
de:09576:8761	Furth (b. Schwanstetten)
de:09479:9510	Furthammer bei Tröstau
de:09479:9509	Furthammer bei Wunsiedel
de:09375:149	Fußenberg Kürner Straße
de:09371:19027	Föderricht
de:09477:75014	Fölschnitz
de:09475:10527	Förbau
de:09574:7409	Förrenbach
de:09475:80881	Förstenreuth
de:09572:6140	Förtschwind
de:09576:8817	Fünfbronn Abzw. Igelsbach
de:09576:8816	Fünfbronn Kirche
de:09779:6524	Fünfstetten, Bahnhofstraße
de:09779:6523	Fünfstetten, ehem.Bahnhof
de:09779:6469	Fünfstetten, Marktplatz
de:09779:6535	Fünfstetten, Sulzdorfer Straße
de:09674:29856	Fürnbach Steigerwaldstr. 6
de:09571:13514	Fürnheim
de:09371:18249	Fürnried Dorfplatz
de:09376:80126	Fürsthof
de:09563:2110	Fürth (Bay) Hbf
de:09563:2387	Fürth Allensteiner Str.
de:09563:2393	Fürth Am Annaberg
de:09563:2398	Fürth Am Grünen Weg
de:09563:2392	Fürth Am Grünerpark
de:09563:2457	Fürth Am Kavierlein
de:09563:2134	Fürth Am Schießanger
de:09563:2272	Fürth Am Weidiggraben
de:09563:2250	Fürth Amalienstr.
de:09563:2145	Fürth Badstr.
de:09563:2258	Fürth Balbiererstr.
de:09563:2270	Fürth Benno-Strauß-Str.
de:09563:2391	Fürth Berlinstr.
de:09563:2362	Fürth Billinganlage
de:09563:2167	Fürth Brandenburger Str.
de:09563:2396	Fürth Bremerstaller Wiesen
de:09563:2389	Fürth Breslauer Str.
de:09563:2175	Fürth Cineplex
de:09563:2365	Fürth Conrad-Stutz-Weg
de:09563:2470	Fürth Dieselstr.
de:09563:2397	Fürth Dieter-Streng-Str.
de:09563:2276	Fürth Dr.-Frank-Str.
de:09563:2371	Fürth Eigenes Heim
de:09563:2271	Fürth Europaallee
de:09563:2373	Fürth Feldstr.
de:09563:2179	Fürth Finkenstr.
de:09563:2467	Fürth Flurstr.
de:09563:2262	Fürth Flößaustr.
de:09563:2252	Fürth Frauenstr.
de:09563:2459	Fürth Friedhof
de:09563:2460	Fürth Friedhof Nordeingang
de:09563:2248	Fürth Fronmüllerstr.
de:09563:2152	Fürth Fürther Freiheit
de:09563:2283	Fürth G.-Hauptmann-Str.
de:09563:2274	Fürth Gartenkolonie Südstadt I
de:09563:2163	Fürth Grüner Markt
de:09563:2166	Fürth Hallstr.
de:09563:2249	Fürth Hans-Bornkessel-Str.
de:09563:1299	Fürth Hans-Böckler-Str.
de:09563:2383	Fürth Hansastr.
de:09563:2386	Fürth Hard-/Soldnerstr.
de:09563:2390	Fürth Hardhöhe
de:09563:2394	Fürth Hardhöhe Wende
de:09563:2111	Fürth Hbf Südausgang
de:09563:2363	Fürth Heimgartenstr.
de:09563:2137	Fürth Henri-Dunant-Str.
de:09563:2364	Fürth Heuweg
de:09563:2156	Fürth Hirschenstr.
de:09563:2260	Fürth Holzstr.
de:09563:2259	Fürth Humbserstr.
de:09563:2275	Fürth infra
de:09563:2375	Fürth Jakob-Henle-Str/Klinikum
de:09563:2171	Fürth Jakobinenstr.
de:09563:2281	Fürth John-F.-Kennedy-Str.
de:09563:2261	Fürth Kaiserstr.
de:09563:2160	Fürth Katharinenstr.
de:09563:2176	Fürth Kirchenstr.
de:09563:2664	Fürth Kirchenweg
de:09563:2180	Fürth Klinikum
de:09563:2263	Fürth Kornstr.
de:09563:2462	Fürth Kronacher Str.
de:09563:2131	Fürth Kulturforum
de:09563:2168	Fürth Kurgartenstr.
de:09563:2384	Fürth Leibnizstr.
de:09563:2257	Fürth Leyher Str.
de:09563:2370	Fürth Lucas-Cranach-Str.
de:09563:2447	Fürth Ludwigbrücke
de:09563:2265	Fürth Ludwigstr.
de:09563:2177	Fürth Luisenstr.
de:09563:2278	Fürth Magazinstr.
de:09563:2395	Fürth Manfred-Roth-Str.
de:09563:2174	Fürth Mariensteig
de:09563:2157	Fürth Mathildenstr.
de:09563:2162	Fürth Maxbrücke
de:09563:2155	Fürth Maxstr.
de:09563:2154	Fürth Maxstr. Süd
de:09563:2244	Fürth Merkurstr.
de:09563:2172	Fürth Mondstr.
de:09563:2366	Fürth Mühltalstr.
de:09563:2282	Fürth Neumannstr.
de:09563:2251	Fürth Paulskirche
de:09563:2376	Fürth Pfeiferstr.
de:09563:2359	Fürth Pillauer Str.
de:09563:2458	Fürth Poppenreuther Str.
de:09563:2358	Fürth R.-v.-Aldebert-Str.
de:09563:2164	Fürth Rathaus
de:09563:2357	Fürth Reichsbodenweg
de:09563:2372	Fürth Riemenschneiderstr.
de:09563:2255	Fürth Ritterstr.
de:09563:2374	Fürth Robert-Koch-Str.
de:09563:2159	Fürth Rosenstr.
de:09563:2463	Fürth Rudolf-Schiestl-Str.
de:09563:2266	Fürth Saarburger Str.
de:09563:2361	Fürth Scherbsgrabenbäder
de:09563:2455	Fürth Schilfweg
de:09563:2461	Fürth Seeackerstr.
de:09563:2253	Fürth Simonstr.
de:09563:2256	Fürth Sonnenstr.
de:09564:1101	Fürth Stadtgrenze
de:09563:2130	Fürth Stadthalle
de:09563:2161	Fürth Stadthalle Süd
de:09563:2165	Fürth Stadttheater
de:09563:2452	Fürth Steinfeldweg
de:09563:2264	Fürth Steubenstr.
de:09563:2360	Fürth Stiftungsstr.
de:09563:2464	Fürth Storchenstr.
de:09563:2254	Fürth Stresemannplatz
de:09563:2268	Fürth Süd
de:09563:2241	Fürth Südstadtpark
de:09563:2369	Fürth Taubenweg
de:09563:2158	Fürth Theaterstr.
de:09563:2284	Fürth Thomas-Mann-Str.
de:09563:2169	Fürth Uferstadt
de:09563:2170	Fürth Uferstadt Parkplatz
de:09563:2141	Fürth Volkshochschule
de:09563:2273	Fürth Waldackerweg
de:09563:2310	Fürth Westvorstadt
de:09563:2456	Fürth Wiesenstr.
de:09563:2246	Fürth Zeppelinstr.
de:09563:2181	Fürth, Klinikum Ost
de:09563:2182	Fürth, Klinikum West
de:09563:2610	Fürth-Burgfarrnbach
de:09563:2311	Fürth-Dambach
de:09563:2313	Fürth-Unterfarrnbach
de:09563:2312	Fürth-Unterfürberg
de:09675:25339	Füttersee
de:09675:1156	Füttersee Inno-Park Geiselw.
de:09576:8161	G-Lohe Hinteres Dorf
de:09576:8166	G-Lohe Parkstr.
de:09576:8168	G-Lohe Schwarzachbrücke
de:09576:8163	G-Lohe Sperlingstr.
de:09273:818	Gaden, Ortsmitte
de:09675:27172	Gaibach Ortsmitte
de:09675:27173	Gaibach Schönbornstraße
de:09474:9246	Gaiganz
de:09571:13656	Gailnau Ortsmitte
de:09571:13657	Gailnau Siedlung
de:09361:19531	Gailoh Am Ährenfeld
de:09361:19630	Gailoh Im Frauental
de:09361:19923	Gailoh Kindergarten
de:09361:19795	Gailoh Rosenplatz
de:09571:13408	Gailroth
de:09571:13409	Gailroth Gasthaus Breiter
de:09571:13197	Gailshofen
de:09176:9008	Gaimersheim
de:09176:8039	Gaimersheim, Abz Magnusweg
de:09176:7632	Gaimersheim, Aquamarin
de:09176:8776	Gaimersheim, Dohlenstr.
de:09176:8043	Gaimersheim, Eitensheimer Str.
de:09176:8041	Gaimersheim, Feuerwehrhaus
de:09176:8774	Gaimersheim, Friedhof
de:09176:7615	Gaimersheim, Gewerbegebiet
de:09176:7814	Gaimersheim, GS/MS
de:09176:8902	Gaimersheim, Gymnasium
de:09176:8775	Gaimersheim, Hindemithstr.
de:09176:8936	Gaimersheim, Horchstr.
de:09176:8890	Gaimersheim, Händlstr.
de:09176:8896	Gaimersheim, Keplerstaße
de:09176:8038	Gaimersheim, Kraibergstraße
de:09176:7511	Gaimersheim, Lilienthalstr.
de:09176:8037	Gaimersheim, Mittlere Heide
de:09176:8042	Gaimersheim, Rathaus
de:09176:8819	Gaimersheim, Seniorenheim
de:09371:19028	Gaisheim
de:09571:12194	Gaishof (b. Buch a.W.)
de:09574:7051	Gaisreuth
de:09371:18893	Gaißach
de:09575:14341	Gallmersgarten Mitte
de:09371:18103	Gallmünz Dorf
de:09371:18124	Gallmünz Hans-Göth-Str.
de:09371:18133	Gallmünz Willy-Brandt-Str.
de:09176:8306	Gammersfeld
de:09779:7479	Gansheim, Gänsfleckenweg
de:09779:5362	Gansheim, Ortsmitte
de:09779:5376	Gansheim, Regilostr.
de:09371:19263	Garsdorf
de:09678:27176	Garstadt Feuerwehrhaus
de:09474:9140	Gasseldorf
de:09474:9142	Gasseldorf A.-Felbinger-Str.
de:09474:9145	Gasseldorf Abzw. Sonnenstr.
de:09474:9146	Gasseldorf Brunnenweg
de:09373:17932	Gastelshof
de:09571:12198	Gastenfelden
de:09571:13478	Gattenhofen
de:09576:8411	Gauchsdorf
de:09576:8716	Gaulnhofen (b. Rohr)
de:09461:20512	Gaustadt Fabrikbau
de:09461:20514	Gaustadt Freibad
de:09461:20085	Gaustadt Friedhof
de:09461:20131	Gaustadt H.-Semlinger-Str.
de:09461:20312	Gaustadt Rathaus
de:09461:20352	Gaustadt Spinnerei
de:09371:18338	Gaßenhof
de:09375:153	Gebelkofen Abzw.
de:09375:154	Gebelkofen Ortsmitte
de:09371:18581	Gebenbach Ort
de:09371:18583	Gebenbach Schule
de:09274:3499	Gebersdorf
de:09576:8881	Gebersdorf (b. Thalmässing)
de:09373:17324	Gebertshof
de:09373:17624	Gebertshofen Ortsmitte
de:09571:12570	Gebsattel Alter Bahnhof
de:09571:12573	Gebsattel Neusitzer Str.
de:09571:12574	Gebsattel Schloßstr.
de:09571:12577	Gebsattel Schule
de:09575:14973	Geckenheim
de:09675:29384	Geesdorf Ortsmitte
de:09675:25896	Geesdorf Rüdener Str.
de:09472:23312	Gefrees Abzw. Schlesienstr.
de:09472:23314	Gefrees Egerstr./Am Wiesenweg
de:09472:23317	Gefrees Jacob-Ellrod-Schule
de:09472:23311	Gefrees Kirche
de:09472:23313	Gefrees Stadthalle
de:09472:23319	Gefrees Umspannwerk (B2)
de:09571:11757	Gehrenberg
de:09371:18780	Gehrsricht
de:09273:1994	Geibenstetten, Mühlhausenerstr.
de:09472:23876	Geiersberg (b. Warmensteinach)
de:09462:22338	Geigenreuth Ort
de:09371:18247	Geigenwang
de:09373:17736	Geigerhaid
de:09571:13520	Geilsheim Aussiedlerhof
de:09571:13518	Geilsheim Brunnen
de:09571:13515	Geilsheim Kirche
de:09571:13516	Geilsheim Lagerhaus
de:09571:13517	Geilsheim Raiffeisenbank
de:09471:21331	Geisdorf
de:09371:18541	Geiselhof
de:09474:9349	Geiselhöhe
de:09577:16483	Geiselsberg
de:08136:1809	Geiselwang
de:09675:29389	Geiselwind Abzw. Langenberg
de:09675:6651	Geiselwind Autobahnmeisterei
de:09675:29387	Geiselwind Drei-Franken-Schule
de:09675:28684	Geiselwind Freizeitpark
de:09561:11341	Geisengrund
de:09471:20933	Geisfeld
de:08136:5700	Geislingen Rathaus
de:08136:5701	Geislingen Th.-Eha-Straße
de:09577:16485	Geislohe (b. Haundorf)
de:09577:16686	Geislohe (b. Pappenheim)
de:09575:14704	Geißlingen
de:09176:8262	Gelbelsee
de:09678:25821	Geldersheim Am Eckturm
de:09678:25822	Geldersheim Birkenstraße
de:09678:25832	Geldersheim Gartenstraße
de:09678:25833	Geldersheim Kirche,Geldersheim
de:09678:27662	Geldersheim Marktplatz,Geldersheim
de:09678:25831	Geldersheim Riedstraße
de:09678:29965	Geldersheim Schule
de:09678:75229	Geldersheim Schweinfurter Straße
de:09374:3760	Gelpertsricht,Forsthof (Kr NEW)
de:09674:7430	Gemeinfeld Abzw.
de:09674:15805	Gemünd
de:09571:12038	Georgenhaag
de:09576:8438	Georgensgm. Breitenloher Weg
de:09576:8440	Georgensgm. Gew.geb. Abz. Süd
de:09576:8441	Georgensgm. Pleinfelder Str.
de:09576:8470	Georgensgm. Verbrauchermärkte
de:09576:8450	Georgensgmünd
de:09576:8436	Georgensgmünd Am Taubenacker
de:09576:8430	Georgensgmünd Bahnhof Ost / Schule
de:09576:8437	Georgensgmünd Birkenwäldchen
de:09576:8446	Georgensgmünd Bleichel
de:09576:8442	Georgensgmünd Erlenweg
de:09576:8465	Georgensgmünd Fa. Röhler
de:09576:8443	Georgensgmünd Galgenbuck
de:09576:8444	Georgensgmünd Gartenstr.
de:09576:8460	Georgensgmünd Handelsstr.
de:09576:8447	Georgensgmünd Hochstr.
de:09576:8448	Georgensgmünd Hörlbergstr.
de:09576:8453	Georgensgmünd Industriestr.
de:09576:8456	Georgensgmünd Margaretenweg
de:09576:8455	Georgensgmünd Marktplatz
de:09576:8458	Georgensgmünd Mauker Str.
de:09576:8459	Georgensgmünd Moselstr.
de:09576:8461	Georgensgmünd Obere Lerch
de:09576:8457	Georgensgmünd Planetentor
de:09576:8445	Georgensgmünd Planetenweg
de:09576:8451	Georgensgmünd Rathaus
de:09576:8464	Georgensgmünd Saazer Str.
de:09576:8431	Georgensgmünd Sportzentrum Papiermühle
de:09576:8467	Georgensgmünd Steinbacher Str.
de:09471:21262	Gerach
de:09274:81244	Geratsberg (Rottenburg)
de:09374:16842	Gerbersdorf
de:09571:13013	Gerbersdorf (b. Merkendorf)
de:09571:12236	Gerersdorf Ort
de:09571:12237	Gerersdorf Staatsstraße
de:09674:7420	Gereuth Ortsmitte
de:09575:14364	Gerhardshofen Am Steinbruch
de:09575:14361	Gerhardshofen Birnbaumer Str.
de:09575:14363	Gerhardshofen Gh.Krone
de:09675:29297	Gerlachshausen Kirche
de:09675:29279	Gerlachshausen Schleuse
de:09675:29671	Gerlachshausen Wehrgasse
de:09574:7783	Germersberg Omnibus Kraus
de:09571:13221	Gern
de:09678:27182	Gernach Am Graben
de:09678:3167	Gernach St. Ägidiusstraße
de:09674:15799	Geroldswind
de:09571:12508	Gerolfin. Hesselberg Hallenbad
de:09161:1489	Gerolfing, Handwerkerhof
de:09161:7515	Gerolfing, Langgässerstraße
de:09161:7516	Gerolfing, Schule
de:09571:12591	Gerolfingen Gh. Rötter
de:09571:12593	Gerolfingen Lagerhaus
de:09678:27183	Gerolzhofen Bahnhof
de:09678:29088	Gerolzhofen Berliner Straße
de:09678:27185	Gerolzhofen Hermann-Löns-Str.
de:09678:3266	Gerolzhofen Krankenhaus
de:09678:29087	Gerolzhofen Nördliche Allee
de:09678:27699	Gerolzhofen Schulzentrum
de:09678:75108	Gerolzhofen, Grabenstr.
de:09678:75053	Gerolzhofen, Hauptschule
de:09678:75410	Gerolzhofen, Lülsfelder Weg
de:09678:75409	Gerolzhofen, Zink
de:09571:13041	Gersbach
de:08127:20272	Gersbach Abzweigung
de:09571:11955	Gersbronn
de:09577:16664	Gersdorf (b. Nennslingen)
de:09574:7509	Gersdorf Nonnenbergstr.
de:09574:7510	Gersdorf/Leinburg Hauptstr.
de:09474:9737	Geschwand Fa. Eberle
de:09474:9735	Geschwand Ort
de:09474:9734	Geschwand Schule
de:09472:23373	Gesees Feuerwehrhaus
de:09472:23375	Gesees Heidenreich
de:09472:23377	Gesees Margaretenweg
de:09472:23371	Gesees Ortsmitte
de:09571:12623	Geslau Jägerhof
de:09571:12612	Geslau Kreuthfeldstr.
de:09571:12611	Geslau Ortsmitte
de:09571:12613	Geslau Siedlung
de:09375:652	Gessendorf
de:09674:27188	Geusfeld Kirchplatz
de:09472:22846	Geusmanns
de:09478:27338	Geutenreuth
de:09678:6197	Gewerbegebiet A70 Am Eschenbach
de:09678:6198	Gewerbegebiet A70 Pfaffenpfad
de:09577:16354	Geyern Bergener Str.
de:09577:16355	Geyern Pfraunfelder Str.
de:09571:12015	Gickelhausen
de:09471:20768	Giechburg Abzw.
de:09185:7809	Gietlhausen, Feuerwehrhaus
de:09371:18835	Giggelsberg
de:09371:18840	Giggelsberg Ortsmitte
de:09373:17915	Giggling
de:09373:17378	Gimpertshausen (Breitenbr./NM)
de:09571:12079	Gindelbach
de:09472:23193	Glasermühle B303/Ab Bischofsgr
de:09374:15916	Glasern
de:09571:11775	Glashofen Ort
de:09472:23399	Glashütten Altenheim
de:09472:23391	Glashütten Frankenhaager Str.
de:09472:23393	Glashütten Nord
de:09472:23395	Glashütten Post
de:09472:23397	Glashütten Siedlung
de:09674:28637	Gleisenau Grundschule
de:09674:27605	Gleisenau, Am Schloss
de:09474:9192	Gleisenhof
de:09571:13248	Gleizendorf
de:09575:14165	Gleißenberg
de:09374:7281	Gleißenthal
de:09674:7418	Gleusdorf Ortsmitte
de:09473:15219	Gleußen Ort
de:09373:17286	Gnadenberg
de:09478:27111	Gnellenroth
de:09675:29421	Gnodstadt Am Dorfbrunnen
de:09675:75444	Gnodstadt Schulbushaltestelle
de:09577:16441	Gnotzheim Marktplatz
de:09577:16442	Gnotzheim Schule
de:09675:29424	Gnötzheim Kulturscheune
de:09678:25894	Gochsheim Frankenstraße
de:09678:27190	Gochsheim Mitte
de:09678:25895	Gochsheim Schonunger Straße
de:09678:25825	Gochsheim Schule
de:09678:27191	Gochsheim Schweinfurter Str.
de:09678:29053	Gochsheim Südost
de:09678:5830	Gochsheim Weyerer Straße Parkplatz
de:09678:75109	Gochsheim, An den Gaden
de:09678:75402	Gochsheim, Atzmann
de:09678:75401	Gochsheim, Lucas-Cranach-Weg
de:09377:11079	Godas
de:09471:21042	Godelhof
de:09371:18299	Godelmann
de:09371:19421	Godlricht
de:09674:27872	Goggelgereuth
de:08127:22516	Goldbach Hochweg
de:08127:22517	Goldbach Post
de:08127:22518	Goldbach Schäfergasse
de:08136:5300	Goldburghausen
de:09571:12041	Goldbühl
de:09472:23411	Goldkronach
de:09472:23018	Goldmühl Abzw. Brandholz
de:09472:23020	Goldmühl Bahnhof
de:09472:23022	Goldmühl Gasthaus Gr. Baum
de:08136:1512	Goldshöfe Bahnhof
de:09575:14396	Gollachostheim
de:09472:23683	Gollenbach
de:09575:14393	Gollhofen Kettenbrunnen
de:09573:5118	Gonnersd./Cadolzb. Dillenberggr.
de:09573:5082	Gonnersdorf (b.Cadolzburg)
de:09375:164	Gonnersdorf Angerstraße
de:09375:984	Gonnersdorf Kapelle
de:09474:9760	Gosberg
de:09474:9762	Gosberg Gasth.Schuhmann
de:09474:9764	Gosberg Kirche
de:09474:9766	Gosberg Mitte
de:09571:13519	Goschenhof
de:09472:23461	Gosen
de:09779:6468	Gosheim, Feuerwehrhaus
de:09779:6441	Gosheim, Wemdinger Straße
de:09473:16418	Gossenberg Brücke
de:09473:16417	Gossenberg Mitte
de:09571:12043	Gothendorf
de:09472:23526	Gottelhof
de:09475:9059	Gottersdorf, Abzw
de:09575:14922	Gottesgab
de:09574:7410	Gotzenberg
de:09674:12721	Goßmannsdorf Gh. Krone
de:09674:75103	Goßmannsdorf(Haßbge), Kirche
de:09577:16254	Graben (bei Treuchtlingen)
de:09373:17615	Graben b. Lauterhofen
de:09576:8499	Grafenberg
de:09373:17629	Grafenbuch
de:09477:3730	Grafendobrach
de:09477:3689	Grafengehaig Fa. Horn
de:09477:3691	Grafengehaig Rathaus
de:09479:9111	Grafenmühle
de:09479:9352	Grafenreuth b. Thiersheim
de:09678:3160	Grafenrheinfeld Basillastraße
de:09678:3161	Grafenrheinfeld Brückenstraße
de:09678:27194	Grafenrheinfeld Markt
de:09678:75404	Grafenrheinfeld, Grüner Winkel
de:09678:75405	Grafenrheinfeld, Hauptstraße
de:09678:75406	Grafenrheinfeld, Oberer Dorfgraben
de:09678:75407	Grafenrheinfeld, Schillerstr.
de:09376:7398	Grafenricht
de:09375:569	Grafenstadl
de:09375:1693	Grafenstadl, Abzw.
de:09374:7204	Grafenwöhr, Bf
de:09374:7531	Grafenwöhr, Böhm
de:09374:7201	Grafenwöhr, Eichendorffstr.
de:09374:7530	Grafenwöhr, Geismannskeller
de:09374:7529	Grafenwöhr, Gründerzentrum
de:09374:7202	Grafenwöhr, Lager
de:09374:7203	Grafenwöhr, Marienplatz
de:09374:7414	Grafenwöhr, Michaelswerk
de:09374:7666	Grafenwöhr, Ochsenhut
de:09374:7533	Grafenwöhr, Post
de:09374:7200	Grafenwöhr, Wolfgangsiedlung
de:09376:80155	Grain
de:09376:80156	Grain, Abzw
de:09779:5368	Graisbach, Harnitstr.
de:09779:5378	Graisbach, Siedlung
de:09176:8267	Grampersdorf
de:09176:8668	Grampersdorf, Spielplatz
de:09373:17575	Granswang Ortsmitte
de:09575:14796	Grappertshofen Dorfplatz
de:09371:19029	Grasberg (b. Neukirchen b.S-R)
de:09471:20976	Grasmannsdorf
de:09472:23879	Grassemann
de:08136:1014	Grauleshof Altenheim
de:08136:1028	Grauleshof Endhaltestelle
de:08136:1029	Grauleshof Gasthof
de:08136:1035	Grauleshof Hegel-/Kantstraße
de:08136:1046	Grauleshof Kantstraße
de:08136:1059	Grauleshof Obere Hegelstraße
de:08136:1068	Grauleshof Schellingstraße
de:08136:1030	Grauleshof Weiße Steige
de:09576:8211	Grauwinkl
de:09362:14047	Graß
de:09362:14036	Graß Brunnstraße
de:09362:14061	Graß Nord
de:09373:17416	Graßahof
de:09375:843	Graßlfing B 16
de:09375:167	Graßlfing Regensburger Straße
de:09375:982	Graßlfing Weiherweg
de:09576:8506	Greding Am Brunnhäusl
de:09576:8509	Greding Hallenbad
de:09576:8505	Greding Heinr.-Herold-Str.
de:09576:8508	Greding Kindergarten
de:09576:8503	Greding Kindinger Str.
de:09576:8513	Greding Kraftsbucher Str.
de:09576:8504	Greding Landerzhof.Leite
de:09576:8501	Greding Marktplatz
de:09576:8502	Greding Nürnberger Str.
de:09576:8507	Greding Volksschule
de:09576:8512	Greding Zur Achmühle
de:09572:6137	Greiendorf
de:09572:6139	Greienmühle
de:09573:5085	Greimersdorf
de:09376:604	Greinhof, Abzw.
de:09571:13711	Greiselbach
de:09373:17714	Greißelbach (b. Mühlh.)
de:09572:6421	Gremsdorf Bechhoferstr.
de:09572:6423	Gremsdorf Kloster
de:09377:7180	Grenzbachbrücke
de:09371:19329	Gressenwöhr Wartehäuschen
de:09678:27196	Grettstadt ehem. EZB-Markt
de:09678:27198	Grettstadt Gh. Straub
de:09678:27197	Grettstadt Gochsheimer Str.
de:09678:75032	Grettstadt, Schule
de:09572:6138	Greuth (b. Höchstadt/A)
de:09675:29379	Greuth, Kirchplatz
de:09674:75060	Greßelgrund
de:09373:17455	Griesstetten
de:09571:13411	Grimmschwinden
de:08136:4800	Gromberg
de:09371:18259	Gronatshof
de:09176:8294	Groppenhof
de:09377:15850	Groschlattengrün, Ortsmitte
de:09377:15860	Groschlattengrün, Schlössl,Groschlattengrün
de:09475:9107	Grossenau
de:09674:75090	Groß Augsfeld, Kirche
de:09371:18106	Großalbershof
de:09373:17417	Großalfalterbach
de:09574:7785	Großbellhofen
de:09375:171	Großberg Fischersäge
de:09375:102	Großberg Gebrachinger Weg
de:09375:174	Großberg Grenzweg
de:09375:173	Großberg Kirche
de:09375:172	Großberg Pentlinger Straße
de:09375:955	Großberg Steinerne Bank
de:09375:97	Großberg Studentenstadt
de:09373:17549	Großberghausen
de:09471:21193	Großbirkach
de:09373:17578	Großbissendorf
de:09571:13015	Großbreitenbr. Kinderspielpl.
de:09471:20731	Großbuchfeld
de:09475:81846	Großenau Dorfende Schulbushaltestelle,Zell (Kr Hof)
de:09475:80480	Großenau Oberes Dorf
de:09475:80484	Großenau, Feuerwehrhaus, Schulbus
de:09474:9190	Großenbuch Ortsmitte
de:09371:18129	Großenfalz
de:09574:7922	Großengsee Ortsmitte
de:09474:9566	Großenohe
de:09571:12111	Großenried
de:09572:6433	Großenseebach Am Vogelherd
de:09572:6432	Großenseebach Hauptstr.
de:09572:6431	Großenseebach Sportpl.
de:09572:6490	Großgeschaidt
de:09572:6495	Großgeschaidt Abzw. Bf
de:09572:6491	Großgeschaidt Mitte
de:09471:21194	Großgressingen
de:09573:5219	Großhabersd. Ab.Siedlung
de:09573:5218	Großhabersdorf An der Klinge
de:09573:5212	Großhabersdorf Ansbacher Str.
de:09573:5213	Großhabersdorf Bachstr.
de:09573:5215	Großhabersdorf Blumenstr.
de:09573:5214	Großhabersdorf Cadolzb. Str.
de:09573:5216	Großhabersdorf Freibad
de:09573:5211	Großhabersdorf Rosenstr.
de:09573:5217	Großhabersdorf Schule
de:09573:5220	Großhabersdorf Sportplatz
de:09571:12017	Großharbach
de:09571:13247	Großhaslach Bergstr.
de:09571:13249	Großhaslach Dorfplatz
de:09473:15215	Großheirath Ortsmitte
de:09473:3448	Großheirath Schule
de:09576:8520	Großhöbing Ort
de:09576:8517	Großhöbing Schule
de:09374:3784	Großkotzenreuth
de:09472:22662	Großkrausmühle
de:08135:103	Großkuchen Aussiedlerhöfe N.
de:08135:106	Großkuchen Aussiedlerhöfe S.
de:08135:109	Großkuchen Ebnater Straße
de:08135:112	Großkuchen Lupinenweg
de:08135:115	Großkuchen Maierwiesenstraße
de:08135:118	Großkuchen Mettenleiterstraße
de:08135:121	Großkuchen Schule
de:09675:29863	Großlangheim Kitzinger Str. 6
de:09675:3132	Großlangheim Kranzerweg
de:09675:3139	Großlangheim Pfriemsplatz
de:09675:27204	Großlangheim Winzerbrünnle
de:09571:12045	Großlellenfeld Mitte
de:09571:12044	Großlellenfeld West
de:09475:9101	Großlosnitz
de:09475:81848	Großlosnitz Schulbushaltestelle
de:09176:8922	Großmehring, Ahornstr.
de:09176:7442	Großmehring, Bayernwerk
de:09176:8111	Großmehring, Dieselstr.
de:09176:92	Großmehring, Fliederstr./Mühlw
de:09176:91	Großmehring, Fluderbuckel
de:09176:8398	Großmehring, Goethe/Kriegsstr
de:09176:7290	Großmehring, Gutenbergstr.
de:09176:8833	Großmehring, Köschinger Str.
de:09176:8399	Großmehring, Mariensäule
de:09176:7440	Großmehring, Mühlweg
de:09176:8974	Großmehring, Äußere Mühle
de:09273:314	Großmuß, Abzw
de:09273:788	Großmuß, Dorfplatz
de:09273:862	Großmuß, Kirchstr.18
de:09572:6141	Großneuses
de:09176:7575	Großnottersdorf
de:09571:12314	Großohrenbronn Burker Str.
de:09571:12315	Großohrenbronn Raphaelstr.
de:09477:3688	Großrehmühle
de:09479:2384	Großschloppen, Abzw
de:09576:8160	Großschwarzenlohe Bergstr.
de:09576:8165	Großschwarzenlohe Kaufland
de:09576:8164	Großschwarzenlohe Ligusterstr.
de:09576:8167	Großschwarzenlohe Mittelweg
de:09576:8169	Großschwarzenlohe Waldhalle
de:09371:18474	Großschönbrunn Ort
de:09371:18473	Großschönbrunn Vilsecker Str.
de:09779:5344	Großsorheim, Dorfstr.
de:09373:17545	Großthundorf
de:09574:7167	Großviehberg
de:09574:7348	Großvoggenhof
de:09576:8821	Großweingarten Kapelle
de:09576:8822	Großweingarten Kirche
de:09576:8823	Großweingarten Linde
de:09573:5172	Großweismannsdorf B14
de:09573:5171	Großweismannsdorf Ort
de:09479:9036	Großwendern Ort
de:09479:9364	Großwendern, Abzw
de:09479:2379	Großwendern, Bahnübergang
de:09478:27343	Großziegenfeld
de:09471:21711	Grub (b. Schönb.i.Stw.) Ortsm.
de:09574:7364	Grub (b.Burgth) Am Walzenschl.
de:09574:7367	Grub (b.Burgth) Ezelsdorf.Str.
de:09574:7365	Grub (b.Burgthann) Ortsmitte
de:09374:7208	Grub b. Trabitz
de:09273:1767	Grub, Abzw b.Rohr i.NB
de:09273:868	Grub, Ortsmitte
de:09373:17235	Grubach
de:09371:18127	Grund
de:09478:27233	Grundfeld Schule
de:09478:27235	Grundfeld Vierzehnheilig. Str.
de:09476:16005	Grundmühle
de:09474:9400	Gräfenberg
de:09474:9401	Gräfenberg B 2
de:09474:9405	Gräfenberg Egloffsteiner Str.
de:09474:9408	Gräfenberg Grundschule
de:09474:9406	Gräfenberg Lärchenstr.
de:09474:9409	Gräfenberg Schulzentrum
de:09474:9410	Gräfenberg Stadtmitte
de:09474:9412	Gräfenbergerhüll Ort
de:09571:12819	Gräfenbuch Kirche
de:09571:12818	Gräfenbuch Ort
de:09674:75110	Gräfenholz
de:09471:21856	Gräfenhäusling
de:09675:1153	Gräfenneuses Gh. Rose
de:09675:6951	Gräfenneuses Schulbus-Hst.
de:09577:16487	Gräfensteinberg Dorfstr.
de:09577:16484	Gräfensteinberg Waldstr.
de:09577:16488	Gräfensteinbg. Ab.Brombach
de:09373:17457	Grögling Ort
de:09577:16251	Grönhart
de:08127:21222	Gröningen Helmshofener Straße
de:08127:92154	Gröningen Kernmühlweg
de:08127:20288	Gröningen Schule
de:09176:8281	Grösdorf, Mühle
de:09377:7782	Grötschenreuth
de:09571:13599	Grüb (b. Weihenzell)
de:09571:13655	Grüb (b. Wettringen)
de:09571:13820	Grüb (b. Wittelshofen) Ort
de:09476:16221	Grün
de:09374:16877	Grün b. Vorbach
de:09374:15674	Grünau bei Luhe
de:09374:7449	Grünbach bei Trabitz
de:09377:7622	Grünberg bei Brand
de:09574:7722	Grüne Au
de:09377:8799	Grünlas
de:09574:7244	Grünsberg
de:09375:175	Grünschlag
de:09375:1685	Grünstaude
de:09375:17002	Grünthal
de:09375:176	Grünthal Brandlbergstraße
de:09375:17001	Grünthal Feuerwehr
de:09375:177	Grünthal Irlbacher Straße
de:09375:653	Grünthal Schützenheimweg
de:09376:80202	Grünwald b. Schwandorf
de:09373:17281	Gspannberg
de:09574:7877	Gsteinach Brennerstr.
de:09574:7878	Gsteinach Klausener Str.
de:09574:7879	Gsteinach Meraner Str.
de:09576:8373	Guggenmühle
de:09571:13199	Gumpelshofen Hauptstraße
de:09571:13198	Gumpelshofen Ortsmitte
de:09371:19327	Gumpenhof
de:09477:80091	Gumpersdorf
de:09577:16723	Gundelshalm
de:09273:374	Gundelshausen
de:09273:740	Gundelshausen, Ortsmitte
de:09577:16268	Gundelsheim (b.Treu.) Jurastr.
de:09577:16266	Gundelsheim (b.Treu.)Lindenweg
de:09577:16267	Gundelsheim (b.Treuchtl.) Fwh
de:09471:21301	Gundelsheim (BA) Altes Rathaus
de:09471:21302	Gundelsheim (BA) Schützenheim
de:09471:21292	Gundelsheim (Landkreis Bamberg) Holunderweg
de:09471:21294	Gundelsheim (Lkr.BA) Eichenweg
de:09471:21293	Gundelsheim (Lkr.BA) Hasenleite
de:09577:16885	Gundelsheim a.d.Altmühl Mitte
de:09373:17454	Gundelshofen
de:09273:337	Gundlfing, Brücke
de:09475:80882	Gundlitz
de:09176:8367	Gungolding, Brücke
de:09574:7639	Guntersrieth
de:09371:19261	Gunzelsdorf
de:09371:18134	Gunzendorf (b. Auerbach)
de:09471:21174	Gunzendorf (b. Buttenheim)
de:09571:12619	Gunzendorf (Geslau) Ortsmitte
de:09577:16109	Gunzenh. Dr-Heinr.-Marzell-Str
de:09577:15604	Gunzenh. Dr.-H.-Regelsb.-Str.
de:09577:16100	Gunzenhausen
de:09577:16099	Gunzenhausen Adlerweg
de:09577:15619	Gunzenhausen Alemannenstr.
de:09577:16150	Gunzenhausen Alter Friedhof
de:09577:16102	Gunzenhausen Altersheim
de:09577:15622	Gunzenhausen Altmühlbrücke
de:09577:16114	Gunzenhausen Am Steinfeld
de:09577:16103	Gunzenhausen AOK
de:09577:15606	Gunzenhausen Asternweg
de:09577:16140	Gunzenhausen Austr.
de:09577:16106	Gunzenhausen Berufsschule
de:09577:16155	Gunzenhausen Betriebshof Ebert
de:09577:15605	Gunzenhausen Blütenstr.
de:09577:16101	Gunzenhausen Breslauer Str.
de:09577:16105	Gunzenhausen Bühringerstr.
de:09577:16119	Gunzenhausen Carlo-Loos-Str.
de:09577:16112	Gunzenhausen Dr.-Eidam-Platz
de:09577:16116	Gunzenhausen Fichtenweg
de:09577:16124	Gunzenhausen Frankenm. Str.
de:09577:16149	Gunzenhausen Frauenknechtstr.
de:09577:16125	Gunzenhausen Gartenstr.
de:09577:16158	Gunzenhausen Grundschule Süd
de:09577:16107	Gunzenhausen Gymnasium
de:09577:16136	Gunzenhausen Hensoltshöhe
de:09577:16122	Gunzenhausen Hindenburgplatz
de:09577:16139	Gunzenhausen Im Eisenreich
de:09577:15618	Gunzenhausen In d. Stritt Str.
de:09577:16113	Gunzenhausen Krankenhaus
de:09577:15617	Gunzenhausen L.-Erhard-Str.
de:09577:16111	Gunzenhausen Lerchenstr.
de:09577:16120	Gunzenhausen Marktplatz
de:09577:16108	Gunzenhausen Neuer Friedhof
de:09577:16118	Gunzenhausen Nürnberger Str.
de:09577:16144	Gunzenhausen Oettinger Str.
de:09577:16133	Gunzenhausen Paracelsusstr.
de:09577:16123	Gunzenhausen Rathausstr.
de:09577:16126	Gunzenhausen Saarstr.
de:09577:16127	Gunzenhausen Schlesierstr.
de:09577:16137	Gunzenhausen Schulstr.
de:09577:16148	Gunzenhausen Schützenstr.
de:09577:16138	Gunzenhausen Seniorenwohnheim
de:09577:15613	Gunzenhausen Simon-Marius-Str.
de:09577:15608	Gunzenhausen Sonnenstr.
de:09577:16128	Gunzenhausen Spitalfeldstr.
de:09577:16130	Gunzenhausen Stadtbücherei
de:09577:16131	Gunzenhausen Steingass
de:09577:16132	Gunzenhausen Steinkreuzstr.
de:09577:16117	Gunzenhausen Stuttgarter Str.
de:09577:16146	Gunzenhausen Theod.-Heuss-Str.
de:09577:16129	Gunzenhausen Wachtelweg
de:09577:16142	Gunzenhausen Waldbad
de:09577:16141	Gunzenhausen Waldstr.
de:09577:16145	Gunzenhausen Weinbergstr.
de:09577:16135	Gunzenhausen Weinstr.
de:09577:16143	Gunzenhausen Weißenburger Str.
de:09577:16147	Gunzenhausen Wiesenstr.
de:09577:16110	Gunzenhausen Zeppelinstr.
de:09577:15603	Gunzenhausen Zufuhrstr.
de:09577:16121	Gunzenhausen Ärztehaus
de:09779:6531	Gunzenheim, Kirche
de:09576:8720	Gustenfelden Ortsmitte
de:09576:8718	Gustenfelden St2239
de:09679:99008	Gut Seligenstadt
de:09472:23828	Gutenbiegen
de:09571:12896	Gutenhard
de:09575:14400	Gutenstetten Am Bahnhof
de:09575:14403	Gutenstetten Blumenstr.
de:09575:14407	Gutenstetten Schulstr.
de:09575:14405	Gutenstetten Steigerwaldstr.
de:09377:7772	Guttenberg B22
de:09477:3669	Guttenberg Oberes Dorf
de:09477:3668	Guttenberg Unteres Dorf
de:09377:15130	Guttenberg, Ort
de:09573:5770	Gutzberg B 14
de:09573:5769	Gutzberg Ort
de:09571:13480	Gypshütte
de:09674:27171	Gädheim Hauptstraße
de:09674:27170	Gädheim Siedlung
de:09577:16069	Gänswirthshaus
de:09361:19925	Gärbershof
de:09371:18937	Gärmersd. Schwepperm. Kaserne
de:09371:18939	Gärmersdorf
de:09478:27541	Gärtenroth
de:09571:12664	Göddeldorf
de:09571:12821	Gödersklingen
de:09376:80153	Göggelbach
de:09576:8388	Göggelsbuch Am Steigbühl
de:09576:8369	Göggelsbuch BAB Parkpl.
de:09576:8387	Göggelsbuch Kirche
de:09577:16688	Göhren
de:09576:8882	Göllersreuth Grabhügel
de:09576:8880	Göllersreuth Mitte
de:09479:9359	Göpfersgrün
de:09577:16561	Göppersdorf
de:09472:22922	Göppmannsbühl Feuerwehrhaus
de:09472:22728	Görau (b. Weidenberg)
de:09478:27341	Görau (b. Weismain)
de:09474:9562	Görbitz Ort
de:09571:12910	Görchsheim
de:09374:16890	Görglas
de:09479:15735	Göringsreuth
de:09472:22730	Görschnitz
de:09472:22731	Görschnitz Staatsstr.
de:09472:23829	Gösseldorf (b. Waischenfeld)
de:09561:11346	Gösseldorf (b.Ansbach)
de:09376:8515	Gösselsdorf
de:09374:7205	Gössenreuth
de:09476:16218	Gössersdorf
de:09575:14198	Göttelbrunn
de:09374:7230	Göttersdorf bei Auerbach
de:09176:8380	Götzelshard
de:09474:9274	Götzendorf (b. Eggolsheim)
de:09371:18776	Götzendorf (b. Illschwang)
de:09371:19214	Götzendorf b. Schnaittenbach
de:09576:8413	Götzenreuth
de:09371:18395	Götzenöd
de:09474:9911	Gößmannsberg
de:09477:4080	Gößmannsreuth
de:09478:27229	Gößmitz
de:09474:9330	Gößweinstein
de:09474:9332	Gößweinstein Abzw. Etzdorf
de:09474:9334	Gößweinstein Am Büchenstock
de:09474:9335	Gößweinstein Freibad
de:09474:9333	Gößweinstein Gasthof zur Post
de:09474:9336	Gößweinstein Hallenbad
de:09474:9331	Gößweinstein Schule
de:09674:15800	Gückelhirn
de:09575:14434	Gülchsheim Aussiedlerhof
de:09575:14435	Gülchsheim Ort
de:09373:17957	Günching
de:09577:16759	Gündersbach
de:09471:21676	Güntersdorf
de:09574:7445	Güntersthal Eckartwerke
de:09574:7060	Günthersbühl Bründeläckerstr.
de:09574:7059	Günthersbühl Mitte
de:09273:81089	Günzenhofen
de:09576:8586	Günzersreuth B 466
de:09576:8587	Günzersreuth Mitte
de:09576:8589	Günzersreuth Süd
de:09377:2001	Günzlas
de:09576:8827	Güsseldorf
de:09377:7846	Güttern
de:09377:7186	Güttern, Abzw
de:09377:7844	Güttern, Gärtnerei
de:09377:7845	Güttern, Mühle
de:09675:1149	Haag (b. Geiselwind) Dreschplatz
de:09576:8562	Haag (b. Heideck)
de:09576:8591	Haag (b. Kammerstein) Nord
de:09576:8592	Haag (b. Kammerstein) Süd
de:09571:13118	Haag (b. Neuendettelsau)
de:09571:13224	Haag (b. Ornbau)
de:09571:13574	Haag (b. Ornbau) Abzw. Esbach
de:09371:19264	Haag (b. Ursensollen)
de:09675:75442	Haag (Geiselwind) Schulbushst.
de:09472:23465	Haag (Haag) Obernschreez
de:09472:23468	Haag (Haag) Unternschreez
de:09472:23451	Haag b. Bayreuth Kirche
de:09577:16256	Haag b.Treuchtlingen
de:09375:1060	Haag bei Hemau
de:09472:23453	Haag Ortseingang
de:09479:15729	Haag,Brand (Marktredwitz)
de:09371:18778	Haar
de:09472:22688	Haardt
de:09571:12019	Haardt (b. Adelshofen)
de:09577:16071	Haardt (b. Weißenburg/Bay)
de:09473:16343	Haarth Abzw Hohenstein
de:09373:17458	Haas
de:09373:17459	Haas Abzw. Premerzhofen
de:09571:13602	Haasgang
de:09571:13202	Habelsee Ortsmitte
de:09373:17893	Habertshofen
de:09371:19031	Habres
de:09373:17960	Habsberg Kirche
de:09373:17956	Habsberg Parkplatz
de:09373:17738	Hackenhofen GewGeb. Pars/Lup
de:09373:17737	Hackenhofen Ortsmitte
de:09373:17763	Hackenhofen Rudenshofener Str.
de:09474:9740	Hackermühle
de:09371:18775	Hackern
de:09373:17414	Hacklsberg (b. Deining) Ort
de:09373:17627	Hadermühle
de:09674:15319	Hafenpreppach Ortsmitte
de:09674:25330	Hafenpreppach Siedlung
de:09674:7332	Hafenpreppach Solarfeld
de:09779:6543	Hafenreut
de:09779:6456	Hagau
de:09374:81396	Hagen
de:09176:8583	Hagenacker
de:09375:186	Hagenau
de:09571:12201	Hagenau (b. Buch a.W.)
de:09572:6337	Hagenau (b.Baiersd) Mozartstr.
de:09572:6336	Hagenau (Baiersd) Egerlandstr.
de:09474:9822	Hagenbach
de:09576:8213	Hagenbuch (b. Hilpoltst.)
de:09577:16072	Hagenbuch (b. Weißenburg/Bay)
de:09577:16075	Hagenbuch (b.WUG) Eichfeldstr.
de:09575:14420	Hagenbüchach
de:09575:14421	Hagenbüchach Kirche
de:09574:7246	Hagenhausen
de:09176:8208	Hagenhill, Von-Geben-Str.
de:09577:16073	Hagenhof Abzw. Hagenhof
de:09575:14579	Hagenhofen
de:09576:8883	Hagenich
de:09371:18137	Hagenohe (b. Auerbach)
de:09176:8202	Hagenstetten, Kirche
de:09576:8828	Hagsbronn Abzw.
de:09576:8829	Hagsbronn Kapelle
de:09371:19403	Hahnbach Amberger Str.
de:09371:19405	Hahnbach Brücke
de:09371:19408	Hahnbach Friedhof
de:09371:19402	Hahnbach Post
de:09371:19407	Hahnbach Schule
de:09377:15131	Hahneneggaten
de:09377:11088	Haid
de:09474:9445	Haid (b. Hallerndorf)
de:09371:19033	Haid (b. Neukirchen Su-Ro)
de:09373:17740	Haid (b. Parsberg) Ort
de:09373:17674	Haid (bei Lupburg)
de:09377:10088	Haid bei Ebnath
de:09377:11090	Haidelfurth, Abzw
de:09472:22920	Haidenaab-Göppmannsbühl
de:09474:9414	Haidhof (b. Gräfenberg)
de:09273:15109	Haidhof, Riedenb/Abzw. Fliederstr.
de:09273:336	Haidhof, Riedenb/Abzw. Hauptstr.
de:09273:1788	Haidhof, Riedenb/Abzw. Kapellenstr.
de:09574:7793	Haidling
de:09675:29398	Haidt Am Brunnen
de:09373:17300	Haimburg
de:09574:7726	Haimendorf Ortsmitte
de:09576:8083	Haimpfarrich
de:09476:16201	Hain
de:09678:27208	Hain Im Werntal
de:09472:22681	Hainbronn
de:09472:22680	Hainbronn Abzw. Reisach
de:09674:7412	Hainert Kirche
de:09371:18251	Hainfeld
de:09479:10111	Haingrün
de:09571:12556	Hainklingen
de:09571:11761	Hainmühle
de:09375:656	Hainsacker Am Kuffholz
de:09375:16022	Hainsacker Am Schlag
de:09375:16020	Hainsacker Gasth. Prößl
de:09375:657	Hainsacker Hochgrain
de:09375:658	Hainsacker Schule
de:09375:16021	Hainsacker Siedlung
de:09375:1028	Hainsacker Turl [P+R]
de:09373:17461	Hainsberg
de:09779:6760	Hainsfarth, Hauptstr.
de:09779:6478	Hainsfarth, Sudetenstraße
de:09371:18542	Hainstetten
de:09478:27549	Hainweiher
de:09478:27544	Hainzendorf
de:09471:21709	Halbersdorf
de:09373:17462	Hallenhausen
de:09474:9443	Hallerndorf Kellerberg
de:09474:9441	Hallerndorf Kindergarten
de:09474:9442	Hallerndorf Sparkasse
de:09474:9444	Hallerndorf Thoräcker
de:09471:20900	Hallstadt (b Bamberg)
de:09471:20883	Hallstadt Bosch
de:09471:20884	Hallstadt Ertl-Zentrum
de:09471:20892	Hallstadt Freibad
de:09471:20885	Hallstadt Kiliansplatz
de:09471:20886	Hallstadt Königshofstr.
de:09471:20887	Hallstadt Königsmühle
de:09471:20882	Hallstadt Landsknechtstr.
de:09471:20889	Hallstadt Laubang. Media Markt
de:09471:20880	Hallstadt Mitte
de:09471:20893	Hallstadt Ost
de:09471:20899	Hallstadt Schafhof
de:09471:20897	Hallstadt Schule
de:09471:20896	Hallstadt Seebachstr.
de:09471:20881	Hallstadt Sparkasse
de:09471:20898	Hallstadt Valentinstr.
de:09363:162	Halmesricht Halmesricht, Abzw.
de:09571:12462	Halsbach Abzw. Haslach
de:09571:12461	Halsbach Mitte
de:09678:75390	Hambach (Ufr), Armin-Knab-Str.
de:09678:75389	Hambach (Ufr), Ringstraße
de:09678:27213	Hambach Altes Rathaus
de:09678:27212	Hambach Hauptstraße
de:09678:7459	Hambach Linde
de:09678:5543	Hambach Rathaus
de:09678:27965	Hambach Schule
de:09373:17379	Hamberg (b. Breitenbrunn)
de:09575:14114	Hambühl
de:09572:6064	Hammerbach Blumenstr.
de:09572:6062	Hammerbach Hammerbacher Str.
de:09474:9313	Hammerbühl (b. Egloffstein)
de:09374:7503	Hammergmünd
de:09374:81398	Hammerles, Mitte
de:09374:81397	Hammerles, Ortseingang
de:09371:18543	Hammermühle (b. Freudenberg)
de:09373:17742	Hammermühle (b. Parsberg)
de:09572:6833	Hammermühle (b. Wachenroth)
de:09573:5014	Hammerschmiede (b. Langenz.)
de:09678:25742	Handthal
de:09674:8769	Handthal Parkpl. Steigerwaldz.
de:09572:6531	Hannberg (b.Heßdorf) Friedhof
de:09572:6534	Hannberg (Heßd) Niederlind.Str
de:09572:6533	Hannberg/Hessd. Mehrzweckhalle
de:09571:12897	Hannenbach
de:09374:11068	Hannersgrün
de:09374:2323	Hannersgrün, Ortsmitte
de:09374:1745	Hannersgrün, Staatsstr.
de:09373:17628	Hansmühle
de:09674:7436	Happertshausen
de:09574:7400	Happurg
de:09574:7403	Happurg Hersbrucker Str.
de:09574:7401	Happurg Marktplatz
de:09574:7404	Happurg Schule
de:09574:7405	Happurg Stausee
de:09779:7002	Harburg (Schwab)
de:09779:5348	Harburg, Grasstraße
de:09779:5349	Harburg, Neue Wörnitzbrücke
de:09779:5725	Harburg, Obere Reismühle
de:09779:5351	Harburg, Schule
de:09176:8313	Hard
de:09573:5020	Hardhof
de:09571:11941	Hardhof (b. Dinkelsbühl)
de:09472:23687	Hardt (b. Mistelgau)
de:09474:9351	Hardt/Gößweinstein Ortsmitte
de:09474:9352	Hardt/Gößweinstein Siedlung
de:09373:17959	Harenzhofen
de:09377:11092	Harlachberg
de:09377:15205	Harlachberg 2,Arnoldsreuth (Opf)
de:09377:8132	Harlachhammer
de:09273:12122	Harlanden, Abzw.
de:09472:23686	Harloth
de:09273:10466	Harpfendorf
de:09375:191	Harreshof
de:09576:8370	Harrhof (b. Allersberg)
de:09576:8077	Harrlach
de:09371:19161	Harschhof
de:09477:75275	Harsdorf
de:09477:3592	Harsdorf Ortsmitte
de:09186:4442	Hartacker, Gewerbestraße
de:09186:7454	Hartacker, Jahnstr.
de:09186:7445	Hartacker, Karpfenstraße
de:09186:4441	Hartacker, Schule
de:09186:7444	Hartacker, Wasserwerkstr.
de:09474:9353	Hartenreuth Mitte
de:09474:9354	Hartenreuth Wegkreuzung
de:09376:80160	Hartenricht
de:09376:8485	Hartenricht, Abzw
de:09574:7432	Hartenstein
de:09571:13470	Hartershofen
de:09571:13473	Hartershofen Feuerwehrhaus
de:09571:13472	Hartershofen Ort
de:08136:5702	Harthausen
de:09176:7676	Harthof
de:09362:13001	Harting BMW Ausbildungszentrum
de:09362:13002	Harting BMW Tor 2
de:09362:13009	Harting Frachtpostzentrum
de:09362:13010	Harting Friedhof
de:09362:13019	Harting OSRAM
de:09362:13014	Harting Rathenaustraße
de:09471:21786	Hartlanden
de:09375:193	Hartlmühle
de:09574:7660	Hartmannshof
de:09574:7661	Hartmannshof Friedhof
de:09574:7662	Hartmannshof Schule
de:09574:7663	Hartmannshof, Bahnhofstraße
de:09376:12266	Haselbach, Diermeier bei Schwandorf
de:09376:80161	Haselbach, Ortsmitte bei Schwandorf
de:09377:11083	Haselbrunn
de:09374:7630	Haselbrunn b. Speinshart
de:09374:16878	Haselhof b. Speinshart
de:09374:7374	Haselhöhe
de:09371:18943	Haselmühl Ab. K.-Adenauer-Str.
de:09371:18945	Haselmühl Abzw. Glückaufstr.
de:09371:18946	Haselmühl Altenheim
de:09371:18923	Haselmühl Bachweg
de:09371:18944	Haselmühl Bayernwerkstr.
de:09371:18949	Haselmühl Godelmannsiedlung
de:09371:18948	Haselmühl Grammer
de:09371:18950	Haselmühl Kindergarten
de:09371:18940	Haselmühl Porschestr.
de:09371:18952	Haselmühl Sparkasse
de:09371:18947	Haselmühl Utzhütte
de:09374:7219	Haselmühle
de:09474:9736	Haselstauden
de:09575:14032	Hasenlohe
de:09674:25798	Hasenmühle
de:09373:17287	Haslach (b. Berg)
de:09571:12456	Haslach (b. Dürrwangen)
de:09362:12022	Haslbach
de:09362:598	Haslbachweg
de:09577:16074	Hattenhof Am Weißenhof
de:09273:798	Hattenhofen
de:09473:15310	Hattersdorf
de:09185:7645	Hatzenhofen
de:09185:7771	Hatzenhofen, Neuburger Straße
de:09472:23258	Hauendorf
de:09375:19	Haugenried Abzw. Irgertshofen
de:09375:195	Haugenried Feuerwehrhaus
de:09375:196	Haugenried Gasthaus
de:09373:17962	Haumühle
de:09571:13414	Haundorf (b. Schnelldorf)
de:09577:16461	Haundorf (Lkr.Weißenburg-G.)
de:09572:6080	Haundorf b. Herzogenaurach Ost
de:09572:6065	Haundorf/Hezo Haundorfer Str.
de:09572:6066	Haundorf/Hezo Kapelle
de:09371:19381	Haunritz
de:09371:19382	Haunritz Zum Alten Fritz
de:09176:8385	Haunstetten
de:09572:6068	Hauptendorf Ortsmitte
de:09478:27237	Hausen (b. Bad Staffelst.)
de:09576:8521	Hausen (b. Greding) Mitte
de:09474:9500	Hausen (Lkr.FO) Bahnhof
de:09678:75426	Hausen (Schonungen), Schonunger Straße
de:08127:20337	Hausen am Bach Ort
de:09371:19262	Hausen b. Ursensollen Schule
de:09371:19265	Hausen b.Ursensollen Weiher
de:09678:2960	Hausen Kirchplatz
de:09779:6727	Hausen, Dorfstraße
de:09273:883	Hausen, Hauptstr.
de:09273:867	Hausen, Saladorfer Str.
de:09474:9491	Hausen/FO Dr.Kupfer-Str.
de:09474:9492	Hausen/FO Friedh./Thurner Str.
de:09474:9494	Hausen/FO Rathaus
de:09474:9495	Hausen/FO Thurner-Str.
de:09474:9497	Hausen/FO Weststr.
de:09371:19282	Hausen/Ursensollen Feuerwehr
de:09373:17288	Hausheim
de:09576:8468	Hauslach
de:09373:17580	Hausraitenbuch Ort
de:09674:27220	Haßfurt
de:09674:29958	Haßfurt Augsfelder Str.
de:09674:27219	Haßfurt Berufsschule
de:09674:17681	Haßfurt Ev. Kirche
de:09674:7442	Haßfurt Großer Anger
de:09674:27222	Haßfurt Hauptstraße
de:09674:27217	Haßfurt Krankenhaus
de:09674:29912	Haßfurt Schulzentrum
de:09674:27221	Haßfurt Schweinfurter Straße
de:09674:29370	Haßfurt Zeiler Straße
de:09674:75063	Haßfurt, Gewerbegebiet Ost
de:09674:75066	Haßfurt, GS Dürerweg
de:09674:75088	Haßfurt, GS Nassachtal
de:09674:75084	Haßfurt, Marktplatz
de:09674:75071	Haßfurt, Möbel Engelhard
de:09674:75086	Haßfurt, Osterfeld
de:09674:75237	Haßfurt, Osterfeld 2
de:09472:22851	Haßlach
de:09362:14031	HBF Süd/Arcaden
de:09373:17464	Hebersdorf Feuerwehrhaus
de:09576:8374	Heblesricht
de:09576:8409	Hebresmühle
de:09575:14726	Hechelbach
de:09577:16527	Hechlingen a.See Campingplatz
de:09577:16532	Hechlingen a.See Hasenmühle
de:09577:16526	Hechlingen a.See Rathausplatz
de:09577:16528	Hechlingen a.See Ursheimer Str
de:09472:22702	Hedelmühle
de:09574:7790	Hedersdorf
de:09574:7791	Hedersdorf Dorfstr.
de:09176:1897	Hegelohe, Einm.
de:08127:20335	Hegenau Ort
de:08127:20349	Hegenau Ziegelhütte
de:09574:7638	Hegendorf
de:09571:13018	Heglau Ort
de:09574:7247	Hegnenberg
de:08136:5107	Heide Galileistr.
de:08136:5110	Heide Heidekopf
de:08136:5108	Heide Kopernikusstr.
de:08136:5109	Heide Mitte
de:09576:8569	Heideck Abzw. Rambach
de:09576:8554	Heideck Bahnhofstr.
de:09576:8551	Heideck Marktplatz
de:09576:8557	Heideck Schule
de:09576:8552	Heideck Stadthalle
de:09479:9367	Heidelheim
de:09678:27224	Heidenfeld Am Unkenbach
de:09678:27226	Heidenfeld Dorfstraße
de:09678:27225	Heidenfeld Post
de:09577:16515	Heidenheim Hechlinger Str.
de:09577:16505	Heidenheim Krankenhausstr
de:09577:16509	Heidenheim Krämershof
de:09577:16511	Heidenheim Obelshof
de:09577:16513	Heidenheim Ostheimer Str.
de:09577:16501	Heidenheim Rathaus
de:09577:16507	Heidenheim Schule
de:09577:16506	Heidenheim Schullandheim
de:09779:6525	Heidmersbrunn
de:09571:11768	Heilbronn
de:09571:11763	Heilbronn Feuerwehrhaus
de:09473:15304	Heilgersdorf Ortsmitte
de:09473:15231	Heilgersdorf Raiffeisen
de:09473:15305	Heilgersdorf Rötenweg
de:09176:7590	Heiligenkreuz
de:09471:21317	Heiligenst. Familienzentr.
de:09471:21312	Heiligenst./OFr Ab. Greifenst.
de:09471:21313	Heiligenstadt (i.OFr) Neumühle
de:09471:21319	Heiligenstadt (i.OFr.) Schulen
de:09471:21318	Heiligenstadt Raiffeisenstr.
de:09273:2215	Heiligenstadt, Kirche
de:09375:202	Heilinghausen
de:09571:12650	Heilsbronn
de:09571:12647	Heilsbronn Am Freibad
de:09571:12643	Heilsbronn Gasthof Schönau
de:09571:12644	Heilsbronn Grundschule
de:09571:12642	Heilsbronn Kath. Kirche
de:09571:12645	Heilsbronn Schulzentrum
de:09576:8524	Heimbach
de:09375:240	Heimberg Feuerwehr
de:09375:242	Heimberg Forststraße
de:09371:19268	Heimhof Hammermühle
de:09371:19267	Heimhof Ort
de:09161:7548	Heindlmühle
de:09374:10411	Heinersberg b. Kirchenthumbach
de:09573:5024	Heinersdorf (b. Langenzenn)
de:09573:5025	Heinersdorf (b. Langenzenn) Mitte
de:09374:400	Heinersreuth
de:09472:23483	Heinersreuth Bayreuther Str.
de:09472:23481	Heinersreuth Rathaus
de:09371:19294	Heinzhof
de:09375:21010	Heitzenhofen Ost
de:09375:21011	Heitzenhofen West
de:09273:811	Helchenbach, Kirche
de:09574:7655	Heldmannsberg
de:09371:18837	Hellberg bei Kastl
de:09674:7402	Hellingen
de:09675:29343	Hellmitzheim Feuerwehrhaus
de:09675:6953	Hellmitzheim Raiffeisenbank
de:09273:869	Hellring
de:09377:2283	Helmbrechts
de:09377:8130	Helmbrechtsmühle
de:08127:20287	Helmshofen Ort
de:09375:1050	Hemau Beratzhausener Straße
de:09375:1052	Hemau Einkaufszentrum
de:09375:1048	Hemau Förderschule
de:09375:205	Hemau Kelheimer Straße
de:09375:1051	Hemau Krankenhaus
de:09375:206	Hemau Post
de:09375:1049	Hemau Stadtplatz
de:09375:1903	Hemau Thalhof
de:09375:207	Hemau Volksfestplatz [P+R]
de:09572:6453	Hemh. Abz. W.-v.-Mohrenfels-S.
de:09572:6451	Hemhofen Schloßhof
de:09571:11678	Hemmendorf
de:09575:14431	Hemmersheim
de:09479:15736	Hendelhammer,Blumenthal (Ofr)
de:09574:7450	Henfenfeld
de:09574:7451	Henfenfeld Kirche
de:09574:7457	Henfenfeld Schule
de:09574:7458	Henfenfeld, Waagstraße
de:09576:8719	Hengdorf
de:08127:20851	Hengstfeld Aussiedler
de:08127:20318	Hengstfeld Kreuzgäßle
de:08127:20319	Hengstfeld Marktplatz
de:09574:7935	Henneberg
de:09561:11351	Hennenbach Am Ring
de:09561:11352	Hennenbach Galgenmühle
de:09561:11355	Hennenbach Schwarzbeckstr.
de:09561:11354	Hennenbach Tiergartenstr.
de:09561:11357	Hennenbach Wiesenstr.
de:09373:17238	Hennenberg
de:09779:7100	Henthalhof
de:09176:8020	Hepberg, Kapellenweg
de:09176:8024	Hepberg, Römerstraße
de:09176:8021	Hepberg, Schulstraße
de:09572:6268	Heppstädt
de:09674:75029	Herbelsdorf
de:09779:6724	Herblingen, Ort
de:09563:2488	Herboldshof (b.Fürth)
de:09575:14613	Herbolzheim
de:09571:13757	Hergersbach Mitte
de:09678:9001	Hergolshausen Abzw. Aush. Döpfert
de:09678:25803	Hergolshausen Aush. Döpfert
de:09678:28051	Hergolshausen Obere Straße
de:09678:27227	Hergolshausen Schweinfurter Str.
de:09371:19331	Heringnohe
de:09779:6776	Herkheim, Hauptstraße
de:09477:75626	Herlas
de:09678:27228	Herlheim
de:09678:75403	Herlheim, Schule
de:09371:18773	Hermannsberg (b. Illschwang)
de:09373:17222	Hermannsberg (Berchg.) Ortsmi.
de:09674:75057	Hermannsberg (Ufr)
de:09371:18777	Hermannsdorf
de:09377:9987	Hermannsreuth, Ort
de:09572:6799	Hermersdorf
de:09779:6772	Heroldingen, Am Zehentstadel
de:09779:6488	Heroldingen, Raiffeisenbank
de:09474:9519	Heroldsba. Erlebnispark/Schule
de:09474:9510	Heroldsbach Bahnhof
de:09474:9511	Heroldsbach Burgleite
de:09474:9512	Heroldsbach Friedhof
de:09474:9514	Heroldsbach Gebetsstätte
de:09474:9513	Heroldsbach Herrengarten
de:09474:9515	Heroldsbach In der Hub
de:09474:9517	Heroldsbach Kirche
de:09474:9516	Heroldsbach Nord
de:09474:9518	Heroldsbach Raiffeisenbank
de:09572:6500	Heroldsberg
de:09472:23832	Heroldsberg (b. Waischenfeld)
de:09572:6515	Heroldsberg Ab. Fabrikstr.
de:09572:6512	Heroldsberg Abzw. Lange Gasse
de:09572:6509	Heroldsberg Erhardshöhe
de:09572:6503	Heroldsberg Festpl./Schulbush.
de:09572:6501	Heroldsberg Festplatz
de:09572:6513	Heroldsberg Friedhof
de:09572:6507	Heroldsberg Gh. Rotes Roß
de:09572:6508	Heroldsberg Gründlachpark
de:09572:6504	Heroldsberg Hauptstr.
de:09572:6510	Heroldsberg Nord
de:09572:6505	Heroldsberg Oberer Markt
de:09572:6514	Heroldsberg Schleifweg
de:09572:6511	Heroldsberg Schwan-Stabilo
de:09572:6502	Heroldsberg, Bahnhofstr.
de:09472:23833	Heroldsberg-Tal (Waischenfeld)
de:09371:19332	Heroldsmühle (b. Vilseck)
de:09575:14765	Herper
de:09575:14761	Herpersd. (O'scheinf) Gh Linde
de:09571:12961	Herpersdorf (b. Lichtenau)
de:09571:12372	Herpersdorf (bei Dietenhofen)
de:09572:6237	Herpersdorf (Eckent) Weiher
de:09572:6236	Herpersdorf (Eckent.) Hauptstr
de:09572:6234	Herpersdorf (Ecktl) Ab.Benzend
de:09575:14762	Herpersdorf (O'scheinf) Mitte
de:09472:22697	Herrenmühle
de:09473:17115	Herreth
de:09571:12691	Herrieden Am Martinsberg
de:09571:12701	Herrieden Am Schrotfeld
de:09571:12690	Herrieden Am Wasserturm
de:09571:12699	Herrieden Bahnbrücke
de:09571:12689	Herrieden Bergwirt
de:09571:12698	Herrieden Deocarplatz
de:09571:12693	Herrieden Hohenberger Str.
de:09571:12692	Herrieden Königsberger Str.
de:09571:12697	Herrieden Marktplatz
de:09571:12728	Herrieden Mühlbruck
de:09571:12696	Herrieden Neunstetter Str.
de:09571:12694	Herrieden Nürnberger Str.
de:09571:12700	Herrieden Realschule
de:09571:12703	Herrieden ZOB/Münchener Str.
de:09575:14471	Herrnberchtheim Ortsmitte
de:09273:81062	Herrngiersdorf, Kindergarten
de:09273:877	Herrngiersdorf, Kirche
de:09273:12653	Herrngiersdorf, Ortsmitte
de:09273:876	Herrngiersdorf, Raiff.lager
de:09575:14034	Herrnneuses
de:09373:17749	Herrnried Am Holzberg
de:09373:17745	Herrnried Engelhöfe
de:09373:17746	Herrnried Haus Nr. 20
de:09373:17744	Herrnried Ortsmitte
de:09273:745	Herrnsaal, Ortsmitte
de:09576:8525	Herrnsberg Ortsmitte
de:09576:8526	Herrnsberg Sportplatz
de:09571:11772	Herrnschallbach
de:09471:21232	Herrnsdorf Abzw. Frensdorf
de:09471:21234	Herrnsdorf Abzw. Zentbechhofen
de:09273:801	Herrnwahlthann, Dorfstr.
de:09571:11679	Herrnwinden
de:09574:7100	Hersbruck (l Pegnitz)
de:09574:7150	Hersbruck (r Pegnitz)
de:09574:7108	Hersbruck Altes Stellwerk
de:09574:7114	Hersbruck Amtsgericht
de:09574:7110	Hersbruck An der Haid
de:09574:7107	Hersbruck AOK-Bildungszentr.
de:09574:7123	Hersbruck Arzbergweg
de:09574:7105	Hersbruck Bauerngasse
de:09574:7103	Hersbruck Breslauer Str.
de:09574:7104	Hersbruck Buchstr.
de:09574:7106	Hersbruck Eichelgasse
de:09574:7127	Hersbruck Eichendorffstr.
de:09574:7109	Hersbruck Emil-Held-Haus
de:09574:7111	Hersbruck Erlenstr.
de:09574:7102	Hersbruck Fackelmann Therme
de:09574:7118	Hersbruck Finanzamt/Therme
de:09574:7113	Hersbruck Furtweg
de:09574:7115	Hersbruck Großviehbergstr.
de:09574:7116	Hersbruck Happurger Str.
de:09574:7117	Hersbruck Höhenweg
de:09574:7119	Hersbruck Im Bärnwinkel
de:09574:7121	Hersbruck Johanneskirche
de:09574:7112	Hersbruck Katholische Kirche
de:09574:7122	Hersbruck Krankenhaus
de:09574:7130	Hersbruck Krankenhaus West
de:09574:7124	Hersbruck Lerchenstr.
de:09574:7125	Hersbruck Leutenbachstr.
de:09574:7126	Hersbruck Lupinenstr.
de:09574:7128	Hersbruck Mörikestr.
de:09574:7129	Hersbruck Mühlstr.
de:09574:7131	Hersbruck Ostbahnstr.
de:09574:7132	Hersbruck Plärrer
de:09574:7133	Hersbruck Raiffeisenstr.
de:09574:7134	Hersbruck Rosengasse
de:09574:7136	Hersbruck Rudolf-Wetzer-Str.
de:09574:7140	Hersbruck Röhrenstr.
de:09574:7135	Hersbruck Sandgasse
de:09574:7137	Hersbruck Scharfes Eck
de:09574:7138	Hersbruck Schulzentrum
de:09574:7139	Hersbruck Seidelbaststr.
de:09574:7141	Hersbruck Spitalgasse
de:09574:7142	Hersbruck Stadtwerke
de:09574:7145	Hersbruck Unterer Markt
de:09574:7147	Hersbruck Wiesenstr.
de:09574:7120	Hersbruck, Am Galling
de:09574:7154	Hersbruck, Lohweg
de:09574:7156	Hersbruck, Wilhelm-Ulmer-Str.
de:08127:20338	Hertershofen Ort
de:09572:6902	Herzo Base Helsinkistr.
de:09572:6069	Herzo Base Konrad-Wormser-Str.
de:09572:6070	Herzo Base Münchener Str.
de:09572:6094	Herzo Base Olympiaring Süd
de:09572:6901	Herzo Base Willy-Brandt-Pl.
de:09572:6000	Herzo. Aurachwiesen/Busbf.
de:09572:6903	Herzogen. Ohmstr. Kreisverkehr
de:09572:6047	Herzogen. Reals./H.-Maier-Str
de:09572:6038	Herzogen. Realsch./Burgst.Weg
de:09572:6087	Herzogena. A.d.Schütt/Badgasse
de:09572:6001	Herzogena. An der Schütt
de:09572:6095	Herzogena. Dr.-Fröhlich-Str.
de:09572:6036	Herzogenaur. A.-Herrmann-Str.
de:09572:6046	Herzogenaur. Am Goldberganger
de:09572:6025	Herzogenaur. Am Hallertürlein
de:09572:6012	Herzogenaur. Beutelsd. Weg
de:09572:6008	Herzogenaur. Carl-Pl.-Schule
de:09572:6013	Herzogenaur. Dr.-Walther-Str.
de:09572:6034	Herzogenaur. Einkauszentr. Ost
de:09572:6014	Herzogenaur. Gleiwitzer Str.
de:09572:6016	Herzogenaur. Hauptend.Str.
de:09572:6021	Herzogenaur. K.-Bröger-Str.
de:09572:6063	Herzogenaur. Spiegelgartenstr.
de:09572:6023	Herzogenaur. Von-Weber-Str.
de:09572:6009	Herzogenaur. Welkenb.Kirchweg
de:09572:6010	Herzogenaura. BS Wendeschleife
de:09572:6015	Herzogenaurach Adlerstr.
de:09572:6053	Herzogenaurach Altes Rathaus
de:09572:6026	Herzogenaurach Am Buck
de:09572:6028	Herzogenaurach Am Friedhof
de:09572:6055	Herzogenaurach Am Stiegelein
de:09572:6003	Herzogenaurach An der Bieg
de:09572:6002	Herzogenaurach Atlantis
de:09572:6086	Herzogenaurach Bahnhofstr.
de:09572:6011	Herzogenaurach Berufsschule
de:09572:6019	Herzogenaurach Birkenweg
de:09572:6030	Herzogenaurach Egerländer Str.
de:09572:6020	Herzogenaurach Einkaufsz. Nord
de:09572:6098	Herzogenaurach Erlanger Str.
de:09572:6017	Herzogenaurach Fachklinik
de:09572:6005	Herzogenaurach Festplatz
de:09572:6004	Herzogenaurach Freizeitheim
de:09572:6097	Herzogenaurach Galgenhofer Str.
de:09572:6048	Herzogenaurach Glockengasse
de:09572:6033	Herzogenaurach Gymnasium
de:09572:6045	Herzogenaurach H.-Müller-Str.
de:09572:6024	Herzogenaurach Hauptstr.
de:09572:6061	Herzogenaurach Haus Martin
de:09572:6050	Herzogenaurach Haydnstr.
de:09572:6029	Herzogenaurach INA-Ring
de:09572:6044	Herzogenaurach J.-S.-Bach-Str.
de:09572:6032	Herzogenaurach Kolbstr.
de:09572:6067	Herzogenaurach Kurrstr.
de:09572:6035	Herzogenaurach Kärntner Str.
de:09572:6040	Herzogenaurach Lange Striche
de:09572:6081	Herzogenaurach Lessingstr.
de:09572:6037	Herzogenaurach M.-Luther-Platz
de:09572:6007	Herzogenaurach Marktplatz
de:09572:6041	Herzogenaurach Orffstr.
de:09572:6043	Herzogenaurach P.-Lincke-Str.
de:09572:6042	Herzogenaurach Pfitznerstr.
de:09572:6027	Herzogenaurach Pirckheimerstr.
de:09572:6084	Herzogenaurach PUMA Way
de:09572:6022	Herzogenaurach Rathaus
de:09572:6049	Herzogenaurach Röntgenstr.
de:09572:6018	Herzogenaurach Schreberstr.
de:09572:6031	Herzogenaurach Schumannstr.
de:09572:6056	Herzogenaurach St. Otto
de:09572:6060	Herzogenaurach Tuchmachergasse
de:09572:6904	Herzogenaurach Uhlandstr.
de:09572:6039	Herzogenaurach Von-Hauck-Str.
de:09572:6099	Herzogenaurach Wolfsleite
de:09572:6093	Herzogenaurach Wydhösselstr.
de:09572:6052	Herzogenaurach Zeppelinstr.
de:09471:21332	Herzogenreuth
de:09474:9739	Herzogwind Mitte
de:09377:2285	Herzogöd
de:09377:8128	Herzogöd, Abzw
de:09678:27229	Hesselbach Pfarrzentrum
de:09572:6537	Hesselberg
de:09185:7755	Hessellohe, Am Sportplatz
de:09185:7754	Hessellohe, Gemeindegasse
de:09185:7753	Hessellohe, Kindergarten
de:09374:16857	Hessenreuth
de:09474:9824	Hetzelsdorf
de:09472:23148	Hetzendorf
de:09474:9542	Hetzles Gh. Schwarz. Adler
de:09474:9543	Hetzles Mühläckerstr.
de:09474:9544	Hetzles Schule
de:09571:12898	Hetzweiler
de:09674:16424	Heubach Ortsmitte
de:09779:6748	Heuberg
de:09571:12719	Heuberg (b. Herrieden)
de:09576:8218	Heuberg (b. Hilpoltst.)
de:09577:16076	Heuberg (b. Weißenburg/Bay)
de:09576:8216	Heuberg (b.Hilpol.) Staatsstr.
de:09576:8219	Heuberg (Hilpoltst.) Seezentr.
de:09576:8079	Heubühl
de:09471:21678	Heuchelheim
de:09574:7063	Heuchling (Lau) Dehnberger Str
de:09574:7062	Heuchling (Lauf) Breite Str.
de:09574:7067	Heuchling (Lauf) Eichenlohe
de:09574:6996	Heuchling (Lauf) Faunberg
de:09574:6997	Heuchling (Lauf) Ostendstr.
de:09574:7073	Heuchling (Lauf) Röthstr.
de:09574:7065	Heuchling (Lauf) Schule
de:09574:7064	Heuchling (Lauf) Schulstr.
de:09574:7066	Heuchling (Lauf) Sonnenstr.
de:09176:8226	Hexenagger
de:09572:6091	Hezo Aurachwiesen/H.-Maier-S.
de:09572:6552	Heßdorf Am Seebach
de:09572:6551	Heßdorf Erlanger Str.
de:09574:7903	Hienberg BAB-Raststätte
de:09176:8203	Hiendorf
de:09273:2238	Hienheim, Meisenweg
de:09273:2237	Hienheim, Parkplatz Ortsmitte
de:09475:80743	Hildbrandsgrün
de:09475:9057	Hildbrandsgrün/Maxreuth, Abzw
de:09479:2378	Hildenbach Ort
de:09479:2377	Hildenbach, Abzw
de:08127:20815	Hilgartshausen Aussiedlerhof
de:08127:20339	Hilgartshausen Ortsmitte
de:09471:21615	Hilkersdorf
de:09574:7493	Hillhof
de:09373:17632	Hillohe bei Lauterhofen
de:09575:14133	Hilpertshof
de:09571:13415	Hilpertsweiler
de:09576:8250	Hilpoltstein
de:09576:8265	Hilpoltstein Allersberger Str.
de:09576:8269	Hilpoltstein Altstadtring
de:09576:8252	Hilpoltstein Amtsgericht
de:09576:8262	Hilpoltstein Auhofer Str.
de:09576:8266	Hilpoltstein Festplatz
de:09576:8271	Hilpoltstein Freystädter Str.
de:09576:8267	Hilpoltstein Grundschule
de:09576:8256	Hilpoltstein Gymnasium
de:09576:8254	Hilpoltstein Heidecker Str.
de:09576:8273	Hilpoltstein Lohbachstr.
de:09576:8255	Hilpoltstein Marktplatz
de:09576:8268	Hilpoltstein Mittelschule
de:09576:8253	Hilpoltstein Rother Str.
de:09576:8263	Hilpoltstein Siegertstr.
de:09576:8264	Hilpoltstein Siemensstr.
de:09576:8259	Hilpoltstein Sonnenstr.
de:09576:8260	Hilpoltstein Sperberstr.
de:09571:12082	Hilsbach (b. Aurach)
de:09371:18544	Hiltersdorf
de:09573:5294	Hiltmannsdorf Alte Dorfstr.
de:09573:5296	Hiltmannsdorf Am Weißenstein
de:09474:9554	Hiltpoltst. Abzw. Wildenfels
de:09474:9573	Hiltpoltstein Abz. Schossaritz
de:09474:9551	Hiltpoltstein Mitte
de:09474:9552	Hiltpoltstein Rathaus
de:09474:9555	Hiltpoltstein Schule
de:09373:17894	Hilzhofen
de:09574:7727	Himmelgarten
de:09477:3531	Himmelkron Abzw Bundesstraße
de:09477:75012	Himmelkron Disco,Himmelkron
de:09477:3528	Himmelkron Gottlieb-Schill-Weg
de:09477:3533	Himmelkron Klosteracker
de:09477:5524	Himmelkron Kulmbacher Str.
de:09477:3118	Himmelkron Lanzendorfer Str.
de:09477:3603	Himmelkron Mitte
de:09477:75280	Himmelkron, (Autohof) / Fernbus
de:09571:13521	Himmerstall
de:08136:1037	Himmlingen
de:09375:555	Hinterberg (Regenstauf)
de:09375:21015	Hinterberg Gde. Pettendorf
de:09571:11769	Hinterbreitenthann
de:09362:12023	Hintere Keilbergstraße
de:09472:23085	Hintergereuth
de:09571:12899	Hinterholz
de:09472:23571	Hinterkleebach
de:09575:14936	Hinterpfeinach
de:09375:212	Hinterzhof
de:09176:8381	Hirnstetten
de:09471:20700	Hirschaid
de:09471:20703	Hirschaid Amlingstadter Str.
de:09471:20711	Hirschaid Amselweg
de:09471:20712	Hirschaid Annastr.
de:09471:20714	Hirschaid Austr.
de:09471:20704	Hirschaid Bamberger Str.
de:09471:20715	Hirschaid Friedhof
de:09471:20707	Hirschaid Hallenbad
de:09471:20717	Hirschaid Industriestr./E-Cent
de:09471:20718	Hirschaid Industriestr/Neubert
de:09471:20708	Hirschaid Jahnstr.
de:09471:20710	Hirschaid Kirchplatz/ Rathaus
de:09471:20716	Hirschaid Lehengarten
de:09471:20702	Hirschaid Luitpoldstr.
de:09471:20701	Hirschaid Maximilianstr.
de:09471:20709	Hirschaid Nürnberger Str.
de:09471:20713	Hirschaid Pflegeheim
de:09471:20705	Hirschaid Realschule
de:09471:20737	Hirschaid Regnitzau
de:09371:18596	Hirschau Abzw. Monte Kaolino
de:09371:18592	Hirschau Burgstr.
de:09371:18598	Hirschau Edeka-Markt
de:09371:18595	Hirschau Kaolinwerk
de:09371:18606	Hirschau Kiga St. Wolfgang
de:09371:18593	Hirschau Kreuzweiher
de:09371:18594	Hirschau Kreuzweiher B14
de:09371:18591	Hirschau Marktplatz
de:09371:18597	Hirschau Monte Kaolino/F.park
de:09371:18607	Hirschau Schule
de:09371:18601	Hirschau W. Droßbachstr.
de:09371:18609	Hirschau Ziegelhütte
de:09371:18649	Hirschbach (AS) Alte Dorfstr.
de:09371:18648	Hirschbach (AS) Am Vorraberg
de:09371:18651	Hirschbach (AS) Freibad
de:09371:18650	Hirschbach (Lkr. AS) Dorfplatz
de:09176:8386	Hirschberg, Fürstenstraße
de:09176:8387	Hirschberg, Ort
de:09471:20977	Hirschbrunn (b. Burgebrach)
de:09678:27234	Hirschfeld St.-Kilian/Obere Straße
de:09678:27235	Hirschfeld Umgehungsstraße
de:09375:317	Hirschhof
de:09461:20144	Hirschknock
de:09571:13017	Hirschlach
de:09375:214	Hirschling Brücke
de:09575:14689	Hirschneuses
de:09371:18252	Hirschricht
de:09373:17582	Hitzendorf
de:09176:7656	Hitzhofen, Hauptstraße
de:09176:7505	Hitzhofen, Schule
de:09477:4083	Hitzmain
de:09779:6725	Hochaltingen
de:09375:215	Hochdorf
de:09779:6559	Hochfeld
de:09577:16869	Hochholz
de:09376:80330	Hochrain, Edisonstraße
de:09779:6728	Hochstadt
de:09478:27691	Hochstadt a.M. Ortsmitte
de:09478:27693	Hochstadt a.M. Schule
de:09478:27700	Hochstadt-Marktzeuln
de:09472:23125	Hochstahl
de:09471:21173	Hochstall
de:09376:218	Hof b. Burglengenf., Ortsmitte
de:09678:75482	Hof Zwirlein,Schonungen
de:09576:8532	Hofberg
de:08136:1504	Hofen
de:09674:15835	Hofheim (Ufr.) Bahnhof
de:09674:15839	Hofheim (Ufr.) Eichelsdorfer Straße
de:09674:15840	Hofheim (Ufr.) Goßmannsdorfer Str.
de:09674:5845	Hofheim (Ufr.) Haßbergring Am Hennig
de:09674:7431	Hofheim (Ufr.) Ostheimer Str.
de:09674:15837	Hofheim (Ufr.) Realschule
de:09674:29956	Hofheim (Ufr.) Rügheimer Str.
de:09674:15838	Hofheim Verbandsschule
de:08136:1720	Hofherrnw. Spagenfeld
de:09674:15809	Hofstetten (b. Königsb. i. B.)
de:09576:8222	Hofstetten (b.Hilp) A.Mühlbach
de:09576:8221	Hofstetten (b.Hilp.) Hauptstr.
de:09576:8223	Hofstetten (b.Hilp.) Mitte
de:09576:8082	Hofstetten (b.Roth)
de:09574:7656	Hofstetten b.Pommelsbr.
de:09176:7507	Hofstetten, Abz Böhmfeld
de:09176:7508	Hofstetten, Austraße
de:09176:8719	Hofstetten, Schloßstraße
de:09675:29371	Hoheim Kirchberg
de:09675:25836	Hoheim Siedlung
de:09779:6784	Hohenaltheim
de:09571:13172	Hohenau
de:08136:4221	Hohenberg
de:09371:18703	Hohenburg Abzw. Hammermühle
de:09371:18681	Hohenburg Marktplatz
de:09371:18682	Hohenburg Schule
de:09675:29409	Hohenfeld Kindergarten
de:09675:29407	Hohenfeld Nord
de:09373:17567	Hohenfels Abzw. Tor 1
de:09373:17571	Hohenfels Abzw. Tor 2
de:09373:17562	Hohenfels Am Sterzenbach
de:09373:17565	Hohenfels FA. ETA
de:09373:17561	Hohenfels Kapelle
de:09373:17564	Hohenfels Sonnenstr.
de:09373:17563	Hohenfels Taverne
de:09373:17568	Hohenfels Ziegelhütte
de:09472:23379	Hohenfichten
de:09375:223	Hohengebraching
de:09375:814	Hohengebraching Kirche
de:09471:21108	Hohengüßbach
de:09377:11469	Hohenhard, Abzw Spitzerberg
de:09377:8133	Hohenhard, Bachnest
de:09377:15901	Hohenhard, Kalvarienbergstr. 14
de:09377:11468	Hohenhard, Kalvarienbergstr. 36
de:09471:21741	Hohenhäusling
de:09371:19269	Hohenkemnath Ort
de:09371:19270	Hohenkemnath Schule
de:09472:23027	Hohenknoden
de:08136:4911	Hohenlohe
de:09472:22852	Hohenmirsberg
de:09472:22853	Hohenmirsberg Hs. Nr. 36
de:09472:22855	Hohenmirsberg Schwirz
de:09479:9335	Hohenmühle
de:09571:12902	Hohenmühle b. Leutershausen
de:09471:21334	Hohenpölz
de:09576:8832	Hohenrad
de:09375:224	Hohenschambach
de:09474:9422	Hohenschwärz Neusleser Str.
de:09474:9421	Hohenschwärz Ortsmitte
de:09571:11947	Hohenschwärz, Abzw. Hohenschwärz
de:09574:7642	Hohenstadt (b. Pom.) Dorfplatz
de:09574:7640	Hohenstadt (Mittelfr)
de:09574:7641	Hohenstadt (Pom) Hauptstr.
de:09574:7643	Hohenstadt (Pom.) Buchäcker
de:09574:7646	Hohenstadt (Pommelsbr) Auweg
de:09574:7645	Hohenstadt (Pommelsbr) PEZ
de:09574:7647	Hohenstadt Ernst-Pflaumer-Str.
de:09574:7480	Hohenstein Ort
de:09577:16531	Hohentrüdingen
de:09375:762	Hohenwarth bei Steinsberg
de:09375:225	Hohenwarth bei Wolfsegg
de:09577:16760	Hohenweiler
de:09371:19333	Hohenzant
de:09376:8651	Hohersdorf
de:09376:8476	Hohersdorf, Abzw
de:09575:14314	Hohholz Gh Gr.Baum
de:09575:14313	Hohholz Ortsmitte
de:09575:14837	Hohlach
de:08136:4912	Hohlenstein
de:09462:22334	Hohlmühle
de:09575:14793	Hohlweiler
de:09471:21679	Hohn am Berg
de:09674:4736	Hohnhausen
de:09675:25334	Hohnsberg
de:09571:13413	Holdermühle
de:08128:14712	Holdermühle, Abzw. Finsterlohr
de:09479:9297	Holenbrunn, Eisenbahnbrücke
de:09479:9296	Holenbrunn, Ort
de:09479:9356	Holenbrunn, Siedlung
de:09479:9357	Holenbrunn, Sparkasse
de:09779:6791	Holheim, Nördlinger Straße
de:09779:7226	Holheim, Von-Ramingen-Str.
de:09373:17963	Hollerstetten
de:09373:17870	Hollerstetten Fuchsschlag
de:09472:23518	Hollfeld Abzw. Weiher
de:09472:23510	Hollfeld Bahnhof
de:09472:23511	Hollfeld Bamberger Str.
de:09472:23517	Hollfeld Gesamtschule
de:09472:23514	Hollfeld Kleiner Berg
de:09472:23516	Hollfeld Kulmbacher Str/Altenh
de:09472:23513	Hollfeld Langgasse
de:09472:23515	Hollfeld Spitalplatz
de:09373:17240	Holnstein (b. Berching) Schule
de:09373:17241	Holnstein (Berch.) Neue Brücke
de:09371:19035	Holnstein b. Neukirchen Schloß
de:09371:19036	Holnstein/AS Abzw Mittelreinb.
de:09375:179	Holz
de:09571:11948	Holzapfelshof, Holzapfelshof
de:09675:3356	Holzberndorf
de:09362:13016	Holzerstraße
de:09371:19216	Holzhammer
de:09273:2609	Holzharlanden, Ortsmitte
de:09475:80811	Holzhaus
de:09475:15217	Holzhaus,Ahornis
de:09674:7439	Holzhausen (HAS.) Rathaus
de:09678:27244	Holzhausen Abzw. Maibach
de:09678:27243	Holzhausen Ortsmitte
de:09373:17747	Holzheim (b. Parsberg) Kapelle
de:09373:17631	Holzheim (b.Lauterhofen)
de:09373:17133	Holzheim (b.NM) Am Sand
de:09373:17135	Holzheim (b.NM) Heiligenwiesen
de:09373:17138	Holzheim (b.NM) Maienbreite
de:09373:17136	Holzheim (b.NM) Schule
de:09373:17134	Holzheim (b.NM) Triftstr.
de:09375:660	Holzheim Burglengenf. Str.
de:09375:1709	Holzheim Hirschbergersiedlung
de:09375:226	Holzheim Ost
de:09375:227	Holzheim Post
de:09375:1708	Holzheim, Dorfplatz
de:09375:1703	Holzheim, Irnhüll
de:09375:1702	Holzheim, Widlthal
de:09373:17748	Holzheim/b.Parsberg Samainhof
de:09576:8220	Holzi Mitte
de:09577:16078	Holzingen
de:09779:6495	Holzkirchen
de:09477:3729	Holzmühle
de:09575:14639	Hombeer
de:08127:30130	Honhardt Appensee
de:09474:9546	Honings Ortsmitte
de:09377:7783	Hopfau
de:09571:12466	Hopfengarten (b. Dürrwangen)
de:09471:21680	Hopfenmühle (b. Schlüsselfeld)
de:09571:13759	Hopfenmühle (b. Windsbach)
de:09678:27245	Hoppachshof
de:09779:5356	Hoppingen
de:09779:6991	Hoppingen, Kreishof 1
de:09779:6487	Hoppingen, Spitzengasse
de:09571:13155	Horabach
de:09478:27743	Horb am Main
de:09573:5029	Horbach (b. Langenzenn)
de:09572:6835	Horbach (b. Wachenroth)
de:09674:7406	Horhausen Ortsmitte
de:09472:22663	Horlach
de:09574:7788	Hormersdorf An der Autobahn
de:09574:7787	Hormersdorf Bernhofer Weg
de:09574:7789	Hormersdorf Hauptstr.
de:09477:16208	Hornschuchshausen
de:09573:5225	Hornsegen
de:09477:6672	Hornungsreuth
de:09478:27239	Horsdorf
de:09574:7071	Hub (b. Lauf)
de:09376:80178	Hub b. Burglengenfeld
de:09374:2429	Hub b. Trabitz
de:09472:23836	Hubenberg
de:09574:7657	Hubmersberg
de:09472:22644	Hufeisen-Waldhaus Wildgehege
de:09779:6442	Huisheim, Kirche
de:09362:14044	Humboldtstraße Bürgerhaus
de:09571:12533	Hummelhof
de:09674:25842	Hummelmarter
de:09476:16227	Hummendorf Gh. Göppner
de:09476:16230	Hummendorf Sägewerk
de:09575:14063	Humprechtsau
de:09674:27271	Humprechtshausen Abzw. Kleinsteinach
de:09674:27247	Humprechtshausen Kirche
de:09674:75436	Humprechtshausen Rufbus Start,Riedbach (Ufr)
de:09678:75065	Hundelshausen (Ufr)
de:09371:19037	Hundheim
de:09474:9314	Hundsboden (b. Egloffstein)
de:09474:9741	Hundsdorf (b. Obertrubach)
de:09474:9316	Hundshaupten Mitte
de:09474:9317	Hundshaupten Wildpark
de:09471:21223	Hundshof (b. Frensdorf)
de:09474:9359	Hungenberg
de:09472:23170	Hunger
de:09471:21382	Huppendorf
de:09471:21383	Huppendorf Abzw Hohenpölz
de:09477:4088	Hutschdorf
de:09675:25335	Hutzelmühle
de:09576:8469	Hämmerleinsmühle/Georgensgm.
de:09375:662	Hänghof
de:09371:19071	Häringlohe
de:08136:4220	Härtsfeldhausen
de:09571:12276	Häslabronn Ortsmitte
de:09373:17289	Häuselstein
de:09576:8214	Häusern Ortsmitte
de:09562:3774	Häusling Haundorfer Str.
de:09571:13679	Häuslingen
de:09371:19266	Häuslöd
de:09376:227	Höchensee
de:09572:6129	Höchst. (A) Beethovenstr.
de:09572:6102	Höchst. (A) Ina-Str.
de:09572:6105	Höchst.(A) A.Grasigen Weg
de:09572:6106	Höchst.(A) Bechhof. Weg/B 470
de:09572:6108	Höchst.(A) D.-Bosco-Sch.
de:09572:6109	Höchst.(A) Franzensbaderstr.
de:09572:6111	Höchst.(A) Schwedensch.
de:09572:6103	Höchstadt (A) Abzw. Freibad
de:09572:6126	Höchstadt (A) Aischwiese
de:09572:6114	Höchstadt (A) Altenheim
de:09572:6100	Höchstadt (A) Bahnhof
de:09572:6117	Höchstadt (A) Freibad
de:09572:6119	Höchstadt (A) Fürther Str
de:09572:6118	Höchstadt (A) Grundschule Nord
de:09572:6121	Höchstadt (A) Kellerberg
de:09572:6124	Höchstadt (A) Lerchenstr.
de:09572:6113	Höchstadt (A) Realschule
de:09572:6125	Höchstadt (A) Schillerplatz
de:09572:6127	Höchstadt (A) St.-Georg-Str.
de:09572:6128	Höchstadt (A) Süd Schule
de:09572:6122	Höchstadt (Aisch) Häckersteig
de:09572:6116	Höchstadt Grundschule Süd
de:09572:6104	Höchstadt/A An d. drei Kreuzen
de:09571:12901	Höchstetten
de:09472:23147	Höchstädt
de:09479:10032	Höchstädt, Abzw Rügersgrün
de:09479:9340	Höchstädt, Abzw Sonnenstr.
de:09479:9339	Höchstädt, Bahnhofstr.
de:09479:9342	Höchstädt, Braunersgrün
de:09479:10031	Höchstädt, Rügersgrün
de:09479:9341	Höchstädt, Schloßplatz
de:09674:75105	Höchstädten
de:09273:812	Höfel, Abzw
de:09375:571	Höfen
de:09561:11361	Höfen (b. Ansbach)
de:09575:14116	Höfen (b. Baudenbach)
de:09571:12439	Höfen (b. Dombühl)
de:09373:17551	Höfen (b. Freystadt)
de:09576:8556	Höfen (b. Heideck)
de:09572:6071	Höfen (b. Herzogenaurach)
de:09472:23527	Höfen (b. Hollfeld)
de:09574:7563	Höfen (b. Neuhaus/Pegn)
de:09471:21612	Höfen (b. Rattelsdorf) Ort
de:09471:21788	Höfen (b. Stegaurach)
de:09374:7632	Höfen bei Eschenbach
de:09477:3727	Höferänger B 85
de:09477:10734	Höferänger Ort
de:09574:7057	Höflas (b. Lauf)
de:09377:7640	Höflas b.Kemnath
de:09374:819	Höflas b.Vorbach
de:09474:9417	Höfles bei Gräfenberg Ort
de:09371:18258	Höfling (b. Birgland)
de:09561:11366	Höfstetten (b. Ansbach) Mitte
de:09571:11774	Höfstetten (b. Feuchtwangen)
de:09571:12665	Höfstetten (b. Heilsbronn)
de:09571:12710	Höfstetten (b. Herrieden)
de:09576:8831	Höfstetten (b. Spalt)
de:09571:13681	Höfstetten (b. Wieseth)
de:09561:11365	Höfstetten/AN Feuchtlachfeld
de:09477:80086	Höfstätten (b. Kulmbach)
de:09371:19384	Högen Mühlweg
de:09371:19383	Högen Ortsmitte
de:09274:81248	Högldorf
de:09376:8479	Högling
de:09577:16166	Höhberg
de:09373:17129	Höhenberg b. NM Gotenstr.
de:09373:17128	Höhenberg b. NM Schlösseläcker
de:09373:17127	Höhenberg im Tal
de:09371:19423	Höhengau
de:09375:816	Höhenhof
de:09472:23188	Höhenklinik Bischofsgrün
de:09377:11131	Höll, Haus-Nr. 1a
de:09377:11089	Höll, Haus-Nr. 8
de:09375:139	Hönighausen
de:09675:29665	Hörblach
de:09472:23957	Hörhof (b. Creußen)
de:09575:14727	Hörhof (b. Obernzenn)
de:09577:16402	Hörlbach
de:09571:12375	Hörleinsdorf
de:09373:17776	Hörmannsdorf Abzw. Ziegelhütte
de:09373:17774	Hörmannsdorf Mitte
de:09373:17775	Hörmannsdorf Ziegelhütte
de:09577:16550	Höttingen Am Galgenfeld
de:09577:16551	Höttingen Ortsmitte
de:08136:4523	Hü-Niederalfingen Schlierbach
de:09576:8834	Hügelmühle
de:09576:8833	Hügelmühle Abz. Gewerbegebiet
de:09474:9357	Hühnerloh Gh Bayer
de:08136:4801	Hülen Bäckerei
de:08136:4814	Hülen Kapelle
de:08136:4812	Hülen Reutteweg
de:08136:4802	Hülen Stern
de:08136:4803	Hülen Wiesenweg
de:09472:23149	Hüll
de:09571:12621	Hürbel (b. Geslau)
de:09571:12834	Hürbel a. Rangen
de:09575:14869	Hürfeld
de:09779:6796	Hürnheim
de:09577:16894	Hüssingen Dorfplatz
de:09472:23882	Hütten (b. Warmensteinach)
de:09374:7527	Hütten bei Kaltenbrunn
de:09574:7912	Hüttenbach Kreuzkirche
de:09574:7913	Hüttenbach Ortsmitte
de:09574:7915	Hüttenbach Schule
de:09574:7914	Hüttenbach Siedlung
de:09562:3654	Hüttendorf Tulpenweg
de:09176:8211	Hüttenhausen, Kirche
de:09675:29367	Hüttenheim Ehemalige Synagoge
de:09675:29366	Hüttenheim Marktplatz
de:09185:7806	Hütting, Am Bahnhof/Hainb.Str.
de:09185:8307	Hütting, Gh Zur Burg
de:09185:7772	Hütting, Schulbushaltestelle
de:08136:4501	Hüttlingen Bachstraße
de:08136:4502	Hüttlingen Beethovenstraße
de:08136:4503	Hüttlingen Buchwaldstraße
de:08136:4521	Hüttlingen Bärenhaldenweg
de:08136:4504	Hüttlingen Goldshöfer Str.
de:08136:4505	Hüttlingen Hohe Straße
de:08136:4506	Hüttlingen Hölderlinweg
de:08136:4507	Hüttlingen Kirchhofweg
de:08136:4508	Hüttlingen Kocherstraße
de:08136:4509	Hüttlingen Kocherwiesen/K3311
de:08136:4510	Hüttlingen Mozartstraße
de:08136:4511	Hüttlingen Post
de:08136:4512	Hüttlingen Sulzdorfer Straße
de:08136:4522	Hüttlingen Turnstraße
de:08136:4500	Hüttlingen-Bolzenweiler B 19
de:09376:80175	Ibenthann
de:09371:19425	Iber
de:09373:17141	Iberlsmühle
de:09674:27248	Ibind Rathaus
de:09575:14081	Ickelheim Kirche
de:09675:29431	Iffigheim Am Iffbach
de:09675:29518	Iffigheim Kirche
de:09577:16315	Igelsbach
de:09577:16316	Igelsbachsee Parkplatz
de:09572:6344	Igelsd.(Baiersd) Bräuningsh.St
de:09572:6347	Igelsd.(Baiersd) Neuweiherstr.
de:09572:6343	Igelsdorf (b.Baiersd) Bergstr.
de:09572:6345	Igelsdorf (b.Baiersd) Fwh
de:09576:8641	Igelsdorf (Redn) Penzend.Str.
de:09576:8643	Igelsdorf (Rednitzh) Grenzweg
de:09576:8645	Igelsdorf (Rednitzh) Ringstr.
de:09576:8642	Igelsdorf/Redn. Siemensstr.
de:09474:9600	Igensdorf
de:09474:9608	Igensdorf Neue Schule
de:09474:9601	Igensdorf Ort
de:09474:9607	Igensdorf Schule
de:09474:9606	Igensdorf St.-Georg-Str.
de:09273:476	Ihrlerstein, Hauptstr.
de:09273:474	Ihrlerstein, Kelh./Abzw Alling
de:09273:475	Ihrlerstein, Kirche
de:09273:725	Ihrlerstein, Kl.wald.,Abzw Staats
de:09273:479	Ihrlerstein, Nbg/Abzw Essing
de:09273:478	Ihrlerstein, Nbg/Abzw Palmberg
de:09273:461	Ihrlerstein, Nbg/Jägersteig
de:09273:496	Ihrlerstein, Nürnberg. Str.106
de:09273:10197	Ihrlerstein, Rabenweg
de:09273:10399	Ihrlerstein, Rathaus
de:09273:477	Ihrlerstein, Schlesierstr.
de:09273:451	Ihrlerstein, Volksschule
de:09176:8279	Ilbling, Abz
de:09176:7605	Ilbling, Wendeplatte
de:09472:23154	Illafeld
de:09571:13817	Illenschwang
de:09575:14450	Illesheim
de:09575:14451	Illesheim Hauptstr./Ost
de:09575:14455	Illesheim Kirche
de:09575:14453	Illesheim Rathaus
de:09575:14452	Illesheim Westheimer Str.
de:09572:6239	Illhof
de:09371:18742	Illschwang Bergstr.
de:09371:18741	Illschwang Dorfplatz
de:09371:18743	Illschwang Feuerwehrhaus
de:09371:18747	Illschwang Schule
de:09675:29691	Ilmenau
de:09176:8205	Imbath
de:09571:12965	Immeldorf
de:09377:7614	Immenreuth
de:09377:15197	Immenreuth, Familienferienstätte,Ahornberg (Kr TIR)
de:09377:15821	Immenreuth, Feuerwehrhaus
de:09377:15196	Immenreuth, Freibad,Ahornberg (Kr TIR)
de:09377:7613	Immenreuth, Kulmainer Str.
de:09377:15579	Immenreuth, Rosenstr.
de:09377:7768	Immenreuth, Schule
de:09371:18546	Immenstetten Ortsmitte
de:09161:8056	IN, Adlmannsberger Weg
de:09161:7626	IN, Alban-Berg-Straße
de:09161:1034	IN, Altwasserweg
de:09161:8010	IN, Am Augraben
de:09161:8787	IN, Am Auwaldsee
de:09161:8035	IN, Am Dachsberg
de:09161:8666	IN, Am Franziskanerwasser
de:09161:1567	IN, Am Gwendt
de:09161:8611	IN, Am Kirchberg
de:09161:45	IN, Am Neubruch
de:09161:7854	IN, Am Westerberg
de:09161:795	IN, Am Westpark 2
de:09161:796	IN, Am Westpark 3
de:09161:769	IN, Am Westpark/Audi-Ring
de:09161:8617	IN, An der Breite
de:09161:7988	IN, Asamstraße
de:09161:7678	IN, Audi - Bahnhalt Süd
de:09161:8975	IN, Audi - N60H
de:09161:8052	IN, Audi - Senefelderstraße
de:09161:7635	IN, Audi - T2
de:09161:7668	IN, Audi - T41
de:09161:1851	IN, Audi-A56
de:09161:7545	IN, Audi-Forum
de:09161:7528	IN, Audi-GVZ
de:09161:7527	IN, Audi-GVZ Halle G
de:09161:7526	IN, Audi-GVZ Halle H
de:09161:1492	IN, Audi-GVZ Halle O
de:09161:8838	IN, Audi-N56/Tor 7
de:09161:849	IN, Audi-Parkplatz
de:09161:1840	IN, Audi-Sportpark
de:09161:1853	IN, Audi-T35/T23
de:09161:7544	IN, Audi-Tor 10
de:09161:1850	IN, Audi-Tor 3
de:09161:1847	IN, Audi-Tor 7
de:09161:8770	IN, Audi-Tor 9/TE
de:09161:7525	IN, Audi-Tradition
de:09161:8802	IN, Auenstraße
de:09161:7999	IN, Auf der Schanz
de:09161:8054	IN, August-Horch-Straße
de:09161:79	IN, Aventinstraße
de:09161:8618	IN, Barthlgasserstraße
de:09161:8780	IN, Bei der Hollerstaude
de:09161:8014	IN, Beilngrieser Straße
de:09161:8956	IN, Bezirkssportanl. Nord-West
de:09161:8785	IN, Breslauer Straße
de:09161:109	IN, Brodmühlweg
de:09161:7997	IN, Brückenkopf
de:09161:7420	IN, Brückenkopf Parkstraße
de:09161:113	IN, Buchnerstraße
de:09161:7688	IN, Buxheimer Weg
de:09161:7980	IN, Christoph-Scheiner-Gymnasium
de:09161:8030	IN, Degenhartstraße
de:09161:8796	IN, Deschinger Straße
de:09161:1624	IN, Donautherme Wonnemar
de:09161:7517	IN, Dünzlauer Straße
de:09161:8055	IN, Echenzeller Weg
de:09161:8782	IN, Effnerstraße
de:09161:8823	IN, Egerlandstraße
de:09161:7518	IN, Eichenwaldstraße
de:09161:8800	IN, Eigenheimstraße
de:09161:8612	IN, Erchanstraße
de:09161:179	IN, Eriagstraße
de:09161:7419	IN, ESV
de:09161:8050	IN, Ettinger Straße
de:09161:2907	IN, Existenzgründerzentrum
de:09161:8824	IN, Feldschlößl
de:09161:187	IN, Feselenstraße
de:09161:7989	IN, Fraunhoferstraße
de:09161:201	IN, Friedrich-Ebert-Straße
de:09161:8886	IN, Friedrichshofener Str.
de:09161:7428	IN, Frühlingstraße
de:09161:8821	IN, Gabelsbergerstraße
de:09161:231	IN, Gaimersheimer Straße
de:09161:232	IN, Ganghoferstraße
de:09161:7439	IN, Geibelstraße
de:09161:8795	IN, Georgstraße
de:09161:8012	IN, Gratzerstraße
de:09161:8616	IN, Greutweg
de:09161:259	IN, Grundnerstraße
de:09161:262	IN, Gutenbergstraße
de:09161:266	IN, Hackerstraße
de:09161:8095	IN, Haltmayrstraße
de:09161:8615	IN, Hanfgartenstraße
de:09161:8001	IN, Harderstraße
de:09161:8031	IN, Haslangstraße
de:09161:8799	IN, Haunwöhrer Straße
de:09161:1845	IN, Hauptbahnhof Ost
de:09161:7539	IN, Hegnenbergstraße
de:09161:8028	IN, Heidemannstraße
de:09161:304	IN, Herschelstraße
de:09161:8003	IN, Heydeckstraße
de:09161:308	IN, Heysestraße
de:09161:8047	IN, Hindemithstraße
de:09161:7533	IN, Hochschule
de:09161:8485	IN, Hofmarkstraße
de:09161:325	IN, Hugo-Wolf-Straße
de:09161:328	IN, Humboldtstraße
de:09161:8797	IN, Hölderlinstraße
de:09161:1677	IN, Ingolstadt Village
de:09161:4438	IN, Isaak-Newton-Straße
de:09161:7596	IN, Johann-Michael-Sailer-Str.
de:09161:8036	IN, Jupiterstraße
de:09161:8777	IN, Jurastraße
de:09161:7622	IN, Keplerstraße
de:09161:8512	IN, Kipfenberger Str.
de:09161:7837	IN, Kleingartenanlage
de:09161:8033	IN, Klinikum
de:09161:7520	IN, Kornstraße
de:09161:8789	IN, Kälberschüttstraße
de:09161:1608	IN, Käthe-Kruse-Straße
de:09161:7986	IN, Körnerstraße
de:09161:8049	IN, Lannerstraße
de:09161:7571	IN, Leharstraße
de:09161:8009	IN, Lena-Christ-Straße
de:09161:1856	IN, Lentinger Straße
de:09161:8817	IN, Levelingstraße
de:09161:8784	IN, Liegnitzer Straße
de:09161:7540	IN, Lindberghstraße
de:09161:468	IN, Linnestraße
de:09161:8011	IN, Mariengarten
de:09161:505	IN, Marienplatz
de:09161:8801	IN, Mendlstraße
de:09161:519	IN, Messerschmittstraße
de:09161:7510	IN, Mühlackerweg
de:09161:527	IN, Müllverwertungsanlage
de:09161:7536	IN, Nobelstraße
de:09161:7569	IN, Nordfriedhof
de:09161:8006	IN, Nürnberger Straße
de:09161:8005	IN, Oberer Grasweg
de:09161:1521	IN, Ochsenmühle
de:09161:566	IN, Ostfriedhof
de:09161:8818	IN, Parreutstraße
de:09161:7990	IN, Paul-Wegmann-Halle
de:09161:8786	IN, Peisserstraße
de:09161:8034	IN, Peringerstraße
de:09161:8887	IN, Permoserstraße
de:09161:7572	IN, Pestalozzistraße
de:09161:580	IN, Peter-Steuart-Heim
de:09161:1710	IN, Petrus-Canisius-Schule
de:09161:581	IN, Pettenkoferstraße
de:09161:8613	IN, Pettostraße
de:09161:80	IN, Pfingstäckerweg
de:09161:7570	IN, Pfitznerstraße
de:09161:7422	IN, Pionierkaserne
de:09161:7985	IN, Rankestraße
de:09161:8000	IN, Rathausplatz/Schutterstr.
de:09161:8008	IN, Rechbergstraße
de:09161:613	IN, Regensburger Straße
de:09161:8667	IN, Richard-Strauss-Straße
de:09161:7621	IN, Richard-Wagner-Straße
de:09161:7537	IN, Röntgenstraße
de:09161:1625	IN, Saturn-Arena
de:09161:8781	IN, Schatzgerstraße
de:09161:643	IN, Schellingstraße
de:09161:7521	IN, Scherzerstraße
de:09161:7329	IN, Schröplerstraße
de:09161:8779	IN, Schultheißstraße
de:09161:7541	IN, Schulzentrum SW/Gustav-Adolf-Str.
de:09161:7519	IN, Schwanenstraße
de:09161:1561	IN, Schwäblstraße
de:09161:8062	IN, Schölnhammerstraße
de:09161:8614	IN, Schöne Au
de:09161:671	IN, Seidelbaststraße
de:09161:8794	IN, Semmerseeweg
de:09161:8803	IN, Spitalhofstraße
de:09161:7416	IN, Sportzentrum Nordost
de:09161:7983	IN, St. Anton
de:09161:7984	IN, St. Markus
de:09161:7623	IN, St. Pius / Kroppstraße
de:09161:7625	IN, St. Pius / Mozartstraße
de:09161:680	IN, St.-Martins-Platz
de:09161:7981	IN, St.-Michael-Straße
de:09161:846	IN, St.Anton/Bahnhofstraße
de:09161:834	IN, St.Anton/Münchener Straße
de:09161:7546	IN, St.Johannes/Ettinger Str.
de:09161:7531	IN, Stadttheater
de:09161:465	IN, Stargarder Straße
de:09161:1892	IN, Steigerwaldstraße
de:09161:8032	IN, Sustrisstraße
de:09161:8026	IN, Taschenturm
de:09161:709	IN, Tassilostraße
de:09161:718	IN, Telemannstraße
de:09161:720	IN, Theodor-Heuss-Brücke
de:09161:7630	IN, Theodor-Heuss-Straße
de:09161:1714	IN, TV Nordwest
de:09161:8061	IN, Uhlandstraße
de:09161:1711	IN, Ungerneder Schule
de:09161:723	IN, Ungernederstraße
de:09161:7996	IN, Universität (Kreuztor)
de:09161:8004	IN, Unterer Grasweg
de:09161:8798	IN, Unterhaunstädter Weg
de:09161:7568	IN, Waldeysenstraße
de:09161:8013	IN, Weckenweg
de:09161:755	IN, Weismannstraße
de:09161:7987	IN, Weningstraße
de:09161:8778	IN, Werdenfelser Straße
de:09161:8027	IN, Westfriedhof
de:09161:844	IN, Westfriedhof/Brodmühlweg
de:09161:7535	IN, Wielandstraße
de:09161:8619	IN, Wilhelm-Busch-Straße
de:09161:8804	IN, Zeppelinstraße
de:09161:8576	IN, ZOB
de:09161:8029	IN, Zoo Wasserstern
de:09176:8359	Inching, Gh Fischerwirt
de:09176:8358	Inching, St.2230 Abz Inching
de:09176:8357	Inching, Trafostation
de:08136:1055	Ind.Geb.West MB Widmann
de:08136:1084	Ind.Geb.West Siemensstraße
de:09577:16365	Indernbuch
de:08127:20225	Ingersheim Geschw. Scholl-Str.
de:09575:14871	Ingolstadt (b. Sugenheim)
de:09161:1750	Ingolstadt Audi
de:09161:9009	Ingolstadt Nord
de:09161:7485	Ingolstadt, Am Kreuzäcker
de:09161:8040	Ingolstadt, Audi 51
de:09185:8467	Ingolstadt, Audi 60
de:09161:8837	Ingolstadt, Audi N2
de:09161:8839	Ingolstadt, Audi N53
de:09161:8938	Ingolstadt, Audi Piazza
de:09161:8053	Ingolstadt, Audi Werkzeugbau
de:09161:8665	Ingolstadt, M.-L.-Fleißer-Str.
de:09161:7423	Ingolstadt, Marie-Curie-Str.
de:09161:7534	Ingolstadt, Nordbahnhof Ost
de:09161:8007	Ingolstadt, Nordbahnhof West
de:09161:7427	Ingolstadt, Schollstraße
de:09161:7429	Ingolstadt, Tränktorstr.
de:09571:12751	Insingen Mitte
de:09571:12753	Insingen Siedlung
de:09376:8477	Inzendorf
de:09373:17940	Inzenhof b. Lauterhofen
de:09373:17867	Inzenhof b. Pilsach
de:09371:18307	Ipflheim
de:09675:4414	Iphofen
de:09675:25810	Iphofen Alte Reichstraße
de:09675:28700	Iphofen Am Stadtgraben Ost
de:09675:29864	Iphofen Aussiedlerhof Düring
de:09675:29673	Iphofen Bahnhofstraße
de:09675:29682	Iphofen Einersheimer Straße
de:09675:25855	Iphofen Fa. Knauf
de:09675:28699	Iphofen Feuerwehrhaus
de:09675:25856	Iphofen Mainbernheimer Straße
de:09675:28698	Iphofen Mainbernheimer Tor
de:09675:29674	Iphofen Rödelseer Tor
de:09675:29684	Iphofen Verbandsschule
de:09675:29334	Iphofen Winzergenossenschaft
de:09575:14462	Ippesheim Dorfbrücke
de:09575:14463	Ippesheim Feuerwehrweiher
de:09575:14461	Ippesheim Mitte
de:09575:14500	Ipsheim
de:09575:14498	Ipsheim Ortsmitte
de:09176:8266	Irfersdorf
de:09161:8484	Irgertsheim, Laubenstraße
de:09375:228	Irgertshofen
de:09376:15603	Irlaching b. Schwandorf
de:09176:8264	Irlahüll
de:09376:80180	Irlbach
de:09371:19426	Irlbach (b. Hahnbach) Mitte
de:09371:19427	Irlbach (b.Hahnbach) Nord
de:09375:237	Irlbach Gh. Riederer
de:09375:839	Irlbach Schule
de:09373:17291	Irleshof Bocksmühle
de:09373:17290	Irleshof Ort
de:09362:13047	Irlmauth
de:09362:239	Irlmauth Abzw.
de:09273:2453	Irnsing, Hofmarkstr.
de:09273:2488	Irnsing, Kelsstraße
de:09571:13568	Irrebach
de:09376:80755	Irrenlohe
de:09376:2756	Irrenlohe, Ort
de:09186:8544	Irsching, Ortsmitte
de:09571:12598	Irsingen
de:09373:17143	Ischhofen Feuerwehrhaus
de:09176:8364	Isenbrunn
de:09478:27117	Isling Aussiedlerhof
de:09478:27114	Isling Brunnen
de:09478:27116	Isling Kohlbauerplatz/Linde
de:09571:13760	Ismannsdorf
de:09373:17934	Ittelhofen
de:09574:7609	Ittelshofen
de:09574:7920	Ittling (b. Simmelsdorf) FWH
de:09574:7916	Ittling (b. Simmelsdorf) Süd
de:09779:6547	Itzing, B2
de:08136:4222	Itzlingen Abzw.
de:08136:4249	Itzlingen Kerkinger Straße
de:08136:4250	Itzlingen Kirche
de:08136:4223	Itzlingen Ort
de:09273:362	Jachenhausen, Abzw Kreisstr.
de:08136:4704	Jagstheim Abzw.
de:08127:22521	Jagstheim Burgbergsiedlung
de:08127:30003	Jagstheim Degenbachsee
de:08136:4703	Jagstheim Ort
de:08136:4624	Jagstzell An der Jagst
de:08136:4609	Jagstzell Bahnhof
de:08136:4610	Jagstzell Kindergarten
de:08136:4611	Jagstzell Rathaus
de:08136:4625	Jagstzell Rechenberger Straße
de:08136:4622	Jagstzell Rosenberger Str.
de:08136:4626	Jagstzell Rot
de:08136:4623	Jagstzell Rothof Abzweig
de:08136:4612	Jagstzell Schule
de:08136:4627	Jagstzell Unterer Weiler
de:08136:4602	Jagstzell-Dankoltsweiler
de:08136:4603	Jagstzell-Dietrichsweiler
de:08136:4604	Jagstzell-Eichenrain
de:08136:4628	Jagstzell-Eulenmühle
de:08136:4605	Jagstzell-Finkenberg
de:08136:4607	Jagstzell-Hahnenmühle
de:08136:4608	Jagstzell-Hegenberg
de:08136:4613	Jagstzell-Kellerhof
de:08136:4614	Jagstzell-Riegelhof
de:08136:4615	Jagstzell-Riegersheim
de:08136:4616	Jagstzell-Ropfershof
de:08136:4617	Jagstzell-Rotbachsägmühle
de:08136:4618	Jagstzell-Schweighausen
de:08136:4619	Jagstzell-Schweighausen Abzwg
de:08136:4621	Jagstzell-Spielegert
de:08136:4620	Jagz-Schweigh. Abzw.Dankoltsw.
de:09362:14079	Jahnstadion Regensburg
de:09362:14081	Jahnstadion/Parkplatz 2
de:09576:8227	Jahrsdorf
de:09576:8261	Jahrsdorf Nord
de:09376:8480	Jeding
de:09674:15806	Jesserndorf
de:09373:17553	Jettenhofen
de:09373:17243	Jettingsdorf
de:09571:12904	Jochsberg
de:09362:14040	Johann-Schwaebl-Str.
de:09479:9360	Johanneszeche
de:09374:16846	Johannisthal b. Windisch
de:09476:15096	Johannisthal Nord
de:09476:3119	Johannisthal Schulbushaltestelle
de:09476:15370	Johannisthal Tankstelle
de:09374:7164	Johannisthal, Abzw
de:09377:7777	Josephshof
de:09185:8481	Joshofen, Abzw.
de:09185:51	Joshofen, Jurahang
de:09375:243	Judenberg Feuerwehrhaus
de:09375:244	Judenberg Ort
de:09471:20732	Juliushof 1
de:09471:20733	Juliushof 2
de:09572:6142	Jungenhofen
de:09674:75058	Junkersdorf (b Hofheim), Ortsmitte
de:09674:15323	Junkersdorf a. d. W.
de:09362:13040	Junkersstraße
de:09474:9275	Jägersburg
de:09371:18662	Jägersruh (b. Hirschbach)
de:09675:27250	Järkendorf
de:09576:8171	K-Lohe Allerheiligenkirche
de:09576:8174	K-Lohe Königshammer
de:09576:8175	K.-Lohe Frankenstr.
de:09576:8176	K.-Lohe Rangaustr.
de:09576:8178	K.-Lohe Schule
de:09373:17292	Kadenzhofen
de:09376:8554	Kadermühle, Abzw
de:09573:5365	Kagenhof
de:09371:19336	Kagerhof
de:09376:80184	Kai b. Burglengenfeld
de:09377:7650	Kaibitz
de:09478:27242	Kaider
de:09571:12319	Kaierberg
de:09472:23528	Kainach
de:09574:7411	Kainsbach
de:09371:18587	Kainsricht
de:09572:6538	Kairlindach
de:09479:9334	Kaiserhammer
de:09375:245	Kaiserhäusl
de:09779:6542	Kaisheim, Bernardisiedlung
de:09779:6528	Kaisheim, Hofwirt
de:09779:6530	Kaisheim, Neuhof
de:09779:6529	Kaisheim, Raiba-Volksbank
de:09576:8527	Kaising
de:09577:16317	Kalbensteinberg
de:09572:6560	Kalchreuth
de:09572:6567	Kalchreuth Ab. Großgesch.
de:09572:6561	Kalchreuth Erlanger Str.
de:09572:6563	Kalchreuth Hallerstr.
de:09572:6562	Kalchreuth Heroldsberger Str.
de:09572:6564	Kalchreuth Kreuzweiher
de:09371:18343	Kalchsreuth
de:09176:8388	Kaldorf
de:09176:8336	Kaldorf, Abz Reuth a. Wald
de:09176:8335	Kaldorf, Kirche
de:08136:4705	Kalkofen
de:09375:1021	Kallmünz Alte Dinauer Straße
de:09375:665	Kallmünz Dabeck
de:09375:1041	Kallmünz Friedhofplatz
de:09375:828	Kallmünz Holzheimer Straße
de:09375:1711	Kallmünz Kindergarten
de:09375:1657	Kallmünz Lell
de:09375:1036	Kallmünz Schule
de:09571:11778	Kaltenbronn
de:09473:15221	Kaltenbrunn Fa. Zellner
de:09473:15200	Kaltenbrunn Ortsmitte
de:09473:15222	Kaltenbrunn Süd 1
de:09473:15223	Kaltenbrunn Süd 2
de:09473:15224	Kaltenbrunn Süd 3
de:09473:15225	Kaltenbrunn Süd 4
de:09374:7526	Kaltenbrunn, Alte Siedlung
de:09374:11147	Kaltenbrunn, Am Kreuz
de:09374:7525	Kaltenbrunn, Gh Post
de:09374:15693	Kaltenbrunn, Schulstr.
de:09577:16358	Kaltenbuch Ortseingang
de:09577:16356	Kaltenbuch Ortsmitte
de:09471:21335	Kalteneggolsfeld
de:09561:11371	Kaltengreuth
de:09377:10218	Kaltenlohe, Abzw
de:09675:29480	Kaltensondheim Am Plärrer
de:09472:22706	Kaltenthal
de:09472:22708	Kaltenthal Haus Nr. 1
de:09678:25739	Kammerforst
de:09576:8605	Kammerstein Espanstr.
de:09576:8601	Kammerstein Mitte/Kreisstr.
de:09576:8602	Kammerstein Nord
de:09576:8603	Kammerstein Ramungusweg
de:09576:8914	Kammühle
de:09474:9149	Kanndorf
de:09474:9148	Kanndorf Aussiedlh.Drummer
de:09273:372	Kapfelberg, Abzw Bäckerbergstr.
de:09273:373	Kapfelberg, Abzw Kohlenschachtweg
de:09273:10154	Kapfelberg, Abzw. Bootsweg
de:09273:2412	Kapfelberg, Gh am Yachthafen
de:09273:371	Kapfelberg, Kastanienbäume
de:09273:10153	Kapfelberg, Marienplatz
de:09273:531	Kapfelberg, Ortsm/Weberstr.
de:09273:1802	Kapfelberg, Stadtfeldweg
de:09471:21141	Kappel (b. Burgwindheim)
de:09474:9568	Kappel (b. Hiltpoltstein)
de:09576:8318	Kapsdorf
de:09674:27254	Karbach
de:09472:23195	Karches Forsthaus
de:09375:599	Kareth Am Tunnel
de:09375:16055	Kareth Hauptstraße
de:09375:1097	Kareth In der Pfeifing
de:09375:248	Kareth Pfälzer Weg
de:09373:17145	Karhof
de:09479:15723	Karlmühle,Arzberg (Oberfr)
de:09577:16403	Karlshof
de:09779:6797	Karlshof, Abz
de:09571:11958	Karlsholz
de:09576:8229	Karm
de:09361:19932	Karmensölden Ort
de:09474:9423	Kasberg Feuerwehrhaus
de:09477:4138	Kasendorf Abzw Bahnhof
de:09477:4139	Kasendorf Gh. Friedrich
de:09477:4140	Kasendorf Gh. Goldener Anker
de:09176:8404	Kasing, Abz Canisiushof
de:09176:8088	Kasing, Gh. Pauliwirt
de:09176:8091	Kasing, Kirchplatz
de:09176:8087	Kasing, Köschinger Straße
de:09478:27345	Kaspauer
de:09573:5173	Kastenreuth
de:09377:7545	Kastl
de:09371:18802	Kastl Abzw. Gaishof
de:09371:18800	Kastl Bahnhof
de:09371:18806	Kastl Gh. Forsthof
de:09371:18808	Kastl Hochhaus
de:09371:18809	Kastl Im Gewerbegebiet
de:09371:18813	Kastl Klosterburg
de:09371:18801	Kastl Marktplatz
de:09371:18815	Kastl Schule
de:09377:15598	Kastl, Donatusstr./Ecke Rosenstr.
de:09377:15600	Kastl, Kulmstr./Jahnstr.
de:09377:15623	Kastl, Metzgerei Macher
de:09377:15599	Kastl, V.-Weickmann-Str./Industriestr.
de:09375:1698	Katharied Abzw.
de:09176:8400	Katharinenberg, Abz
de:09477:2484	Katschenreuth Abzw Auweg
de:09477:3843	Katschenreuth Ortsmitte
de:09477:9052	Katschenreuth Schulbushaltestelle Hs Nr.
de:09577:16081	Kattenhochstatt
de:09561:11376	Katterbach Kaserne
de:09561:11377	Katterbach West
de:09376:824	Katzdorf, Loisnitzer Str.
de:09376:15020	Katzdorf, Loisnitzer Straße II
de:09376:177	Katzdorf, Raiffeisenbank
de:09376:807	Katzdorf, Schule
de:09373:17777	Katzenfels
de:09376:80190	Katzenhüll
de:09377:2307	Katzenöd
de:09564:1810	Katzwang
de:09575:14491	Kaubenheim
de:09571:12116	Kaudorf
de:09371:18107	Kauerhof B14
de:09371:18105	Kauerhof Franz-Sollfrank-Str.
de:09371:18138	Kauerhof Ortsmitte
de:09576:8228	Kauerlach
de:09477:3595	Kauerndorf
de:09474:9277	Kauernhofen Mitte
de:09375:7	Kaulhausen Abzw. Dettenh.
de:09375:250	Kaulhausen Ort
de:09377:11082	Kautzenhof
de:09371:18284	Kegelheim
de:09577:16082	Kehl
de:09471:21142	Kehlingsdorf
de:09571:12376	Kehlmünz
de:09573:5032	Keidenzell
de:09362:12032	Keilberg
de:09576:8836	Keilberg Mitte
de:09273:795	Keilsdorf, Ortsmitte
de:09273:10024	Kelheim, Abensb.Str,Ab.Am Heidacker
de:09273:302	Kelheim, Abzw Am Marterl
de:09273:309	Kelheim, Abzw Auf d.Sand
de:09273:466	Kelheim, Affeckinger/Ab Irisweg
de:09273:712	Kelheim, Alleestr/Zentrum
de:09273:11197	Kelheim, Altmühl
de:09273:3634	Kelheim, Altmühltor
de:09273:7968	Kelheim, Auf dem Sand
de:09273:447	Kelheim, Berufsschule
de:09273:1730	Kelheim, Donaupark
de:09273:2405	Kelheim, Donautor
de:09273:473	Kelheim, Einkaufszentrum
de:09273:425	Kelheim, Evangelische Kirche
de:09273:10802	Kelheim, Gisela-/Abzw. Bertholdstr.
de:09273:323	Kelheim, Gronsdorf
de:09273:711	Kelheim, Grundschule Hohenpfahl
de:09273:11125	Kelheim, Grundschule Nord
de:09273:316	Kelheim, Gymnasium
de:09273:863	Kelheim, Heilig-Kreuz-Kirche
de:09273:307	Kelheim, Kelh.winz/A Hallstattstr
de:09273:375	Kelheim, Kelheimwinz/A Kleiberstr
de:09273:900	Kelheim, Kelheimwinz/Ab Kuckuckstr
de:09273:2646	Kelheim, Kirchplatz
de:09273:301	Kelheim, Krankenhaus
de:09273:16185	Kelheim, Landratsamt
de:09273:304	Kelheim, Maximilianbrücke
de:09273:306	Kelheim, Nordtangente/Ab Khs
de:09273:303	Kelheim, Rgbg/A Klausenstr.
de:09273:299	Kelheim, Rgbg/Abzw Abensb.str.
de:09273:321	Kelheim, Riedenb./Abzw Am O.Zweck
de:09273:322	Kelheim, Riedenb/A Gronsd. Hang
de:09273:713	Kelheim, Riedenb/A Westtangente
de:09273:690	Kelheim, Schützenheim
de:09273:2282	Kelheim, Stadtplatz
de:09273:472	Kelheim, Starenstraße
de:09273:377	Kelheim, Waldfriedhof
de:09273:305	Kelheim, Wöhrdplatz, Zentrum
de:09273:310	Kelheimwinzer, Schule
de:09374:7516	Kellerhaus
de:09571:12530	Kellern
de:09176:8280	Kemathen
de:09477:4089	Kemeritz
de:09571:12048	Kemmathen (b. Arberg)
de:09571:12578	Kemmathen (b. Flachslanden)
de:09474:9569	Kemmathen (b. Hiltpoltstein)
de:09471:21373	Kemmern Breitengüßbacher Str.
de:09471:21361	Kemmern Hallstadter Straße
de:09471:21362	Kemmern Haupstraße 35
de:09471:21371	Kemmern Hauptstr./GroßerWeg
de:09471:21372	Kemmern Hotel Rosenhof
de:09471:21365	Kemmern Kirche
de:09471:21363	Kemmern Nord
de:09471:21366	Kemmern Ortsmitte
de:09471:21368	Kemmern Schule
de:09471:21364	Kemmern Süd
de:09373:17835	Kemnath (Postb-Heng) Finkenweg
de:09373:17836	Kemnath (Postb-Heng) FWH
de:09373:17837	Kemnath (Postb-Heng) Waldstr.
de:09371:19222	Kemnath a. Buchb. Ziegelhütte
de:09371:19219	Kemnath a. Buchberg Dorfplatz
de:09371:19218	Kemnath a. Buchberg Hauptstr.
de:09371:19217	Kemnath a. Buchberg Piehler
de:09371:19226	Kemnath a. Buchberg Schule
de:09371:19224	Kemnath a. Buchberg Sägewerk
de:09377:15355	Kemnath, Adalbert-Stifter-Str.
de:09377:15331	Kemnath, Aldi
de:09377:15322	Kemnath, Altes Rathaus
de:09377:15315	Kemnath, Am Eisweiher
de:09377:15349	Kemnath, Amberger Str. Bushaltestelle
de:09377:15335	Kemnath, Amberger Str./Rosenweg
de:09377:15350	Kemnath, Anzensteinstr. 10
de:09377:15352	Kemnath, Anzensteinstr. 27
de:09377:15344	Kemnath, Anzensteinstr. Mitfahrerbank
de:09377:15125	Kemnath, Bayreuther Str. Mitfahrerbank
de:09377:15235	Kemnath, BRK Seniorenheim
de:09377:15363	Kemnath, Bürgerm.-Zetlmeisl-Str. 2b
de:09377:15320	Kemnath, Cammerloherplatz
de:09377:15327	Kemnath, Edeka
de:09377:15365	Kemnath, Eisersdorf
de:09377:15360	Kemnath, Eisersdorfer Str. 21
de:09377:15364	Kemnath, Eisersdorfer Str. 25a
de:09377:15325	Kemnath, Evang. Friedhofskirche
de:09377:15345	Kemnath, Fichtelgebirgsstr./Armesbergstr
de:09377:15334	Kemnath, Fortschau 2
de:09377:15338	Kemnath, Gartenweg
de:09377:15367	Kemnath, Georg-Horn-Str. Wendehammer
de:09377:15307	Kemnath, Goldbergstr.
de:09377:15314	Kemnath, Hallenbad
de:09377:15574	Kemnath, Hegele
de:09377:15302	Kemnath, Hinter dem Kloster,Albenreuth
de:09377:15353	Kemnath, Hohe Str. 44
de:09377:15357	Kemnath, Hohe Str. Wendehammer,Albenreuth
de:09377:15301	Kemnath, Joh.-Hader-Str./Hinter dem Klos
de:09377:15303	Kemnath, Joh.-Tolhopf-Str. 17
de:09377:15308	Kemnath, Joh.-Tolhopf-Str./Matthias-Widm
de:09377:15366	Kemnath, Johann-Hader-Str.
de:09377:15342	Kemnath, Kard.-Münch-Str./Vehstraße
de:09377:15358	Kemnath, Kardinal-Muench-Str./Eisersdorf
de:09377:15825	Kemnath, Krankenhaus
de:09377:15351	Kemnath, Kuchenreuth 12
de:09377:15348	Kemnath, Kulmstr. 14a
de:09377:7547	Kemnath, Milchwerk
de:09377:15361	Kemnath, Pfarrer-Pilz-Str. 13
de:09377:15319	Kemnath, Pfarrheim
de:09377:15305	Kemnath, Pommernstr./Königsbergerstr.
de:09377:7548	Kemnath, Primianusplatz
de:09377:15309	Kemnath, Primianusstr./Wendehammer
de:09377:15324	Kemnath, Raiffeisenlagerhaus
de:09377:7571	Kemnath, Realschule
de:09377:15312	Kemnath, Realschule Turnhalle
de:09377:15330	Kemnath, Rewe
de:09377:15333	Kemnath, Rohrwiesen/Studio 9
de:09377:15336	Kemnath, Rosenweg 15
de:09377:15328	Kemnath, Röntgenstr. 9
de:09377:15346	Kemnath, Schloßbergstr. 2a
de:09377:15313	Kemnath, Schule Sportplatz
de:09377:15321	Kemnath, Sebastiansäule Stadtplatz
de:09377:15317	Kemnath, Seniorenheim SeniVita
de:09377:15573	Kemnath, Siemens Parkplatz
de:09377:7570	Kemnath, Siemens Pforte
de:09377:15362	Kemnath, Sigmund-Ehrnthaller-Str. 13
de:09377:15359	Kemnath, Vehstr. 22
de:09377:15329	Kemnath, Werksverkauf Ponnath
de:09377:15356	Kemnath, Werner-v.-Siemens-Str. Mitfahre
de:09377:15354	Kemnath, Werner-v.-Siemens-Str/J.v.Eiche
de:09377:15343	Kemnath, Werner-von-Siemens-Str./Erbendo
de:09377:7572	Kemnath, Wunsiedler Str.
de:09377:15306	Kemnath, Wunsiedler Str./Abzw. Eiserdorf
de:09377:15310	Kemnath, Wunsiedler Str./Mitfahrerbank
de:09377:15304	Kemnath, Wunsiedler Str./Pommernstr.
de:09377:15575	Kemnath, Ärztehaus
de:09377:7651	Kemnath-Neustadt
de:09377:7639	Kemnath-Neustadt, Bf, Abzw
de:09577:16761	Kemnathen (b. Pleinfeld)
de:09373:17380	Kemnathen/Breitbr Wissing.Str.
de:09373:17381	Kemnathen/Breitenbrunn Schule
de:09361:19935	Kemnathermühle
de:09371:18118	Kempfenhof Hahnenweg
de:09674:27256	Kerbfeld Humprechtsh. Str.
de:09674:75437	Kerbfeld Rufbus Start,Aidhausen
de:09373:17701	Kerkhofen Kirche
de:08136:4248	Kerkingen Altes Rathaus
de:08136:4224	Kerkingen Bopfinger Straße
de:08136:4247	Kerkingen Hadergasse Abzwg
de:08136:4225	Kerkingen Holzgasse
de:08136:4226	Kerkingen Ottiliengasse
de:09573:5174	Kernmühle
de:09474:9100	Kersbach
de:09474:9099	Kersbach (b.Forchheim) Kirche
de:09474:9096	Kersbach (b.Forchheim) Schule
de:09474:9097	Kersbach (Forchh.) Fliederweg
de:09574:7579	Kersbach/Neunk. Weißenb. Str.
de:09574:7578	Kersbach/Neunk.a.S. Rollh. Str
de:09373:17778	Kerschhofen
de:09373:17782	Kerschhofen -11-
de:09176:8337	Kesselberg, Feuerwehrhaus
de:09471:21175	Ketschendorf
de:09571:12667	Ketteldorf
de:09373:17302	Kettenbach
de:09571:12534	Kettenhöfstetten
de:09571:13761	Kettersbach
de:09376:80192	Kettnitzmühle
de:09176:8650	Kevenhüll, Wartehaus
de:09572:6150	Kieferndorf
de:09185:7778	Kienberg, Kirche
de:09572:6808	Kienfeld
de:09371:19428	Kienlohe
de:09576:8084	Kiliansdorf Adlerstr.
de:09576:8085	Kiliansdorf Fliegerhorst
de:09576:8086	Kiliansdorf Kindergarten
de:09576:8089	Kiliansdorf Ort
de:09576:8091	Kiliansdorf Reiherstr.
de:09674:15845	Kimmelsbach
de:09176:7900	Kinderdorf
de:09176:8840	Kinding (Altmühltal)
de:09176:8278	Kinding, Marktplatz
de:09176:7607	Kinding, Schule
de:09371:18622	Kindlas
de:09176:8074	Kipfenberg, Altmühltalklinik
de:09176:7707	Kipfenberg, Kindinger Straße
de:09176:8063	Kipfenberg, Parkplatz
de:09576:8568	Kippenwang
de:09472:23061	Kirchahorn
de:09674:25388	Kirchaich Bamberger Str. 12
de:09674:25843	Kirchaich Bamberger Str. 21
de:09674:25387	Kirchaich Sparkasse
de:09674:27531	Kirchaich Weinberge
de:09176:7611	Kirchanhausen
de:09176:8236	Kirchbuch
de:09273:2242	Kirchdorf
de:09273:10539	Kirchdorf, Hauptstr.
de:09474:9640	Kirchehrenbach
de:09474:9638	Kirchehrenbach Mitte
de:09474:9639	Kirchehrenbach Sonnengarten
de:09472:22857	Kirchenbirkig Am Haag
de:09472:22854	Kirchenbirkig Kirche
de:09376:369	Kirchenbuch, Ortsmitte
de:09374:15915	Kirchendemenreuth
de:09374:9940	Kirchendemenreuth, B22
de:09472:22900	Kirchenlaibach
de:09472:22901	Kirchenlaibach GH. Dederl
de:09479:9643	Kirchenlamitz Ost
de:09479:9642	Kirchenlamitz, Bahnhofstr.
de:09479:9641	Kirchenlamitz, Oberschieda
de:09479:9640	Kirchenlamitz, Prinzenweg
de:09479:9646	Kirchenlamitz, Raumetengrün
de:09479:9647	Kirchenlamitz, Schule
de:09479:9644	Kirchenlamitz, Schützenhaus
de:09479:11685	Kirchenlamitz, Weißenstädter Str
de:09479:9645	Kirchenlamitz, Wunsiedler Str.
de:09472:23591	Kirchenpingarten Mitte
de:09472:23593	Kirchenpingarten Oben
de:09472:23592	Kirchenpingarten Schule
de:09371:18435	Kirchenreinbach
de:09574:7473	Kirchensittenb. Post
de:09574:7471	Kirchensittenbach Mitte
de:09574:7472	Kirchensittenbach Schule
de:09374:7223	Kirchenthumbach, Abzw Kellers
de:09374:16889	Kirchenthumbach, Am Sandbrunnen
de:09374:7225	Kirchenthumbach, Eschenb.Str
de:09374:7224	Kirchenthumbach, Post
de:09373:17965	Kirchenwinn
de:09573:5391	Kirchfarrnbach Kirche
de:09573:5392	Kirchfarrnbach Mitte
de:09573:5035	Kirchfembach
de:09573:5036	Kirchfembach Schulbushst.
de:08136:4707	Kirchheim
de:08136:4706	Kirchheim Goalstraße
de:09674:27407	Kirchlauter
de:09674:75052	Kirchlauter, Gemeindezentrum
de:09478:27546	Kirchlein
de:09477:3884	Kirchleus B 85
de:09575:14156	Kirchrimbach
de:09574:7795	Kirchröttenbach
de:09474:9614	Kirchrüsselbach
de:09471:21872	Kirchschletten
de:09675:27865	Kirchschönbach Kirche
de:09675:27864	Kirchschönbach Schulbus-Hst.
de:09472:23598	Kirmsees
de:09571:12579	Kirnberg (b. Gebsattel)
de:09571:13763	Kitschendorf
de:09373:17555	Kittenhausen
de:09273:81090	Kitzenhofen
de:09675:27258	Kitzingen
de:09675:29327	Kitzingen Alemannenstr.
de:09675:29328	Kitzingen Armin-Knab-Gymnasium
de:09675:25591	Kitzingen August-Gauer-Str.
de:09675:29278	Kitzingen B8 Böhmerwaldstr.
de:09675:29672	Kitzingen B8 Egerländer Str.
de:09675:29329	Kitzingen B8 Königsberger Str.
de:09675:29331	Kitzingen B8 Texasweg
de:09675:25596	Kitzingen Balthasar-Neum.-Str.
de:09675:4048	Kitzingen Bismarckstraße
de:09675:27260	Kitzingen ehem. Krankenhaus
de:09675:25654	Kitzingen Eherieder Grund
de:09675:29354	Kitzingen Erich Kästner Schule
de:09675:29426	Kitzingen Ernst-Reuter-Str.
de:09675:25593	Kitzingen Eselsberg
de:09675:25590	Kitzingen Feldrain
de:09675:25597	Kitzingen Flugplatzstr.
de:09675:29429	Kitzingen Galgenwasen
de:09675:25587	Kitzingen Glauberstr.
de:09675:29427	Kitzingen Hochhaus
de:09675:25592	Kitzingen Holzbergweg
de:09675:27869	Kitzingen Innere Sulzfelder Str.
de:09675:8097	Kitzingen Innopark
de:09675:25589	Kitzingen Jahnstr.
de:09675:27868	Kitzingen Keltenstr.
de:09675:25606	Kitzingen Kleistplatz
de:09675:25604	Kitzingen Klettenberg
de:09675:29355	Kitzingen Klinik Kitzinger Land
de:09675:29406	Kitzingen Marktbreiter Str.
de:09675:8018	Kitzingen Max-Fromm-Straße
de:09675:29428	Kitzingen Memellandstraße
de:09675:25595	Kitzingen Muldenweg
de:09675:25594	Kitzingen Neuer Friedhof
de:09675:25605	Kitzingen Otto-Hahn-Str.
de:09675:29655	Kitzingen Rathaus
de:09675:3280	Kitzingen Realschule
de:09675:25653	Kitzingen Rosengarten
de:09675:25899	Kitzingen Rudolf Diesel Straße
de:09675:25655	Kitzingen Scheckenbachmühle
de:09675:25875	Kitzingen Siedlung Schule
de:09675:29353	Kitzingen Siegfried-Wilke-Str.
de:09675:75264	Kitzingen Umgehungsstr.
de:09675:3297	Kitzingen Westtangente
de:09675:25588	Kitzingen Winterleitenweg
de:09675:29358	Kitzingen Äußere Sulzfelder Str.
de:09373:17780	Klapfenberg Ort
de:09373:17779	Klapfenberg Polstermühlstr. 30
de:09376:178	Klardorf, Abzw Bf
de:09575:14581	Klausaurach
de:09472:23150	Klausberg
de:09572:6539	Klebheim
de:09574:7482	Kleedorf Ort
de:09479:9361	Kleehof
de:09576:8320	Kleinabenberg Spielplatz
de:09576:8321	Kleinabenberg Staatsstr.
de:09371:18345	Kleinalbershof
de:09373:17419	Kleinalfalterbach
de:09375:253	Kleinanglhof
de:08127:20342	Kleinansbach
de:08127:20362	Kleinansbach Aussiedler
de:09674:27266	Kleinaugsfeld Bamberger Straße
de:09674:75073	Kleinaugsfeld, Pf.-Kraiss-Str.
de:09574:7797	Kleinbellhofen
de:09373:17556	Kleinberghausen
de:09471:21196	Kleinbirkach
de:09373:17574	Kleinbissendorf
de:09571:13019	Kleinbreitenbronn
de:09471:20734	Kleinbuchfeld
de:09779:6790	Kleinerdlingen, Erninger Str.
de:09779:7227	Kleinerdlingen, Schulhof
de:09371:18142	Kleinfalz
de:09572:6497	Kleingeschaidt
de:09572:6498	Kleingeschaidt B2
de:09474:9361	Kleingesee Abzw. Geschwand
de:09474:9365	Kleingesee Kirche
de:09474:9362	Kleingesee Mitte
de:09474:9363	Kleingesee Ost
de:09474:9360	Kleingesee Vogelberg
de:09471:21197	Kleingressingen
de:09571:12377	Kleinhabersdorf
de:09575:14938	Kleinharbach
de:09571:12379	Kleinhaslach
de:09576:8888	Kleinhöbing Mitte
de:09472:22679	Kleinkrausmühle
de:09675:25808	Kleinlangheim Atzhäuser Str.
de:09675:27270	Kleinlangheim Hauptstraße
de:09675:29399	Kleinlangheim Verbandschule
de:09571:12051	Kleinlellenfeld
de:09472:22850	Kleinlesau
de:09475:11829	Kleinlosnitz, Bauernmuseum
de:09475:81845	Kleinlosnitz, Schulbushaltestelle,Zell (Kr Hof)
de:09373:17585	Kleinmittersdorf
de:09674:7437	Kleinmünster Altdorf / Am Bach
de:09572:6148	Kleinneuses Aussiedlerhof
de:09572:6149	Kleinneuses Mitte
de:09576:8528	Kleinnottersdorf
de:09571:12317	Kleinohrenbronn
de:09375:827	Kleinprüfening
de:09361:19937	Kleinraigering
de:09375:254	Kleinramspau
de:09678:75096	Kleinrheinfeld, Kirche
de:09678:75102	Kleinrheinfeld, Kreuzung
de:09571:12118	Kleinried
de:09479:2385	Kleinschloppen
de:09576:8173	Kleinschwarzenlohe Erichmühle
de:09576:8180	Kleinschwarzenlohe Nord
de:09576:8177	Kleinschwarzenlohe Sportplatz
de:09371:18476	Kleinschönbrunn
de:09572:6663	Kleinseebach Heideweg
de:09572:6665	Kleinseebach Hofgartenweg
de:09572:6664	Kleinseebach Kellergasse
de:09572:6661	Kleinseebach Mitte
de:09572:6667	Kleinseebach Neue Str.
de:09474:9655	Kleinsendelb. Lagerhaus
de:09474:9654	Kleinsendelb. Sportplatz
de:09474:9652	Kleinsendelbach Erlanger Str.
de:09474:9651	Kleinsendelbach Hauptstr.
de:09474:9653	Kleinsendelbach Rathaus
de:09779:5357	Kleinsorheim, Brühlweg
de:09575:14411	Kleinsteinach
de:09674:27040	Kleinsteinach (HAS.)
de:09373:17546	Kleinthundorf
de:09574:7648	Kleinviehberg
de:09373:17305	Kleinvoggenhof
de:09577:16762	Kleinweingarten
de:09572:6809	Kleinweisach
de:09573:5170	Kleinweismannsdorf Brunnenstr.
de:09478:27346	Kleinziegenfeld Alte Schule
de:09478:27347	Kleinziegenfeld Grund
de:09478:27349	Kleinziegenfeld Zöllner
de:09478:27618	Kleukheim
de:09574:7611	Klingenhof (b. Offenhausen)
de:09374:3793	Klobenreuth
de:09374:7158	Klobenreuth, Abzw
de:09478:27244	Kloster Banz
de:09678:27513	Kloster St. Ludwig
de:09571:12433	Kloster Sulz Mitte
de:09571:12440	Kloster Sulz Ziegelhütte
de:09575:14795	Klosterdorf Abtei
de:09373:17900	Klosterhof
de:09478:27119	Klosterlangheim Fwh
de:09478:27118	Klosterlangheim Kloster
de:09373:17325	Klostermühle (b. Berg/NM)
de:09575:14641	Klösmühle
de:09678:25711	Klüpfelsmühle
de:09375:16004	Kneiting
de:09375:1655	Kneiting Dorfplatz
de:09674:27273	Knetzgau Hauptstraße 12
de:09674:25551	Knetzgau Hauptstraße 17
de:09674:7413	Knetzgau Industriestraße
de:09674:7414	Knetzgau Rathaus/Hainerter Str.
de:09674:27275	Knetzgau Schützenhaus
de:09674:27274	Knetzgau Turngarten
de:09674:75085	Knetzgau, Hohmühle
de:09674:75087	Knetzgau, Schule
de:09571:13717	Knittelsbach
de:09472:23330	Knopfhammer
de:09176:7441	Knopfmühle
de:09376:8483	Knölling
de:09472:23115	Kobelsberg
de:09374:9226	Kohlberg, Gh Maierhöfer
de:09374:2320	Kohlberg, Rathaus
de:09374:9225	Kohlberg, Roith
de:09374:1744	Kohlberg, Schlemm
de:09374:15692	Kohlberg, Schlemm Ort
de:09374:2321	Kohlberg, Schule
de:09573:5298	Kohlersmühle
de:09474:9364	Kohlstein
de:09576:8912	Kolbenhof
de:09678:27278	Kolitzheim Drosselweg
de:09678:4238	Kolitzheim Felsenkeller
de:09678:27277	Kolitzheim Ortsmitte (Lindacher Str.)
de:09474:9809	Kolmreuth Altreuthstr.
de:09474:9808	Kolmreuth Neubruchweg
de:09571:13569	Kolmschneidbach
de:09471:21838	Kolmsdorf
de:09176:8300	Konstein, Bahnhofstr.
de:09176:8301	Konstein, Gh Dohlenfelsen
de:09176:8299	Konstein, Kirche
de:09176:8298	Konstein, Römerbergstraße
de:09176:8297	Konstein, West
de:09373:17150	Koppenmühle
de:09373:17152	Koppenmühle Dr.-O.-Schedl-Str.
de:09674:27280	Koppenwind Bergstraße 30
de:09674:17280	Koppenwind Ortsmitte
de:09479:2349	Korbersdorf
de:09472:23331	Kornbach
de:09575:14797	Kornhöfstadt
de:09575:14798	Kornhöfstadt Aussiedlerhof
de:09377:7188	Kornthan
de:09562:3773	Kosbach An der Kapelle
de:09562:3771	Kosbach Großauweiher
de:09562:3772	Kosbach Karauschenweg
de:09562:3721	Kosbacher Stadl
de:09472:22701	Kosbrunn
de:09475:15218	Kosermühle, Abzw
de:09479:10038	Kothigenbibersbach
de:09674:27826	Kottenbrunn
de:09674:27568	Kottendorf
de:09575:14615	Kottenheim
de:09576:8721	Kottensdorf Hauptstr.
de:09576:8723	Kottensdorf Regelsbacher Str.
de:09176:7628	Kottingwörth
de:09176:7697	Kottingwörth, Altmühlbrücke
de:09374:81415	Kotzau
de:09471:21384	Kotzendorf
de:09472:22703	Kotzenhammer
de:09574:7068	Kotzenhof Breslauer Str.
de:09574:7069	Kotzenhof Greifswalder Str.
de:09574:7083	Kotzenhof Heroldsbg. Mühlweg
de:09371:19280	Kotzheim
de:09375:773	Krachenhausen
de:09576:8529	Kraftsbuch Frankenstr.
de:09576:8530	Kraftsbuch Kirche
de:09674:12714	Kraisdorf
de:09461:20179	Kramersfeld Am Börstig
de:09461:20182	Kramersfeld Kronacher Str.
de:09461:20181	Kramersfeld Mitte
de:09571:11781	Krapfenau Aussiedlerh. Sindel
de:09571:11783	Krapfenau Mitte
de:09471:21406	Krappenhof
de:09373:17935	Krappenhofen
de:09478:27131	Krappenroth
de:09478:27352	Krassach/Niesten
de:09575:14873	Krassolzheim
de:09779:6533	Kratzhof
de:09572:6427	Krausenbechhofen
de:09675:25732	Krautheim Dorfmitte
de:09675:75265	Krautheim Schulbushaltestelle
de:09575:14874	Krautostheim  Waage
de:09575:14876	Krautostheim Hauptstr.
de:09575:14875	Krautostheim Kirche
de:09573:5394	Kreben
de:09571:11786	Krebshof
de:09373:17422	Kreismühle
de:09376:80198	Kreith
de:09376:80199	Kreith, Abzw
de:09471:20851	Kremmeldorf
de:09573:5367	Kreppendorf
de:09574:7489	Kreppling
de:09571:12907	Kressenhof
de:08127:30030	Krettenbach Buchmühlstraße
de:09779:6520	Kreut
de:09571:12625	Kreuth (b. Geslau)
de:09576:8558	Kreuth (b. Heideck)
de:09371:19115	Kreuth b. Rieden
de:09577:16534	Kreuthof
de:09573:5657	Kreutles Ost
de:09573:5658	Kreutles West
de:09371:19431	Kreuzberg (b. Hahnbach)
de:09471:21787	Kreuzschuh
de:09462:22341	Kreuzstein
de:09674:27283	Kreuzthal
de:08127:30403	Kreßberg Schwarzenhorb Abzw
de:08127:30419	Kreßberg Tempelhof
de:08127:30420	Kreßberg Unterstelzhausen
de:08127:30410	Kreßberg Unterstelzhausen Abzw
de:09371:18621	Krickelsdorf
de:09562:3653	Kriegenbrunn Bruckweiherstr.
de:09562:3655	Kriegenbrunn Budapester Str.
de:09562:3652	Kriegenbrunn Feuerwehrh.
de:09562:3649	Kriegenbrunn Schleusenstr.
de:09563:2513	Kronach (Fü) Am Schallerseck
de:09563:2511	Kronach Mitte
de:09377:2271	Kronau
de:09373:17966	Krondorf (b. Velburg)
de:09376:80201	Krondorf, Elektro Radlinger
de:09376:80203	Krondorf, Falkenauer Allee
de:09577:16831	Kronhof
de:09576:8372	Kronmühle
de:09376:80206	Kronstetten, Buchenstraße
de:09376:80018	Kronstetten, Kellermann
de:09376:80205	Kronstetten, Kirche
de:09376:80019	Kronstetten, Oichhornwirt
de:09678:27284	Kronungen
de:09371:18111	Kropfersricht
de:09574:7557	Krottensee Grottenhof
de:09574:7556	Krottensee Ortsmitte
de:09577:16429	Kruglmühle
de:09462:22343	Krugshof
de:09674:27664	Krum
de:09361:19938	Krumbach (b. AM)
de:09361:19939	Krumbach (b. AM) Kirchenleite
de:09376:80208	Krumbach b. Schwandorf
de:09473:9043	Krumbach Ortsmitte
de:09376:80209	Krumlengenfeld
de:09477:4086	Krumme Fohre Abzw Döllnitz
de:09477:4136	Krumme Fohre Ortsmitte
de:09377:7172	Krummennaab, Kirche
de:09377:7173	Krummennaab, Schuh Höllerer
de:09373:17707	Kruppach (b. Mühlhausen) Ort
de:09373:17708	Kruppach/Mühlhausen Dorfweiher
de:09176:8067	Krut
de:09472:23531	Krögelstein Oberes Dorf
de:09472:23532	Krögelstein Unteres Dorf
de:09571:13508	Kröttenbach
de:09472:23151	Kröttenhof
de:09574:7612	Kucha
de:09574:7072	Kuhnhof
de:09377:7574	Kulmain, Kemnather Str.
de:09377:15577	Kulmain, Lerchenweg
de:09377:15576	Kulmain, Martin-Hassmann-Str.
de:09377:9927	Kulmain, Raiffeisenbank
de:09377:7611	Kulmain, Schroll
de:09477:75003	Kulmbach
de:09477:3863	Kulmbach Abzw Mangersreuth
de:09477:3726	Kulmbach Abzw Petzmannsberg
de:09477:75656	Kulmbach Abzw. M.-Luther-Str.
de:09477:5541	Kulmbach Alte Bayreuther Str.
de:09477:80082	Kulmbach Am Galgenberg
de:09477:16204	Kulmbach Am Gartenfeld
de:09477:10728	Kulmbach Am Goldenen Feld 18
de:09477:75637	Kulmbach Am Gründlein
de:09477:3190	Kulmbach Am Heidenknock
de:09477:10727	Kulmbach Am Kreuzstein
de:09477:75704	Kulmbach Am Kreuzstein/Linie 2
de:09477:75660	Kulmbach Am Mühlacker
de:09477:75661	Kulmbach Am Stauweiher
de:09477:75658	Kulmbach Am Tiefbrunnen
de:09477:75662	Kulmbach An der Weinbrücke
de:09477:3864	Kulmbach Bayreuther Straße
de:09477:75671	Kulmbach Beethovenstr.
de:09477:75621	Kulmbach Bergsteig
de:09477:15553	Kulmbach Berufsschule
de:09477:3597	Kulmbach Blaich
de:09477:75630	Kulmbach Blaicher Str.
de:09477:75655	Kulmbach Brenkstr.
de:09477:75624	Kulmbach Burghaig Schule
de:09477:75622	Kulmbach Eschenweg
de:09477:75640	Kulmbach Frankenleite
de:09477:75647	Kulmbach Friedhof
de:09477:75645	Kulmbach Fröbelstr.
de:09477:75641	Kulmbach Georg-Türk-Str.
de:09477:75628	Kulmbach Grünwehr
de:09477:75631	Kulmbach H.-Limmer-Str.
de:09477:75650	Kulmbach Hans-Herold-Str.
de:09477:75649	Kulmbach Hans-Meiser-Str.
de:09477:75664	Kulmbach Hardenbergstr.
de:09477:75659	Kulmbach Heugasse
de:09477:75642	Kulmbach Hohe Flur
de:09477:5554	Kulmbach Hundsanger
de:09477:75651	Kulmbach Höhenweg
de:09477:75673	Kulmbach Hölle
de:09477:3596	Kulmbach Kauernburg
de:09477:75629	Kulmbach Klinikum
de:09477:75627	Kulmbach Klostergasse
de:09477:75638	Kulmbach Kreuzkirche
de:09477:75653	Kulmbach Krähenwinkel
de:09477:3661	Kulmbach Landratsamt
de:09477:75623	Kulmbach Lindenstr.
de:09477:75634	Kulmbach Lorenz-Sandler-Str.
de:09477:75663	Kulmbach Luitpoldstr.
de:09477:75652	Kulmbach Mangersreuth
de:09477:75654	Kulmbach Max-Hundt-Schule
de:09477:4131	Kulmbach Melkendorfer Straße
de:09477:6658	Kulmbach MGF-Gymnasium
de:09477:75636	Kulmbach Mittelau
de:09477:75675	Kulmbach Neuseidenhof
de:09477:75646	Kulmbach Nikolaikirche
de:09477:75667	Kulmbach Obere Stadt
de:09477:75657	Kulmbach Pestalozzistr.
de:09477:10732	Kulmbach Petzmannsberg
de:09477:75668	Kulmbach Plassenburg
de:09477:75669	Kulmbach PlassenburgAb
de:09477:75632	Kulmbach Pörbitsch
de:09477:3879	Kulmbach Realschule
de:09477:3471	Kulmbach Realschule (Cob.)
de:09477:75635	Kulmbach Rosenkrantzstr.
de:09477:75670	Kulmbach Röhrenplatz
de:09477:75633	Kulmbach Sandstr.
de:09477:5525	Kulmbach Schwedensteg
de:09477:75665	Kulmbach Schützenstr.
de:09477:75674	Kulmbach Seidenhof
de:09477:4076	Kulmbach Stadthalle
de:09477:3662	Kulmbach Stadtpark
de:09477:75666	Kulmbach Thurnauer Str.
de:09477:75639	Kulmbach Tilsiterstr.
de:09477:10729	Kulmbach Von-Linde-Str.
de:09477:75643	Kulmbach Weidenleite
de:09477:75648	Kulmbach Weiherer Str.
de:09477:75644	Kulmbach Wickenreuther Allee
de:09477:75672	Kulmbach Wolfskehle
de:09477:3899	Kulmbach Ziegelhütten
de:09477:75625	Kulmbach Zieglerweg
de:09477:3598	Kulmbach, ZOB
de:09376:15617	Kulmhof
de:09371:18112	Kummerthal
de:09375:1019	Kumpfhof
de:09278:11994	Kumpfmühle
de:09471:21455	Kunigundenruh
de:09474:9661	Kunreuth Apotheke
de:09474:9662	Kunreuth Fa. Prechtel
de:09474:9664	Kunreuth Sparkasse
de:09474:9663	Kunreuth Wirtsleite
de:09376:11752	Kuntsdorf
de:09477:3678	Kupferberg Rathaus
de:09477:3821	Kupferberg Wirsberger Weg
de:09475:80802	Kuppel  B 289
de:09475:12936	Kuppel (B289)
de:09577:16621	Kurzenaltheim
de:09561:11381	Kurzendorf (b. Ansbach)
de:09362:14015	Kurzer Weg
de:09674:7421	Kurzewind Ortsmitte
de:09371:18270	Kutschendorf
de:09478:27623	Kutzenberg
de:09471:21176	Kälberberg
de:09572:6571	Käswasser
de:09674:9022	Käßlitz
de:09477:75013	Ködnitz
de:09371:19338	Ködritz
de:09371:19337	Ködritz Anwesen Mages
de:09371:19339	Ködritz Wartehäuschen
de:09371:18960	Köfering (Kümmersb.) Kreisstr.
de:09371:18957	Köfering b.Kümmersb. Kapelle
de:09371:18958	Köfering b.Kümmersb. Ortsmitte
de:09371:18959	Köfering/Kümmersb. Kreisstr. (Siedlg)
de:09376:8512	Kögl
de:09377:15826	Köglitz
de:09675:25730	Köhler Ortsmitte
de:09377:15817	Köhlerlohe
de:09779:6563	Kölburg
de:09674:75059	Königsberg (Bay), Schule
de:09674:15828	Königsberg Hallenbad
de:09674:15829	Königsberg Regiomontanusstraße
de:09471:21381	Königsfeld
de:09571:12122	Königshofen (Heide) Dorfstr.
de:09571:12121	Königshofen (Heide) Kirche
de:09371:18882	Königstein Freibad
de:09371:18883	Königstein Friedhof
de:09371:18885	Königstein Funkenreuther Str.
de:09371:18880	Königstein Marktplatz
de:09371:18884	Königstein Raiffeisen
de:09371:18881	Königstein Schule
de:09472:22668	Körbeldorf
de:09373:17421	Körndlhof
de:09373:17704	Körnersdorf Ort
de:09472:23088	Körzendorf
de:09176:8865	Kösching, A.Schmeller Str.
de:09176:8867	Kösching, Am Stegbach
de:09176:8084	Kösching, Bahnhofstraße
de:09176:8884	Kösching, Großmehriger Str.
de:09176:8094	Kösching, Hallenbad
de:09176:8579	Kösching, Hans-Sachs-Straße
de:09176:8089	Kösching, Horschstraße
de:09176:8081	Kösching, Ingolst. Str.
de:09176:8086	Kösching, Kasinger Straße
de:09176:8085	Kösching, Klinik
de:09176:8790	Kösching, Köschinger Tor
de:09176:8864	Kösching, L.-Ganghofer Ring
de:09176:8082	Kösching, Rathaus
de:09176:8856	Kösching, Realschule
de:09176:8578	Kösching, Schule
de:09176:8083	Kösching, Untere Marktstraße
de:09176:8413	Kösching, Westring
de:09176:7291	Kösching, Zeppelinstraße
de:08136:4914	Kösingen Dorfplatz
de:08136:4915	Kösingen Lagerhaus
de:09674:7424	Köslau Ortsmitte
de:09377:15855	Kössain
de:09478:27121	Kösten Dorfmitte
de:09478:27123	Kösten Raiffeisen-Volksb.
de:09478:27125	Kösten Schloß-Banz-Str.
de:09478:27127	Kösten Schule
de:09371:18704	Köstl
de:09373:17838	Köstlbach
de:09471:21143	Kötsch
de:09478:27129	Köttel
de:09471:20771	Köttensdorf
de:09471:20735	Köttmannsdorf Hofäcker
de:09471:20736	Köttmannsdorf Ortsmitte
de:09472:23838	Köttweinsdorf
de:09377:15827	Kötzersdorf
de:09371:19429	Kötzersricht
de:09471:20773	Kübelstein
de:09576:8414	Kühedorf
de:09472:22859	Kühlenfels
de:09377:15239	Kühlenmorgen
de:09479:9533	Kühlgrün
de:09479:2376	Kühlgrün, Abzw
de:09571:12829	Kühndorf
de:08127:20343	Kühnhard Ort
de:09571:11785	Kühnhardt a. Schlegel
de:09373:17781	Kühnhausen
de:09373:17773	Kühnhausen Höhenberg
de:09371:18783	Kühnhof
de:09574:7168	Kühnhofen
de:09375:259	Kühschlag
de:09375:1053	Kühthal
de:09571:13261	Külbingen
de:09575:14065	Külsheim
de:09478:27621	Kümmel
de:09371:18926	Kümmersbruck Am Wäldchen
de:09371:18927	Kümmersbruck Butzenweg
de:09371:18929	Kümmersbruck Dahlienweg
de:09371:18922	Kümmersbruck Dorfplatz
de:09371:18925	Kümmersbruck Gärmersdorfer Weg
de:09371:18930	Kümmersbruck Hasenweg
de:09371:18928	Kümmersbruck Lilienstr.
de:09371:18932	Kümmersbruck Ortsmitte
de:09371:18933	Kümmersbruck Schule
de:09371:18931	Kümmersbruck Siedlerstr.
de:09371:19432	Kümmersbuch
de:09478:27246	Kümmersreuth
de:09476:75274	Küps
de:09476:16200	Küps Abzw. Melanger
de:09476:15496	Küps Bamberger Straße
de:09476:16069	Küps Rathaus
de:09476:2990	Küps Röthenstr./ An der Röthen
de:09476:16068	Küps, Sparkasse/Bahnhof
de:09371:18899	Kürmreuth
de:09375:1659	Kürnberg
de:09471:20978	Küstersgreuth
de:09678:27285	Kützberg Kirche
de:09678:75215	Kützberg, Am Marienberg
de:09678:75383	Kützberg, Oberwerrner Straße
de:09678:75236	Kützberg, Weinbergstraße
de:09375:558	Laaber
de:09373:17162	Laaber (b. Pilsach) Kirchplatz
de:09373:17897	Laaber (b.Pilsach) Flurstr.
de:09373:17896	Laaber (b.Pilsach) Hauptstr.
de:09273:81067	Laaber (Rohr)
de:09375:265	Laaber Abzw. Frauenberg
de:09375:266	Laaber Marktplatz
de:09273:81068	Laaberberg, Gasthaus
de:09273:896	Laaberberg, Hauptstraße
de:09373:17423	Labermühle
de:09373:17146	Labersricht
de:09575:14643	Lachheim Ortsmitte
de:09575:14644	Lachheim Ortsrand
de:09576:8563	Laffenau Mitte
de:09576:8564	Laffenau Süd
de:09478:27133	Lahm b. LIF
de:09473:15242	Lahm Hauptstraße Ortsmitte
de:09473:15241	Lahm Schule
de:09471:21385	Laibarös
de:09576:8566	Laibstadt Nord
de:09576:8565	Laibstadt Rathaus
de:09471:21637	Laimbach (b. Reckendorf)
de:09471:21265	Laimbachsmühle
de:09176:8209	Laimerstadt, Kirche
de:09462:22350	Laineck
de:09462:22353	Laineck Schützenstr.
de:09462:22357	Laineck Siedlung
de:09462:22355	Laineck Steinachstr.
de:09574:7804	Laipersdorf Hutweide
de:09574:7801	Laipersdorf Karpfenstr.
de:09185:7756	Laisacker, Roßstallstraße
de:09185:7757	Laisacker, Seestraße
de:09571:12722	Lammelbach
de:09371:18705	Lammerthal
de:09576:8376	Lampersdorf
de:09373:17151	Lampertshofen
de:09376:80042	Lamplhof,Armensee
de:09576:8886	Landersdorf
de:09176:8353	Landershofen, Abz Siedlung
de:09176:7904	Landershofen, Am Herrengrund
de:09176:8965	Landershofen, Am Roten Bügel
de:09176:7907	Landershofen, Feuerwehrhaus
de:09176:7905	Landershofen, Hotel Pröll
de:09576:8531	Landerzhofen
de:09373:17633	Landnerhof
de:09362:669	Landshuter Straße/Klier
de:09577:16572	Langenaltheim Goethestr.
de:09577:16573	Langenaltheim Obere Hauptstr.
de:09577:16571	Langenaltheim Ortsmitte
de:09675:1154	Langenberg Ort
de:09371:19342	Langenbruck
de:09575:14509	Langenfeld Bahnhofstr.
de:09575:14505	Langenfeld Rathaus
de:09472:23601	Langengefäll
de:09375:271	Langenkreith Ost
de:09375:272	Langenkreith West
de:09472:23839	Langenloh (b. Waischenfeld)
de:09571:13265	Langenloh (P'aurach) Milchhaus
de:09571:13264	Langenloh (Petersaurach) Nord
de:09373:17922	Langenmühle
de:09472:22667	Langenreuth
de:09176:7695	Langensallach
de:09474:9693	Langensendelb. Kirchweg
de:09474:9695	Langensendelb. Sportplatz
de:09474:9696	Langensendelbach Kindergarten
de:09474:9694	Langensendelbach Schule
de:09477:4095	Langenstadt
de:09575:14939	Langensteinach
de:09575:14942	Langensteinach Ind.geb. Nord
de:09575:14940	Langensteinach Ind.geb. Süd
de:09571:11951	Langensteinbach
de:09571:11952	Langensteinbach, Abzw. Langensteinbach
de:09373:17293	Langenthal
de:09377:11087	Langentheilen
de:09377:2279	Langentheilen, Abzw
de:09373:17383	Langenthonhausen
de:09371:18388	Langenwies, Langenwies
de:09573:5050	Langenzenn
de:09573:5052	Langenzenn Berliner Str.
de:09573:5069	Langenzenn Friedhof
de:09573:5057	Langenzenn Gymnasium
de:09573:5053	Langenzenn Hallenbad
de:09573:5088	Langenzenn Klaushof
de:09573:5067	Langenzenn Klaushofer Weg
de:09573:5066	Langenzenn Markgrafenstr.
de:09573:5054	Langenzenn Ost
de:09573:5056	Langenzenn Pfaffenleite
de:09573:5055	Langenzenn Prinzregentenplatz
de:09573:5058	Langenzenn Realschule
de:09573:5086	Langenzenn Schäfersbuck
de:09573:5081	Langenzenn Tannenstr. Ost
de:09573:5059	Langenzenn Veit-Stoß-Str.
de:09573:5061	Langenzenn Zollnerstr.
de:09573:5064	Langenzenn, Adlerstr. Ost
de:09573:5062	Langenzenn, Am Galgenberg
de:09573:5065	Langenzenn, Finkenschlag
de:09573:5051	Langenzenn, Rathaus im Spital
de:09573:5063	Langenzenn, Waldfriedhof
de:09362:14014	Langer Weg
de:09571:12782	Langfurth Friedhof
de:09571:12783	Langfurth Oberkemmather Str.
de:09571:12784	Langfurth Schule
de:09577:16720	Langlau
de:09577:16721	Langlau Campingplatz
de:09577:16722	Langlau Seezentrum
de:09273:80588	Langquaid (b Eggmühl)
de:09273:3744	Langquaid, Herrnwahlthanner Str
de:09273:3539	Langquaid, Leierndorfer Straße
de:09273:3540	Langquaid, Marktplatz/Zentrum
de:09273:875	Langquaid, Rottenb/Abzw Nelkenstr.
de:09273:3541	Langquaid, Rottenb/Abzw Waldstr.
de:09273:3542	Langquaid, Wendepl/Rottenb.Str
de:09472:22735	Lankendorf
de:09472:23959	Lankenreuth Abzw. Boden
de:09571:13764	Lanzendorf
de:09477:75011	Lanzendorf Kulmbacher Straße
de:09477:3534	Lanzendorf Ortsmitte
de:09477:3535	Lanzendorf Schule
de:09477:4091	Lanzenreuth
de:09376:80215	Lanzenried (Opf), Steinbruch
de:09376:80216	Lanzenried, Ort
de:09572:6151	Lappach
de:09375:1082	Lappersd. Mittelschule/Gymn.
de:09375:277	Lappersdorf Am Hohensand
de:09375:278	Lappersdorf Eichendorffstr.
de:09375:16056	Lappersdorf Goethestraße
de:09375:1098	Lappersdorf Gymnasium
de:09375:16032	Lappersdorf Hornauer
de:09375:16026	Lappersdorf Industriestr.
de:09375:16038	Lappersdorf Kapelle
de:09375:670	Lappersdorf Kirchberg
de:09375:671	Lappersdorf Lessingstraße
de:09375:16037	Lappersdorf Ludw.-Thoma-Str.
de:09375:1099	Lappersdorf Mittelschule
de:09375:16030	Lappersdorf Oppersdorfer Str.
de:09375:600	Lappersdorf Watzlikstraße
de:09571:11787	Larrieden
de:09363:157	Latsch
de:09363:99005	Latsch, Abzw
de:09571:12709	Lattenbuch
de:09675:27287	Laub
de:09375:279	Laub Lerchenbuckl
de:09375:280	Laub Ortsmitte
de:09471:20825	Laubend
de:09573:5039	Laubendorf
de:09573:5038	Laubendorf Mitte
de:09577:16167	Laubenzedel Altes FWH
de:09577:16223	Laubenzedel Kuhgasse
de:09475:80803	Laubersreuth
de:09475:11688	Laubersreuth, Abzw
de:09371:19434	Laubhof
de:08136:4813	Lauchheim Abzw. Bahnhof
de:08136:4817	Lauchheim Bahnhof
de:08136:4805	Lauchheim Friedhof
de:08136:4815	Lauchheim Hettelsberger Weg
de:08136:4816	Lauchheim Im Roten Feld
de:08136:4806	Lauchheim Industriegebiet
de:08136:4804	Lauchheim Kapfenburg
de:08136:4807	Lauchheim Schule
de:09572:6269	Lauf (b. Adelsdorf)
de:09373:17588	Lauf (b. Hohenfels)
de:09471:21873	Lauf (b. Zapfendorf)
de:09574:7000	Lauf a.d.Pegnitz Bahnhof links der Pegnitz
de:09574:7050	Lauf a.d.Pegnitz Bahnhof rechts der Pegnitz
de:09574:7016	Lauf Adam-Kraft-Str.
de:09574:7012	Lauf Ahornstr.
de:09574:7013	Lauf Albertistr.
de:09574:7014	Lauf Albrecht-Dürer-Str.
de:09574:7019	Lauf Bauereißweg
de:09574:7022	Lauf Bertleinschule
de:09574:7023	Lauf Bitterbachhalle
de:09574:7018	Lauf Christoph-Treu-Str.
de:09574:7026	Lauf Dachsbergstr.
de:09574:7027	Lauf Daschstr.
de:09574:7015	Lauf EWS-Markt
de:09574:7028	Lauf Freibad
de:09574:7054	Lauf Friedhof
de:09574:7029	Lauf Hardtstraße
de:09574:7038	Lauf Holzgartenstr.
de:09574:7033	Lauf Industriegebiet Ost
de:09574:7034	Lauf Industriegebiet West
de:09574:7035	Lauf Innsbrucker Str.
de:09574:7037	Lauf Krankenhaus
de:09574:7080	Lauf Kuhnhofer Weg
de:09574:7025	Lauf Linzer Str.
de:09574:7045	Lauf LRA/Altdorfer Str.
de:09574:7039	Lauf LRA/Waldluststr.
de:09574:7041	Lauf Luitpoldstr/Friedrichstr.
de:09574:7001	Lauf Marktplatz
de:09574:7024	Lauf Montessorischule
de:09574:7005	Lauf Nürnberger Str.
de:09574:7004	Lauf Raiffeisenstr.
de:09574:7003	Lauf Rathaus
de:09574:7042	Lauf Schlachthofplatz
de:09574:7046	Lauf Schlehenweg
de:09574:7009	Lauf Schloßplatz
de:09574:7007	Lauf Schule St.Kunigund
de:09574:7008	Lauf Schönberger Weg
de:09574:7002	Lauf Schöner Blick
de:09574:7070	Lauf Siebenkeesstr.
de:09574:7043	Lauf Siedlerstr.
de:09574:7044	Lauf Simonshofer Straße
de:09574:7021	Lauf Stühleinshöhstr.
de:09574:7032	Lauf Tiroler Str.
de:09574:7036	Lauf Villacher Str.
de:09574:7047	Lauf Vogelhofer Str.
de:09574:7048	Lauf Waldstr.
de:09574:7049	Lauf Weigmannstr.
de:09574:7040	Lauf West
de:09574:6999	Lauf Ziegelhüttenweg
de:09574:7010	Lauf, Gartenstraße
de:09574:7031	Lauf, Kärntner Str./Bf West
de:09574:7181	Lauf, O.-Sembach-Ring/Bf West
de:09574:7006	Lauf, Saarstraße
de:09574:7020	Lauf, Urlashöhe
de:09574:7030	Lauf, Urlasstr./Bf (re Pegn)
de:08127:30042	Lautenbach Ortsmitte
de:08127:30043	Lautenbach Rötlein
de:09471:21401	Lauter
de:09371:18834	Lauterach
de:09373:17559	Lauterbach (b. Freystadt)
de:09571:12626	Lauterbach (b. Geslau)
de:09373:17600	Lauterhofen Bahnhof
de:09373:17605	Lauterhofen Karlshof
de:09373:17601	Lauterhofen Kiga Sportzentrum
de:09373:17606	Lauterhofen Kindergarten
de:09373:17607	Lauterhofen Schule
de:09373:17602	Lauterhofen Süd
de:09375:601	Lautersee
de:09576:8231	Lay
de:09473:15317	Lechenroth
de:09576:8773	Leerstetten Brunnenstr.
de:09576:8776	Leerstetten Hauptstr.
de:09576:8779	Leerstetten Schwabacher Str.
de:09576:8777	Leerstetten Sportplatz
de:09477:4926	Leesau
de:09471:20934	Leesten
de:09376:16440	Legendorf,Badhaus (Opf)
de:09377:15199	Lehen bei Krummennaab,Bayrischhof
de:09472:22765	Lehen Bundesstr.
de:09472:22767	Lehen Gasthaus Rauh
de:09371:18441	Lehendorf
de:09571:13456	Lehengütingen
de:09571:13451	Lehengütingen Kirche
de:09371:18443	Lehenhammer
de:09477:3880	Lehenthal
de:09472:22669	Lehm
de:09779:6754	Lehmingen, Aussiedlerhof
de:09779:6755	Lehmingen, Gh Angerer
de:09371:18141	Lehnershof
de:09571:12802	Lehrberg Buhlsbacher Str.
de:09571:12809	Lehrberg Hammerstadt
de:09571:12804	Lehrberg Heßbacher Str.
de:09571:12805	Lehrberg Kirche
de:09571:12806	Lehrberg Rezatbrücke
de:09571:12807	Lehrberg Schule
de:09479:2386	Lehsten, Abzw
de:09571:12723	Leibelbach
de:09573:5560	Leichendorf Kreuzung
de:09573:5563	Leichendorf R.-Diesel-Str.
de:09573:5564	Leichendorf Schwabacher Str.
de:09571:12756	Leidenberg
de:09571:13575	Leidendorf
de:09371:18402	Leidersdorf
de:09471:21336	Leidingshof
de:09474:9367	Leimersberg Ort
de:09471:21109	Leimershof
de:09574:7504	Leinburg Altdorfer Str.
de:09574:7503	Leinburg Hauptstr.
de:09574:7501	Leinburg Marktplatz
de:09371:18253	Leinhof
de:09571:13766	Leipersloh
de:09176:8653	Leising
de:09176:8857	Leistmühle
de:09576:8722	Leitelshof
de:09273:809	Leitenhausen, Ortsmitte
de:09373:17384	Leiterzhofen
de:09571:13416	Leitsweiler
de:09674:25844	Lembach Am Schulberg
de:09674:27922	Lembach Gemeindehaus
de:09377:7615	Lenau
de:09674:12725	Lendershausen Kirche
de:09373:17968	Lengenfeld (b. Velburg)
de:09371:18956	Lengenfeld (Kümmerb) Vilsanger
de:09577:16332	Lengenfeld b. Alesheim
de:09377:15856	Lengenfeld b. Groschlattengrün
de:09371:18953	Lengenfeld(Kümmerb) Gh Vilstal
de:09371:18954	Lengenfeld(Kümmerb) Steinbruch
de:09571:12915	Lengenfeld/Leutersh Bahnlinie
de:09571:12908	Lengenfeld/Leutersh. Ortsmitte
de:09273:249	Lengfeld, B16
de:09273:3989	Lengfeld, Deutenhof
de:09273:765	Lengfeld, Kindergarten
de:09273:758	Lengfeld, Teugner Str.
de:09374:10412	Lenkenreuth
de:09374:16852	Lenkermühle
de:09374:15920	Lenkermühle, Abzw
de:09575:14054	Lenkersheim
de:09571:12381	Lentersdorf
de:09571:12511	Lentersheim
de:09176:8016	Lenting, Alte Landstraße
de:09176:8080	Lenting, Bahnhofstraße
de:09176:8018	Lenting, Beethovenstraße
de:09176:54	Lenting, Bernhard-Kessel-Str.
de:09176:8622	Lenting, Blockhaus
de:09176:8017	Lenting, Ernst-Rauwolf-Straße
de:09176:7292	Lenting, Friedhof
de:09176:8015	Lenting, Hofmark
de:09176:8019	Lenting, Jurastraße
de:09176:7284	Lenting, Landratsamt
de:09573:5396	Lenzenhaus
de:09571:12909	Lenzersdorf
de:09376:80442	Leonberg, Am Schießlhang
de:09376:872	Leonberg, Förderschule
de:09376:80455	Leonberg, Schloßplatz
de:09571:12383	Leonrod
de:09362:14060	Leoprechting
de:09471:21408	Leppelsdorf
de:09779:6476	Lerchenbühl
de:09575:14645	Lerchenhöchstadt
de:09377:7790	Letten
de:09574:7075	Letten (b.Lauf/Pe) Ort
de:09574:7074	Letten (b.Lauf/Pe) Waldgasthof
de:09472:22903	Lettenhof b. Speichersdorf
de:09571:12107	Lettenmühle (b. Bechhofen)
de:09478:27781	Lettenreuth
de:09477:3861	Leuchau
de:09471:21044	Leucherhof Einmündung
de:09571:12706	Leuckersdorf
de:08127:30406	Leukersh'n Haselhof Straßenf.
de:08127:30405	Leukershausen Ortsmitte
de:09479:9531	Leupoldsdorf, Abzw Bf
de:09479:9502	Leupoldsdorf, Kriegerdenkmal
de:09472:23152	Leupoldstein Gasth.Alte Post
de:09472:23153	Leupoldstein Hausnr. -29-
de:09472:22705	Leups
de:09373:17424	Leutenbach (b. Deining)
de:09574:7169	Leutenbach (b. Hersbruck)
de:09474:9701	Leutenbach (Lkr. Forchh.) Ort
de:09474:9702	Leutenbach/Lkr.FO Raiffeisens.
de:09479:9346	Leutenberg
de:09571:12727	Leutenbuch
de:09476:15085	Leutendorf
de:09479:9460	Leutendorf Süd
de:09571:12900	Leutersh.-Wiedersbach Bf
de:09571:12879	Leutershausen Bauhof
de:09571:12871	Leutershausen Festplatz
de:09571:12878	Leutershausen Schleifweg
de:09571:12877	Leutershausen Schule
de:09571:12876	Leutershausen Schulhaus
de:09571:12880	Leutershausen Wohnpark
de:09474:9368	Leutzdorf
de:09576:8724	Leuzdorf
de:09571:11681	Leuzenbronn
de:09674:12715	Leuzendorf
de:08127:20517	Leuzendorf Kindergarten
de:08127:20509	Leuzendorf Ort
de:09571:12761	Leuzhof
de:09571:11789	Lichtenau (b. Feuchtwangen)
de:09571:12955	Lichtenau (Lkr. AN) Festplatz
de:09571:12954	Lichtenau (Lkr. An) Freibad
de:09571:12951	Lichtenau (Lkr. AN) Ulmenstr.
de:09571:12959	Lichtenau Veit-Stoß-Weg
de:09571:12953	Lichtenau/Lkr.AN Am Roggenberg
de:09571:12957	Lichtenau/Lkr.AN An der Brücke
de:09371:18279	Lichtenegg Parkplatz
de:09471:20837	Lichteneiche Kapellenstr.
de:09471:20839	Lichteneiche Kirche
de:09471:20842	Lichteneiche Seehofweiher
de:09471:20836	Lichteneiche Staatsstr.
de:09471:20834	Lichteneiche Stockseestr.
de:09478:27094	Lichtenf. Oberwallenst. Weg
de:09478:27000	Lichtenfels
de:09478:27003	Lichtenfels Alte Coburger Str.
de:09478:27002	Lichtenfels Alter Güterbahnhof
de:09478:27012	Lichtenfels Am Goldb./Friedh.
de:09478:27011	Lichtenfels Am Goldberg
de:09478:27017	Lichtenfels An der Zeil
de:09478:27005	Lichtenfels Berufsschule
de:09478:27183	Lichtenfels Bgm-Prell-Str.
de:09478:27147	Lichtenfels Brückenberg
de:09478:27027	Lichtenfels Brückleinsgraben
de:09478:27028	Lichtenfels Bürglein
de:09478:27031	Lichtenfels Coburger Str.
de:09478:27034	Lichtenfels Cournonstr.
de:09478:27084	Lichtenfels Dientzenhofer Str.
de:09478:27041	Lichtenfels Eichenw./Pflegehm.
de:09478:27040	Lichtenfels Eichenweg/Förders.
de:09478:27088	Lichtenfels Elisabethenstr.
de:09478:27032	Lichtenfels Erlenweg
de:09478:27042	Lichtenfels Erthalstr.
de:09478:27173	Lichtenfels G.-Heinemann-Str.
de:09478:27095	Lichtenfels Gotenstr.
de:09478:27067	Lichtenfels Grundschule
de:09478:27045	Lichtenfels Hauptsch./Hallenb.
de:09478:27051	Lichtenfels Hindenburgstr.
de:09478:27023	Lichtenfels Jawoll-Markt
de:09478:27174	Lichtenfels K.-Adenauer-Str.
de:09478:27053	Lichtenfels Kaufland
de:09478:27055	Lichtenfels Klinikum
de:09478:27056	Lichtenfels Klinikum/Hauptstr.
de:09478:27058	Lichtenfels Klinikum/Horbhof
de:09478:27184	Lichtenfels Kornweg
de:09478:27179	Lichtenfels Langheimer Str.
de:09478:27065	Lichtenfels Ludw.-Richter-Str.
de:09478:27071	Lichtenfels Marktplatz
de:09478:27176	Lichtenfels Reuthstr.
de:09478:27024	Lichtenfels Rudolf-Diesel-S.
de:09478:27063	Lichtenfels Schreinerei Vogler
de:09478:27149	Lichtenfels Schwabenstr.
de:09478:27178	Lichtenfels Seeleinstr.
de:09478:27079	Lichtenfels Siedlerstr.
de:09478:27081	Lichtenfels St. Katharina-Sch.
de:09478:27085	Lichtenfels Theodor-Heuss-Str.
de:09478:27089	Lichtenfels Unt. Burgbergstr.
de:09478:27092	Lichtenfels Weinleite
de:09478:27181	Lichtenfels Wiesenstr.
de:09674:75031	Lichtenstein (Ufr)
de:09576:8567	Liebenstadt
de:09571:12136	Liebersdorf
de:09779:6588	Liederberg, Ort
de:09561:11386	Liegenbach
de:09472:23604	Lienlas
de:09472:23605	Lienlas Mühle -1-
de:09362:602	Lieperkingstraße
de:09779:6502	Lierheim, Schloß
de:09574:7325	Lieritzhofen Gasthaus Sörgel
de:09574:7326	Lieritzhofen Ortsmitte
de:09478:27014	LIF Am Klentsch/Siedlerplatz
de:09478:27019	LIF Bamberger Str./Sparkasse
de:09478:27025	LIF Bamberger Str./Videothek
de:09478:27141	LIF Bayernstr./Pfälzerstr.
de:09478:27009	LIF BRK-Wohn- und Pflegeheim
de:09478:27036	LIF Dr.-Wittmann-Str./Friedhof
de:09478:27037	LIF E-Center/Kronacher Str.
de:09478:27044	LIF Friedhofstr./Langhmr. Str.
de:09478:27007	LIF Gymnasium/Kronacher Str.
de:09478:27074	LIF Gymnasium/Rennleinsw.
de:09478:27064	LIF Mainau/Wirtschaftsschule
de:09478:27077	LIF Private Wirtschaftsschule
de:09478:27073	LIF Rennleinsw./Dr.-Wittm.-Str
de:09478:27076	LIF Riemenschneiderstr.
de:09478:27186	LIF Viktor-von-Scheffel-Str.
de:09371:18143	Ligenz
de:09474:9425	Lilling
de:09474:9426	Lillinger Höhe
de:09571:12726	Limbach (b. Herrieden)
de:09575:14729	Limbach (b. Obernzenn)
de:09471:21545	Limbach (b. Pommersfeld.)
de:09565:4576	Limbach (b.SC) Mariensteig
de:09674:25846	Limbach Alte Schule
de:09565:4355	Limbach Am Lindlein
de:09565:4442	Limbach Bahnweg
de:09565:4352	Limbach Bayernplatz
de:09565:4357	Limbach Bayerns./Pfälzer Str.
de:09565:4446	Limbach Ellwanger Str
de:09565:4445	Limbach Eschenbachstr.
de:09565:4447	Limbach Frankenstr.
de:09565:4547	Limbach Hans-Traut-Str.
de:09674:27295	Limbach Hauptstraße
de:09565:4449	Limbach Kappelberg
de:09565:4448	Limbach Lohengrinstr.
de:09565:4443	Limbach Mecklenburger Str.
de:09674:25712	Limbach Staustufe
de:09565:4590	Limbach Süd
de:09565:4412	Limbach Waldsiedlung
de:09477:3875	Limmersdorf Denkmal
de:09477:3874	Limmersdorf Unteres Dorf
de:09573:5572	Lind (b. Zirndorf) Tulpenstr.
de:09573:5571	Lind (b.Zirnd.) Feuerwehrhaus
de:09674:7443	Lind bei Ebern
de:09273:744	Lindach
de:09471:21338	Lindach (b. Heiligenstadt)
de:09571:13297	Lindach (bei Rügland)
de:09678:27296	Lindach Ortsmitte
de:09477:75017	Lindau Raiffeisen,Trebgast
de:09576:8533	Linden (b. Greding)
de:09575:14585	Linden (b. Markt Erlbach)
de:09474:9742	Linden (b. Obertrubach)
de:09571:13745	Linden (b. Windelsbach)
de:09472:23961	Lindenhardt
de:09472:23963	Lindenhardt Wartehaus
de:09577:15609	Lindenhof (b. Gunzenhausen)
de:09474:9598	Lindenhof (b. Igensdorf)
de:09376:7405	Lindenlohe, Abzw
de:09376:7373	Lindenlohe, Ort
de:09477:16205	Lindig
de:08136:5808	Lindorf
de:09371:18551	Lintach Gh. Lukas
de:09371:18553	Lintach Lintachermühle
de:09371:18554	Lintach Post
de:09371:18552	Lintach St.-Walburga-Str.
de:08136:5809	Lippach
de:08136:5829	Lippach Killinger Straße
de:09373:17158	Lippertshofen Aussiedlerhof
de:09373:17153	Lippertshofen Ort
de:09176:8976	Lippertshofen, Brunnwiesen
de:09176:8834	Lippertshofen, Kirche
de:09176:8771	Lippertshofen, Reisberg
de:09176:8772	Lippertshofen, Sperlingweg
de:09575:14436	Lipprichhausen Ort
de:09575:14437	Lipprichhausen Schule
de:09471:21425	Lisberg Abzw. Staatstraße
de:09471:21423	Lisberg Burg
de:09471:21421	Lisberg Oberes Dorf
de:09471:21422	Lisberg Unterdorf
de:09376:80222	Lissenthan
de:09376:81868	Lissenthan, Siedlung
de:09376:8513	Littenhof
de:09371:19298	Littenschwang
de:09176:8390	Litterzhofen, Kirche
de:09176:8549	Litterzhofen, Kreuzung
de:09471:21451	Litzendorf
de:09471:21453	Litzendorf Kellerberg
de:09373:17898	Litzlohe Obere Dorfstr.
de:09472:22664	Lobensteig
de:09176:8206	Lobsing
de:09472:23534	Loch (b. Hollfeld)
de:09371:18902	Loch (b. Königstein)
de:09573:5763	Loch (b. Stein)
de:09375:286	Loch Ortsmitte
de:09375:287	Loch Schlagweg
de:09477:6431	Lochau
de:09377:11084	Lochau, ehem. Schule
de:09377:11085	Lochau, Feuerwehrhaus
de:09479:10087	Lochbühl
de:09779:6756	Lochenbach
de:09371:19042	Lockenricht
de:09373:17294	Loderbach Ort
de:09478:27248	Loffeld
de:09374:15696	Lohbachwinkel
de:09371:18706	Lohe (b. Hohenburg)
de:09573:5042	Lohe (b. Langenzenn)
de:09576:8906	Lohen Mitte
de:09576:8887	Lohen Staatsstr.
de:09576:8907	Lohen Staatsstr. -2-
de:09576:8010	Lohgarten-Roth
de:09577:16578	Lohhof (b. Langenaltheim)
de:09373:17783	Lohhof 1 (b. Parsberg)
de:09373:17784	Lohhof 2 (b. Parsberg)
de:09471:21457	Lohndorf
de:09471:21463	Lohndorf Kirche
de:09571:12763	Lohr
de:09571:12764	Lohrbach
de:08128:12339	Lohrhof, Ort
de:09273:739	Lohstadt
de:09376:155	Loisnitz, Autobahnüberführung
de:09376:154	Loisnitz, Glashütte
de:09376:821	Loisnitz, Wh
de:09471:21235	Lonnershof
de:09572:6601	Lonnerstadt Hauptstr.
de:09572:6605	Lonnerstadt Volksschule
de:09375:1027	Lorenzen [P+R]
de:09375:16041	Lorenzen Kallmünzer Str.
de:09375:16024	Lorenzen Regenstrand
de:09479:9348	Lorenzreuth, Brückenstr.
de:09479:9347	Lorenzreuth, Markgrafenbrücke
de:09479:10398	Lorenzreuth, Ost-West-Kompetenzzentrum
de:09477:3737	Losau Ort
de:09477:3736	Losau Südausfahrt B 303
de:09477:16245	Losau West
de:09575:14589	Losaurach
de:09674:5963	Losbergsgereuth
de:09362:81	Lotte-Branz-Straße
de:09375:290	Luckenpaint
de:09574:7250	Ludersheim
de:09574:7249	Ludersheim Feuerwehrhaus
de:09574:7248	Ludersheim Werkstr.
de:09471:20775	Ludwag
de:09477:75004	Ludwigschorgast
de:09477:3677	Ludwigschorgast Siedlung
de:09477:3676	Ludwigschorgast Sparkasse
de:09477:3601	Ludwigschorgast, B 303
de:09477:3675	Ludwigschorgast, Hauptstraße
de:09574:7740	Ludwigshöhe
de:09374:80494	Luhe
de:09374:15676	Luhe, Glaubenwieser Str.
de:09374:7381	Luhe, Marktplatz
de:09374:80495	Luhe-Wildenau
de:09361:19585	Luitpoldhöhe Dr.-R.-Strell-Str
de:09361:19677	Luitpoldhöhe Hörburger Str.
de:09361:19809	Luitpoldhöhe Selgradstr.
de:09574:7447	Lungsdorf
de:09371:18905	Lunkenreuth B 85
de:09371:18904	Lunkenreuth Brücke
de:09373:17663	Lupburg Friedhofstr.
de:09373:17662	Lupburg Hohenfelser Str.
de:09373:17661	Lupburg Parsberger Str.
de:09373:17665	Lupburg Seibertshofner Str.
de:09373:17664	Lupburg Ziegelhüttestr.
de:09371:19435	Luppersricht
de:09674:3153	Lußberg Abzw. Stückgasse
de:09674:6199	Lußberg Im Lautergrund
de:09674:27582	Lußberg Unterstellhalle (Breitbrunner St
de:09373:17149	Lähr
de:09373:17148	Lähr Fa. Klebl
de:09374:16880	Lämmershof
de:09678:27297	Löffelsterz
de:09571:13684	Lölldorf
de:09779:6744	Löpsingen, Ortsmitte
de:09779:6745	Löpsingen, Schmiedäcker
de:09477:3883	Lösau
de:09377:7546	Löschwitz, Bushaltestelle
de:09377:15501	Löschwitz, Feuerwehrhaus
de:09475:80487	Lösten Schulbus,Zell (Kr Hof)
de:09472:23333	Lübnitz
de:09472:22665	Lüglas
de:09678:27300	Lülsfeld
de:09474:9826	Lützelsdorf Ortsmitte
de:09472:23337	Lützenreuth
de:09575:14604	M. Erlbach E-Sichermann-S.
de:09376:80227	Machtlwies
de:09577:16764	Mackenmühle
de:09577:16763	Mackenmühle Möbel Reichart
de:09678:27302	Madenhausen Aussiedlerhöfe
de:09678:27303	Madenhausen Gh. Kaminstube
de:09376:8472	Magdalenenthal, Abzw
de:09678:27304	Maibach Holzhäuser Str.
de:09577:16169	Maicha
de:09477:3670	Maierhof
de:09376:80228	Maierhof bei Wernberg-Köblitz
de:09363:252	Maierhof Staatsstr.
de:09273:541	Maierhofen, Hauptstr.
de:09779:6718	Maihingen, Dorfplatz
de:09779:6717	Maihingen, Hauptstrasse
de:09572:6615	Mailach
de:09678:27306	Mailes Mahlgasse
de:09161:473	Mailing, Schule
de:09678:75427	Mainberg (Ufr), Steinberg
de:09678:25849	Mainberg Feuerwehrhaus
de:09678:27307	Mainberg Hauptstraße
de:09675:29550	Mainbernheim Am Steinberg,Mainbernheim
de:09675:29333	Mainbernheim Grabengärten,Mainbernheim
de:09675:29823	Mainbernheim Schule,Mainbernheim
de:09679:99006	Mainfähre nach Obereisenheim
de:09478:27548	Mainklein
de:09477:3660	Mainleus
de:09477:16451	Mainleus Burgkunstadter Str.
de:09477:16402	Mainleus Getränkehalle
de:09478:27550	Mainroth
de:09478:27551	Mainroth Abzw. Bahnhof
de:09675:29664	Mainsondheim Am Schloss
de:09675:29656	Mainstockheim Am Haselberg,Mainstockheim
de:09675:29648	Mainstockheim Ebracher Hof,Mainstockheim
de:09675:29657	Mainstockheim Ortsmitte,Mainstockheim
de:09373:17466	Mallerstetten
de:09571:12971	Malmersdorf
de:09574:7831	Malmsbach
de:09574:7834	Malmsbach Mustleitenstr.
de:09574:7835	Malmsbach Parkstr.
de:09574:7832	Malmsbach Wieseneckstr.
de:09371:18708	Malsbach
de:09674:8179	Manau Kirche
de:09472:22866	Mandlau
de:09471:20990	Manndorf
de:09563:2486	Mannhof b. Fürth
de:09563:2497	Mannhof b. Fürth Seestr.
de:09563:2487	Mannhof b. Fürth Wasserwerk
de:09577:16766	Mannholz Ortsmitte
de:09375:296	Mannsdorf
de:09373:17786	Mannsdorf (b. Parsberg)
de:09477:3681	Mannsflur Fa. Schramm
de:09477:3680	Mannsflur Kirche
de:09478:27862	Mannsgereuth
de:09374:7518	Mantel, Abzw Kreuzäckerstr.
de:09374:15695	Mantel, Ebenweg
de:09374:7522	Mantel, Etzenrichter Str
de:09374:7519	Mantel, Post
de:09374:7521	Mantel, Turnhallesiedlung
de:09176:7574	Mantlach
de:09373:17635	Mantlach (b. Lauterhofen)
de:09373:17970	Mantlach b. Velburg
de:09674:15801	Marbach
de:09779:5724	Marbach, Abzw.
de:09373:17649	Marbertshofen
de:09273:2489	Marching
de:09362:15018	Margaretenau/KH Barm. Brüder
de:09674:75069	Mariaburghausen
de:09375:297	Mariaort
de:09375:826	Mariaort Kirche
de:09176:7912	Marienstein, Kapelle
de:09477:3682	Marienweiher
de:09477:5526	Marienweiher Sportheim
de:08127:30407	Mariäkappel Krone
de:09577:16066	Markhof (b. Weißenburg)
de:09373:17589	Markstetten
de:09577:16604	Markt Berolzheim Friedhof
de:09577:16603	Markt Berolzheim Kirchplatz
de:09577:16602	Markt Berolzheim Schule
de:09575:14550	Markt Bibart
de:09575:14543	Markt Bibart Abzw. Scheinfeld
de:09575:14542	Markt Bibart Bamberger Straße
de:09575:14546	Markt Bibart Forsthaus
de:09675:29336	Markt Einersheim Bahnhofstraße
de:09675:28697	Markt Einersheim Possenh Str.
de:09675:29337	Markt Einersheim Rathaus
de:09575:14600	Markt Erlbach
de:09575:14602	Markt Erlbach Am Tor
de:09575:14605	Markt Erlbach Hauptstr.
de:09575:14607	Markt Erlbach Pilsenmühler Weg
de:09675:29365	Markt Herrnsheim Marktplatz
de:09575:14611	Markt Nordheim
de:09575:14630	Markt Taschendorf Lindenstr.
de:09575:14631	Markt Taschendorf Mitte
de:09575:14529	Marktbergel An der Frankenhöhe
de:09575:14531	Marktbergel Ansbacher Str.
de:09575:14530	Marktbergel Kirche
de:09575:14527	Marktbergel Munasiedlung
de:09575:14525	Marktbergel Rathaus
de:09575:14528	Marktbergel Würzburger Str.
de:09675:29593	Marktbreit
de:09675:29412	Marktbreit Abzw. Mainleite
de:09675:29594	Marktbreit Gymnasium,Obernbreit
de:09675:29413	Marktbreit Lagerhaus
de:09478:27711	Marktgraitz Ort
de:09477:3685	Marktleugast Denkmal
de:09477:3686	Marktleugast Gh. Zur Quelle
de:09477:3684	Marktleugast Rathaus-Apotheke
de:09477:3779	Marktleugast Sparkasse
de:09479:9368	Marktleuthen
de:09479:9658	Marktleuthen, Abzw Habnith
de:09479:9455	Marktleuthen, Eisenbahnbrücke
de:09479:10030	Marktleuthen, Hebanz Stöhr
de:09479:9657	Marktleuthen, Hofer Str.
de:09479:9633	Marktleuthen, Markt
de:09479:9659	Marktleuthen, Neudes
de:09479:9456	Marktleuthen, Schule
de:09479:15267	Marktleuthen, Wendenhammer
de:09479:9369	Marktleuthen, Überbruck
de:08127:27507	Marktlust.-Oberstelzhsn. Abzw
de:08127:30413	Marktlustenau Lagerhaus
de:08127:30415	Marktlustenau Ortsmitte
de:08127:30418	Marktlustenau Schule
de:09779:6644	Marktoffingen, Poststr.
de:09479:7597	Marktredwitz
de:09479:80791	Marktredwitz Waldstadion,Marktredwitz
de:09479:15554	Marktredwitz, Albrecht-Dürer-Str.
de:09479:10146	Marktredwitz, Arbeitsamt
de:09479:9350	Marktredwitz, Bauerstraße
de:09479:9674	Marktredwitz, Bayreuther Str.
de:09479:9349	Marktredwitz, CeramTec
de:09479:15553	Marktredwitz, Coubertinstr.
de:09479:15116	Marktredwitz, Dieselstr.
de:09479:7595	Marktredwitz, Dörflas
de:09479:9038	Marktredwitz, Fikentscherstr.
de:09479:10145	Marktredwitz, Friedhof
de:09479:10084	Marktredwitz, Großer Zelch
de:09479:10149	Marktredwitz, Haager Weg
de:09479:10141	Marktredwitz, Jean-Paul-Str.
de:09479:15561	Marktredwitz, Kaiserstein/Manzenberger S
de:09479:15560	Marktredwitz, Kaiserstein/Wuttigmühlstr.
de:09479:9672	Marktredwitz, Klinikum
de:09479:15549	Marktredwitz, Kupferhammerstr.
de:09479:8527	Marktredwitz, Lorenzreuther Str.
de:09479:15562	Marktredwitz, Manzenberg
de:09479:10144	Marktredwitz, Marienstraße
de:09479:10147	Marktredwitz, Markt
de:09479:7596	Marktredwitz, Martin-Luther-Str.
de:09479:15552	Marktredwitz, Moltkestr./Bernadottestr.
de:09479:10137	Marktredwitz, Nansenstraße
de:09479:9933	Marktredwitz, Neues Rathaus/KEC
de:09479:10148	Marktredwitz, Ost / BFZ
de:09479:15551	Marktredwitz, Peter-Kolb-Str.
de:09479:8139	Marktredwitz, Pfaffenbühl.Str.
de:09479:9457	Marktredwitz, Pfaffenreuth
de:09479:11096	Marktredwitz, Putzenreuther Str.
de:09479:1595	Marktredwitz, Rathaushütte
de:09479:9351	Marktredwitz, Realschule
de:09479:9671	Marktredwitz, Reichelsw.Str.
de:09479:15563	Marktredwitz, Reutlas
de:09479:15548	Marktredwitz, Rosenstraße
de:09479:15565	Marktredwitz, Rößlermühlstraße
de:09479:15550	Marktredwitz, Schulwiese
de:09479:9525	Marktredwitz, Schulzentrum
de:09479:7599	Marktredwitz, Schützenhaus
de:09479:15558	Marktredwitz, SeniVita
de:09479:15557	Marktredwitz, Strehlenbergstr.
de:09479:15559	Marktredwitz, Thölau
de:09479:15556	Marktredwitz, Thölauer Str.
de:09479:10140	Marktredwitz, Von-Gluck-Str.
de:09479:9673	Marktredwitz, Waldershofer Str.
de:09479:10089	Marktredwitz, Waldstadion
de:09479:10040	Marktredwitz, Wegenerstr.
de:09479:10083	Marktredwitz, Wunsiedler Str.
de:09479:10101	Marktredwitz, Wölsauer Str.
de:09479:9678	Marktredwitz, Ziegelhütte
de:09479:9459	Marktredwitz, Ziegelhütte Süd
de:09377:8131	Marktredwitzer Haus
de:09477:5189	Marktschorgast
de:09477:8165	Marktschorgast Aussiedlerhof 2
de:09477:75473	Marktschorgast Gefreeser Straße
de:09675:8034	Marktsteft Im Sand
de:09675:29410	Marktsteft Kitzinger Str.
de:09675:29411	Marktsteft Schützenhaus
de:09678:27837	Marktsteinach Kirche
de:09678:27310	Marktsteinach Post
de:09678:27311	Marktsteinach Siedlung
de:09571:12668	Markttriebendorf
de:09572:6621	Marloffstein Feuerwehrh.
de:09572:6622	Marloffstein Schule
de:09674:15328	Maroldsweisach Post
de:09576:8232	Marquardsholz
de:09475:80496	Martinlamitz
de:09475:8824	Martinlamitz, Eisenwerk
de:09475:9294	Martinlamitz, Ort
de:09675:29423	Martinsheim Ort
de:09675:28805	Martinsheim Schule
de:09779:5366	Marxheim, Schule
de:09377:15857	Masch
de:09577:16404	Massenbach B 13
de:09576:8838	Massendorf
de:09371:18625	Massenricht Siedlung
de:09376:80354	Matthiaszeche, Abzw
de:09375:1075	Matting An der Donau
de:09375:1026	Matting Feuerwehrhaus
de:09375:1025	Matting Schedlweg
de:08127:30051	Matzenbach Fichtenhof
de:08127:30052	Matzenbach Grüner Baum
de:08127:30053	Matzenbach Kirchplatz
de:08127:30054	Matzenbach Neuhaus
de:08127:30055	Matzenbach Talblick
de:08127:30050	Matzenbach Wildensteiner Str.
de:09371:18260	Matzenhof (b. Birgland)
de:09571:12792	Matzmannsdorf Hauptstr.
de:09571:12791	Matzmannsdorf Mitte
de:09273:11883	Mauern, Brückenweg
de:09273:11884	Mauern, Dr.-Schnittmann-Ring
de:09273:271	Mauern, Oberfeldweg
de:09185:7773	Mauern, Römerstraße
de:09373:17296	Mauertsmühle
de:09576:8478	Mauk
de:09779:5345	Mauren, An der Linde
de:09471:21268	Mauschendorf
de:09575:14275	Mausdorf (b. Emskirchen)
de:09572:6241	Mausgesees
de:09375:560	Mausheim
de:09362:13013	Max-Planck-Straße
de:09376:122	Maxhütte-Haidhof
de:09376:16	Maxhütte-Haidhof Einkaufszentrum
de:09376:80510	Maxhütte-Haidhof kath. Kirche
de:09376:80509	Maxhütte-Haidhof Sportheim
de:09376:300	Maxhütte-Haidhof, Bhf. Str.
de:09376:12900	Maxhütte-Haidhof, Einkaufszentrum
de:09376:930	Maxhütte-Haidhof, Eisenbahnbrücke
de:09376:126	Maxhütte-Haidhof, Gstettenb.
de:09376:127	Maxhütte-Haidhof, Koppenlohe
de:09376:742	Maxhütte-Haidhof, Mittelschule
de:09376:80525	Maxhütte-Haidhof, Rathaus
de:09672:3866	Maßbach Aussiedlerhöfe
de:09672:29668	Maßbach Leonhard-Schwarz-Str.
de:09672:27313	Maßbach Marktplatz
de:09672:3155	Maßbach Poppenlauerer Str. 35
de:09672:7092	Maßbach Poppenlauerer Str. 7
de:09672:27314	Maßbach Raiffeisenstraße
de:09672:27660	Maßbach Schule
de:09672:7093	Maßbach Weichtunger Str.
de:09572:6153	Mechelwind
de:09674:7438	Mechenried
de:09475:9077	Mechlenreuth, Kreuzung
de:09475:9076	Mechlenreuth, Siedlung
de:09576:8233	Meckenhausen Ortsmitte
de:09576:8246	Meckenhausen Schule
de:09576:8234	Meckenhausen Siedlung
de:09576:8093	Meckenlohe
de:09572:6155	Medbach
de:09471:21609	Medlitz
de:09471:21610	Medlitz Ort
de:09471:20849	Meedensdorf
de:09374:81417	Meerbodenreuth
de:09374:81416	Meerbodenreuth, Industriepark
de:09779:6477	Megesheim
de:09176:7653	Megmannsdorf
de:09472:23623	Mehlmeisel Bärenschlag
de:09472:23621	Mehlmeisel Hauptstr.
de:09472:23625	Mehlmeisel Klausenlift
de:09472:23626	Mehlmeisel Neugrüner Str.
de:09373:17675	Meierhof
de:09479:11390	Meierhof, Abzw
de:09571:12253	Meierndorf
de:09573:5397	Meiersberg
de:09273:340	Meihern, Staatsstr.
de:09176:8110	Meilenhofen
de:09185:8862	Meilenhofen, Sächenfartmühle
de:09561:11391	Meinhardswind. Waldstr.
de:09561:11392	Meinhardswinden Anger
de:09561:11394	Meinhardswinden Süd
de:09577:16612	Meinheim Raiffeisenbank
de:09577:16613	Meinheim Schule
de:09577:16611	Meinheim Sparkasse
de:09471:21458	Melkendorf
de:09477:4132	Melkendorf Bahnhof
de:09477:4133	Melkendorf Kulmbacher Bank
de:09674:15233	Memmelsdorf (Ufr.)
de:09471:20827	Memmelsdorf Am Mühlbach
de:09471:20830	Memmelsdorf Am Tauschenberg
de:09471:20826	Memmelsdorf Ausgang
de:09471:20828	Memmelsdorf Bahnhofstr.
de:09471:20823	Memmelsdorf Hohes Kreuz
de:09471:20820	Memmelsdorf Josef-Fösel-Str.
de:09471:20822	Memmelsdorf Markt
de:09471:20824	Memmelsdorf Ortsausgang
de:09471:20821	Memmelsdorf Rathaus
de:09471:20840	Memmelsdorf Schäferei
de:09471:20831	Memmelsdorf Seehofhalle
de:09477:6435	Menchau
de:09176:8893	Mendorf, Am Hütbergring
de:09176:8214	Mendorf, Feuerwehrhaus
de:09371:18709	Mendorferbuch
de:09472:22741	Mengersreuth (Ofr)
de:09377:7581	Mengersreuth, Marktplatz
de:09186:8415	Menning, Ingolstädter Straße
de:09574:7492	Menschhof
de:09374:3767	Menzlas
de:09374:7159	Menzlhof, Abzw
de:09472:23155	Mergners
de:09471:20846	Merkendorf (b. Memmelsd.) Ost
de:09471:20847	Merkendorf (b. Memmelsd.) West
de:09471:20841	Merkendorf (Memmelsd.) Kirche
de:09571:13007	Merkendorf Biederbacher Str.
de:09571:13004	Merkendorf Friedhof
de:09571:13008	Merkendorf Hauptstr.
de:09571:13005	Merkendorf Marktplatz
de:09571:13003	Merkendorf Raiffeisenbank
de:09571:13006	Merkendorf Weglehnerstr.
de:09571:13002	Merkendorf Wilhelmstr.
de:09471:20844	Merkendorf(Memmelsd.) Sportpl.
de:09371:19220	Mertenberg
de:09779:5384	Merzingen
de:09473:15183	Meschenbach Gh. Bräustüble
de:09473:15211	Meschenbach Weißenbrunner Str.
de:09478:27625	Messenfeld
de:09375:1712	Mettenbach
de:09576:8534	Mettendorf
de:09374:7218	Metzenhof
de:09374:7226	Metzenhof, Abzw
de:09374:16899	Metzlasreuth
de:09571:11790	Metzlesberg
de:09571:12287	Meuchlein
de:09479:9458	Meußelsdorf
de:09462:22367	Meyernberg Nord
de:09462:22371	Meyernberg Sterntalerring
de:09462:22369	Meyernberg Süd
de:09462:22373	Meyernberg Y-Haus
de:09462:22365	Meyernreuth
de:09478:27800	Michelau (Oberfr)
de:09678:75067	Michelau i Steigerw.
de:09478:27808	Michelau Norma
de:09478:27810	Michelau Schule
de:09373:17524	Michelbach (b. Freystadt)
de:08127:20325	Michelbach/Lücke Kindergarten
de:08127:20327	Michelbach/Lücke Kochendörfer
de:08127:20321	Michelbach/Lücke Ortsmitte
de:09371:18151	Michelfeld Abzw. Asamweg
de:09371:18149	Michelfeld Abzw. Ohrenbach
de:09371:18155	Michelfeld Abzw. Vom-Endt-Str.
de:09675:29679	Michelfeld Am Backhaus
de:09371:18145	Michelfeld Auerbacher Str.
de:09371:18150	Michelfeld Bahnhof
de:09371:18148	Michelfeld Gh z. Bahnhof
de:09371:18146	Michelfeld Gh. Schenk
de:09675:9182	Michelfeld Im Gärtlein
de:09371:18152	Michelfeld Post
de:09371:18153	Michelfeld Siedlung
de:09371:18154	Michelfeld Werkstätten
de:09576:8594	Mildach
de:09371:19437	Mimbach Gh. Dotzler
de:09371:19438	Mimbach Siedlung
de:09574:7360	Mimberg
de:09574:7363	Mimberg AWO-Heim
de:09574:7362	Mimberg Dorfplatz
de:09176:8196	Mindelstetten, Alleestraße
de:09176:8204	Mindelstetten, Ingolst. Str.
de:09572:6568	Minderleinsmühle
de:09779:6645	Minderoffingen, B25
de:09779:7225	Minderoffingen, Bühlinger Str.
de:09779:6646	Minderoffingen, Dorfstr.
de:09576:8230	Mindorf
de:09576:8235	Minettenheim
de:09577:16767	Mischelbach
de:09472:23641	Mistelbach Dorfplatz
de:09472:23643	Mistelbach Gewerbegebiet
de:09472:23645	Mistelbach Linde
de:09472:23646	Mistelbach Trautscheit
de:09472:23647	Mistelbach Warmuthsreut
de:09478:27135	Mistelfeld Feuerwehrhaus
de:09478:27137	Mistelfeld Weiße Leite
de:09472:23661	Mistelgau Ort
de:09472:23663	Mistelgau Rathaus
de:09472:23669	Mistelgau Schulstr.
de:09472:23665	Mistelgau Siedlung
de:09471:20936	Mistendorf
de:09561:11402	Mittelbach Ortsmitte
de:09561:11404	Mittelbach Sportplatz
de:09571:13174	Mitteldachstetten Kirche
de:09373:17469	Mitteldorf (b. Dietfurt)
de:09474:9599	Mitteldorf (b. Igensdorf)
de:09371:18907	Mitteldorf (b. Königstein)
de:09572:6875	Mitteldorf (b. Weisendorf)
de:09474:9712	Mittelehrenbach Kirche
de:09474:9711	Mittelehrenbach Markthalle
de:09571:13033	Mitteleschenb. Winkelh. Str.
de:09571:13031	Mitteleschenbach Kirche
de:09571:13032	Mitteleschenbach Klappermühle
de:09571:13037	Mitteleschenbach Schule
de:09576:8766	Mittelhembach
de:08136:4513	Mittellengenfeld
de:09572:6549	Mittelmembach
de:09674:2962	Mittelmühle (b. Dippach)
de:09674:17727	Mittelmühle (b. Rügheim)
de:09571:12912	Mittelramstadt Ortsmitte
de:09371:19044	Mittelreinbach
de:09373:17341	Mittelricht Ort
de:09474:9615	Mittelrüsselbach
de:09571:13686	Mittelschönbronn
de:09471:21146	Mittelsteinach b. Burgwindheim
de:09575:14659	Mittelsteinach b.Münchsteinach
de:09571:13846	Mittelstetten
de:09479:9314	Mittelweißenbach
de:09479:949	Mittelweißenbach Nord
de:09273:258	Mitterfecking, Dorfstr.
de:09273:891	Mitterfecking, Neues Schulhaus
de:09273:257	Mitterfecking, Siedlung
de:09273:815	Mitterhörlbach, Ortsmitte
de:09472:23635	Mitterlind
de:09373:17299	Mitterrohrenstadt
de:09373:17637	Mittersberg
de:09273:887	Mitterschneidhart, Kirche
de:09273:785	Mitterschneidhart, Kreisstr.
de:09373:17425	Mittersthal
de:09374:16881	Mockersdorf
de:09374:7638	Mockersdorf, Abzw
de:09575:14872	Modelsmühle
de:09478:27351	Modschiedel
de:09474:9151	Moggast
de:09472:23538	Moggendorf
de:09574:7414	Molsberg
de:09779:6621	Monheim, Abzw. Wemding
de:09779:6622	Monheim, Hama
de:09779:6620	Monheim, Neuburger Str.
de:09779:6518	Monheim, Schule
de:09779:6623	Monheim, Wittesheimer Str.
de:09371:18962	Moos (b. Kümmersbruck)
de:09374:7199	Moos bei Grafenwöhr, Abzw
de:09374:3785	Moos bei Schlammersdorf
de:09574:7222	Moosbach (b. Feucht) Kirche
de:09571:13767	Moosbach (b. Windsbach)
de:09574:7225	Moosbach (Feucht) Gauchsmühle
de:09577:16199	Mooskorb
de:09273:10028	Morgenrothmühle
de:09474:9369	Moritz
de:09571:12445	Morlitzwinden
de:09176:7576	Morsbach
de:09574:7498	Morsbrunn
de:09474:9371	Morschreuth Aussiedlerhof
de:09474:9372	Morschreuth Ort
de:09571:11792	Mosbach (b. Feuchtwangen)
de:09571:11798	Mosbach (b. Feuchtwangen) Kindergarten
de:09576:8839	Mosbach (b. Spalt)
de:09478:27354	Mosenberg (Lkr. LIF)
de:09574:7561	Mosenberg Abzw. Bahnhof Ranna
de:09574:7416	Mosenhof Ort
de:09376:11010	Mossendorf
de:09474:9319	Mostviel
de:09477:3868	Muckenreuth
de:09472:23603	Muckenreuth (b. Kirchenping.)
de:09377:11728	Muckenthal
de:09377:7187	Muckenthal, Abzw
de:09473:3826	Muggenbach
de:09474:9915	Muggendorf
de:09474:9913	Muggendorf Forchheimer Str.
de:09474:9914	Muggendorf Gasth. Kohlmann
de:09577:16650	Muhr am See
de:09577:16643	Muhr am See Ansbacher Str.
de:09577:16644	Muhr am See Hauptstr.
de:09577:16648	Muhr am See Ortsmitte
de:09577:16649	Muhr am See Seezentrum
de:09577:16645	Muhr am See Stadeln
de:09577:16651	Muhr am See Vogelinsel
de:09375:1683	Mungenhofen
de:09779:6497	Munningen, Abzw. Schwörsheim
de:09779:6498	Munningen, Schützenstraße
de:09779:6642	Munzingen, Lagerhaus
de:09475:80452	Mussen,Münchberg (Ofr)
de:09472:23573	Muthmannsreuth
de:09571:11954	Mutschach
de:09373:17472	Muttenhofen
de:09373:17638	Muttenshofen
de:09678:75412	Mutzenroth
de:09576:8471	Mäbenberg Abenberger Wald
de:09576:8472	Mäbenberg Am Weiher
de:09576:8474	Mäbenberg Gmünder Weg
de:09576:8476	Mäbenberg Kirche
de:09471:21858	Mährenhüll
de:09577:16832	Mäuskreut
de:09577:16765	Mäusleinsmühle
de:09474:9571	Möchs
de:09571:13176	Möckenau
de:09176:8117	Möckenlohe
de:09475:80479	Mödlenreuth
de:09476:15082	Mödlitz Ortsmitte
de:09571:11791	Mögersbronn
de:09577:16282	Möhren Gundelsheimer Str.
de:09577:16281	Möhren Ortsmitte
de:09572:6656	Möhrendorf An d. Marter
de:09572:6654	Möhrendorf Büchenb. Weg
de:09572:6651	Möhrendorf Erlanger Str.
de:09572:6649	Möhrendorf Feldstr.
de:09572:6647	Möhrendorf Frankenstr.
de:09572:6646	Möhrendorf Meisenweg
de:09572:6641	Möhrendorf Mitte
de:09471:20980	Mönchherrnsdorf
de:09478:27139	Mönchkröttendorf
de:09471:20979	Mönchsambach
de:09779:5385	Mönchsdeggingen, Albstr.
de:09779:78	Mönchsdeggingen, Alemannenstr.
de:09478:27626	Mönchshof
de:09675:29340	Mönchsondheim Gh. Krone
de:09675:29344	Mönchsondheim Krautleite
de:09571:13061	Mönchsroth Kirche
de:09571:13063	Mönchsroth Siedlung
de:09571:13060	Mönchsroth, Abzw. Mönchsroth
de:09571:13062	Mönchsroth, Hauptstraße
de:09678:75037	Mönchstockheim, Kirche
de:09373:17521	Möning Kirche
de:09373:17522	Möning Seligenp.Str.
de:09371:18911	Mönlas Straßenkreuzung
de:09371:18913	Mönlas Unterführung
de:09571:12124	Mörlach (b. Bechhofen)
de:09576:8237	Mörlach (b.Hilpoltst.) Mitte
de:09575:14343	Mörlbach
de:09176:8585	Mörnsheim, Bräuhausplatz
de:09176:8723	Mörnsheim, Forstamt
de:09176:8586	Mörnsheim, Lindenhof
de:09176:8587	Mörnsheim, Torbrücke
de:09571:12053	Mörsach
de:09373:17526	Mörsdorf Ortsmitte
de:09371:18795	Mörswinkl
de:09779:5342	Möttingen
de:09779:5341	Möttingen, Nord
de:09373:17471	Mühlbach
de:09374:15264	Mühlberg
de:09376:137	Mühlberg bei Burglengenfeld
de:09479:9518	Mühlbühl
de:09371:18156	Mühldorf
de:09571:13847	Mühlen (b. Wörnitz)
de:09471:21790	Mühlendorf Neukreuth
de:09471:21789	Mühlendorf Ortsmitte
de:09371:18839	Mühlhausen (b. Kastl)
de:09373:17695	Mühlhausen (Lkr. NM) Meisenweg
de:09373:17696	Mühlhausen (Lkr. NM) Rathaus
de:09373:17693	Mühlhausen (NM) Am Rohrfeld
de:09373:17691	Mühlhausen (NM) Raiffeisenb.
de:09273:1990	Mühlhausen, Feuerwehr
de:09273:2207	Mühlhausen, Geibenstett. Str.
de:09273:1993	Mühlhausen, Jakobs-Kirche
de:09273:2208	Mühlhausen, Pfarrer-Meier-Weg
de:09572:6675	Mühlhausen/ERH Bahnhofstr.
de:09572:6671	Mühlhausen/ERH Marktplatz
de:09572:6672	Mühlhausen/ERH Schule
de:09572:6673	Mühlhausen/ERH Sportplatz
de:09373:17694	Mühlhausen/NM Am Ludwigskanal
de:09176:8589	Mühlheim, Am Friedhof
de:09176:8590	Mühlheim, Am Plattenberg
de:09176:8724	Mühlheim, Tagmersh. Str.
de:09375:1046	Mühlschlag
de:09576:8700	Mühlstetten
de:09576:8702	Mühlstetten Bhf Stirner Str.
de:09576:8694	Mühlstetten Breitenloher Str.
de:09576:8695	Mühlstetten Gundekarstr.
de:09576:8697	Mühlstetten Pleinfelder Str.
de:09576:8698	Mühlstetten Rezatbrücke
de:09371:19443	Mülles
de:09572:6313	Münchaurach Apotheke
de:09572:6309	Münchaurach Fürther Str.
de:09572:6311	Münchaurach Königstr.
de:09572:6312	Münchaurach Schule
de:09475:9060	Münchberg
de:09475:80775	Münchberg (Ofr), Gewerbegebiet Nord (Fernbus)
de:09475:80805	Münchberg Cafe Dora
de:09475:80446	Münchberg Eichamt
de:09475:80806	Münchberg Fa. Schödel
de:09475:80445	Münchberg Ganghoferstr.
de:09475:80524	Münchberg Parkschule,Münchberg (Ofr)
de:09475:80456	Münchberg Rothenmühle
de:09475:80454	Münchberg Schlegel
de:09475:80453	Münchberg Siedlung
de:09475:9090	Münchberg, Am Eibenberg
de:09475:12944	Münchberg, Cafe Dora
de:09475:12941	Münchberg, Fa. Schödel
de:09475:9074	Münchberg, Friedr.-Ebert-Str.
de:09475:9061	Münchberg, Kirchenl.Str.
de:09475:9073	Münchberg, Parkschule
de:09475:8840	Münchberg, Schulzentrum
de:09475:9075	Münchberg, Sparnecker Str.
de:09475:9119	Münchberg, Süße Ecke
de:09571:12670	Müncherlbach Ort
de:09571:12671	Müncherlbach Staatsstr.
de:09472:23157	Münchs
de:09376:747	Münchshofen, Abzw Uferstraße
de:09376:921	Münchshofen, Brunnenstr.
de:09376:176	Münchshofen, Brücke
de:09376:455	Münchshofen, Schloß
de:09376:142	Münchshofen, Wh Ortsmitte
de:09186:9017	Münchsmünster
de:09186:8537	Münchsmünster, ev. Kirche
de:09186:8536	Münchsmünster, Kaiserstr.1
de:09186:90014	Münchsmünster, Schwaiger Str.
de:09374:3764	Münchsreuth
de:09375:307	Münchsried
de:09575:14652	Münchsteinach Abzw. Neuebersb.
de:09575:14651	Münchsteinach Ortsmitte
de:09571:12385	Münchzell
de:09779:7021	Mündling, Bahnhof
de:09779:6534	Mündling, Ortsmitte
de:09675:29296	Münsterschwarzach Abtei
de:09675:29393	Münsterschwarzach Parkplatz
de:09574:7936	Münzinghof
de:09471:21608	Mürsbach
de:09564:407	N Frankenstadion Sonderbstg.
de:09374:16841	Naabdemenreuth
de:09376:80236	Naabeck, Brücke
de:09376:80250	Nabburg, Am Pfeifferweiher
de:09376:7363	Nabburg, Schulzentrum
de:09572:6157	Nackendorf
de:09476:15498	Nagel
de:09479:9519	Nagel,  Abzw Schulweg
de:09479:9326	Nagel, Hainberg
de:09479:9325	Nagel, Post
de:09479:8797	Nagel, Schule
de:09479:10086	Nagel, Ölbühl
de:09576:8841	Nagelhof
de:09373:17591	Nainhof
de:09572:6271	Nainsdorf
de:09471:21459	Naisa
de:09371:18915	Namsreuth
de:09472:23843	Nankendorf (b. Waischenfeld)
de:09572:6877	Nankendorf (b. Weisendorf)
de:09572:6314	Nankenhof
de:09377:15811	Napfberg
de:09565:4154	Nasbach
de:09565:4169	Nasbach Am Pointgraben
de:09374:748	Naslitz
de:09371:18158	Nasnitz
de:09674:7435	Nassach
de:09176:8128	Nassenfels, Eichstätter Straße
de:09176:8108	Nassenfels, Raiffeisenbank
de:09176:8116	Nassenfels, Römerstraße
de:09176:8105	Nassenfels, Schule
de:09779:6561	Natterholz
de:09373:17639	Nattershofen
de:09478:27253	Nedensdorf
de:09478:27254	Nedensdorf Mainblick
de:09571:13577	Nehdorf
de:09472:23535	Neidenstein
de:09575:14277	Neidhardswinden
de:09571:11777	Neidlingen
de:09472:23443	Nemmersdorf Abzw. Nemmersdorf
de:09472:23441	Nemmersdorf Ort
de:09472:22671	Nemschenreuth Ort
de:09576:8726	Nemsdorf Föhrle
de:09576:8727	Nemsdorf Ort
de:09577:16654	Nennslingen Gh. Lehmeier
de:09577:16656	Nennslingen Gh. Lüften
de:09675:29341	Nenzenheim Gh. Krone
de:09576:8595	Neppersreuth
de:08136:4932	Neresheim Abt-Angehrn-Straße
de:08136:4942	Neresheim Buswendeplatte
de:08136:4918	Neresheim Dossinger Weg
de:08136:4906	Neresheim Eichplatte
de:08136:4919	Neresheim Gärtnerei Lehnert
de:08136:4920	Neresheim Härtsfeldschule
de:08136:4921	Neresheim Industriegebiet
de:08136:4941	Neresheim Kindergarten
de:08136:4913	Neresheim Kloster
de:08136:4916	Neresheim Lixhöfe
de:08136:4917	Neresheim Mörtinger Höfe
de:08136:4922	Neresheim Post
de:08136:4923	Neresheim Rathaus
de:08136:4937	Neresheim, Am Schleifweg
de:08136:4934	Neresheim, Bergstraße
de:08136:4933	Neresheim, Bernhard-Durst-Str.
de:08136:4935	Neresheim, Eugen-Bolz-Straße
de:08136:4936	Neresheim, Härtsfeld-Center
de:09376:15615	Nessating, Bushaltestelle
de:09273:469	Netzstall, Ortsmitte
de:09478:27255	Neubanz
de:09472:23297	Neubau (b. Fichtelb.) Ab B303
de:09472:23291	Neubau (b. Fichtelberg)
de:09474:9657	Neubau (b. Kleinsendelbach)
de:09472:23295	Neubau (b.Fichtelb) Fichtelsee
de:09472:23294	Neubau/Fichtelb Gleising. Fels
de:09361:19943	Neubernricht  Am Sand
de:09377:9527	Neubrand
de:09571:12181	Neubruck
de:09674:27402	Neubrunn
de:09375:310	Neudeuerling
de:09375:21016	Neudorf
de:09561:11408	Neudorf (b. Ansbach)
de:09472:23031	Neudorf (b. Bad Berneck)
de:09571:12387	Neudorf (b. Dietenhofen)
de:09471:21188	Neudorf (b. Ebrach) Abzw.
de:09474:9744	Neudorf (b. Obertrubach)
de:09577:16693	Neudorf (b. Pappenheim)
de:09478:27357	Neudorf (b. Weismain)
de:09474:9917	Neudorf (b. Wiesenttal)
de:09471:21337	Neudorf (b.Heiligenstadt)
de:09472:22674	Neudorf (bei Pegnitz) Ost
de:09472:22676	Neudorf (bei Pegnitz) West
de:09471:20811	Neudorf (bei Scheßlitz)
de:09478:27627	Neudorf b.Ebensfeld
de:09374:7377	Neudorf bei Luhe
de:09375:815	Neudorf bei Pentling
de:09374:11604	Neudorf, Schlagäcker b.Luhe
de:09474:9745	Neudorfer Höhe -1- (Obertruba)
de:09474:9747	Neudorfer Höhe -2- (Obertruba)
de:09474:9748	Neudorfer Höhe -3- (Obertruba)
de:09474:9749	Neudorfer Höhe -4- (Obertruba)
de:09477:6740	Neudrossenfeld Lerchenfeld
de:09477:3856	Neudrossenfeld Mitte
de:09477:6889	Neudrossenfeld Rotmainaue
de:09575:14654	Neuebersbach
de:09572:6540	Neuenbürg
de:09571:13104	Neuend. Besenbeck Reuther S.
de:09571:13103	Neuend. Passage Heilsbr. Str.
de:09571:13109	Neuend. Windsbacher Str.
de:09571:13117	Neuend. Zollhundeschule
de:09571:13113	Neuendett. Haus der Stille
de:09571:13100	Neuendettelsau
de:09571:13112	Neuendettelsau Birkenhofstr.
de:09571:13108	Neuendettelsau Eichenstr.
de:09571:13114	Neuendettelsau Flurstr.
de:09571:13107	Neuendettelsau Krankenhaus
de:09571:13102	Neuendettelsau Laurentiuskir.
de:09571:13110	Neuendettelsau Rathaus
de:09571:13106	Neuendettelsau Schlauersb.Str
de:09571:13105	Neuendettelsau Schulzentrum
de:09571:13111	Neuendettelsau Sonnenstr.
de:09571:13101	Neuendettelsau Sternplatz
de:09479:9092	Neuenhammer
de:09176:8219	Neuenhinzenhausen
de:09477:3525	Neuenmarkt Abzw Breslauer Str.
de:09477:9053	Neuenmarkt AWO-Rosengarten,Brandhaus
de:09477:3604	Neuenmarkt Rathaus
de:09477:3524	Neuenmarkt-Wirsberg
de:09476:3891	Neuenreuth (b. Weißenbrunn)
de:09472:23966	Neuenreuth B 2
de:09377:15904	Neuenreuth b. Erbendorf
de:09472:23346	Neuenreuth b. Gefrees
de:09377:15127	Neuenreuth b. Kastl
de:09479:10035	Neuenreuth b. Thiersheim
de:09477:3870	Neuenreuth Bahnhof
de:09477:4096	Neuenreuth Ortsmitte
de:09478:27786	Neuensee
de:09477:3674	Neuensorg (b. Marktleugast) Dorfweiher
de:09477:3825	Neuensorg (b. Marktleugast) Sportheim
de:09473:15072	Neuensorg Forststraße
de:09473:15073	Neuensorg Sportplatz
de:09371:19221	Neuersdorf
de:09477:3823	Neufang (b. Wirsberg)
de:09472:22847	Neugeusmanns
de:09675:25343	Neugrub
de:09373:17788	Neuhaid (b. Parsberg)
de:09472:23971	Neuhaidhof
de:09572:6272	Neuhaus (Adelsd) Brandstr.
de:09572:6273	Neuhaus (Adelsd) Heppstä.Str.
de:09572:6274	Neuhaus (Adelsd) Raiffeisenb.
de:09572:6275	Neuhaus (Adelsd) Röttenb.Str.
de:09472:23128	Neuhaus (b. Aufseß) Brücke
de:09472:23126	Neuhaus (b. Aufseß) Hauptstr.
de:09472:23127	Neuhaus (b. Aufseß) Talstr.Süd
de:09373:17245	Neuhaus (b. Berching)
de:09471:21522	Neuhaus (b. Pettstadt)
de:09574:7543	Neuhaus (Pegn) Siedlung
de:09574:7547	Neuhaus (Pegn) Volksschule
de:09574:7550	Neuhaus (Pegnitz)
de:09479:7475	Neuhaus an der Eger
de:09374:7278	Neuhaus, Hl. Geist Kirche
de:09374:7279	Neuhaus, Marktplatz
de:09779:5363	Neuhausen
de:09373:17936	Neuhausen (b. Seubersd.)
de:09678:75068	Neuhausen (Ufr)
de:09575:14327	Neuherberg (b. Ergersheim)
de:09575:14328	Neuherberg/Ergersh Hs.Nr. 32
de:09575:14330	Neuherberg/Ergershm Schubart
de:09472:22675	Neuhof (b. Pegnitz) Kreisstr.
de:09373:17864	Neuhof (b. Pyrbaum)
de:09472:22673	Neuhof (b.Pegnitz) Haus Nr. 40
de:09472:22670	Neuhof (b.Pegnitz) Staatsstr.
de:09575:14673	Neuhof a.d. Zenn Festplatz
de:09575:14671	Neuhof a.d. Zenn Marktpl.
de:09478:27256	Neuhof b. Staffelstein
de:09375:312	Neuhof bei Wischenhofen
de:09375:554	Neuhof Gem. Zeitlarn
de:09575:14675	Neuhof(Zenn) Ab.Oberfeldbr.
de:09375:690	Neuhäusl
de:09375:16033	Neukareth
de:09375:572	Neukirchen
de:09371:19004	Neukirchen (b S-R) Raiffeisenb
de:09371:19001	Neukirchen (b S-R) Rathaus
de:09371:19007	Neukirchen (b S-R) Schule
de:09371:19011	Neukirchen (b S-R) Siedl. Nord
de:09371:19012	Neukirchen (b S-R) Siedl. West
de:09371:19003	Neukirchen (b S-R) Sparkasse
de:09371:19014	Neukirchen (b S-R) Ziegelhütte
de:09371:19000	Neukirchen (b Sulzbach-Rosenberg)
de:09375:1701	Neukirchen (b. Hemau) Abzw.
de:09571:13321	Neukirchen (b. Sachsen/AN)
de:09376:80264	Neukirchen b. Schwandorf
de:09371:19052	Neukirchen b.S-R Ab. Schönlind
de:08136:1605	Neukochen
de:09377:15851	Neuköslarn
de:08136:5006	Neuler Friedhof
de:08136:5007	Neuler Furtwiese
de:08136:5008	Neuler Hauptstraße
de:08136:5009	Neuler Kirche
de:08136:5010	Neuler Kirche Abzwg
de:08136:5016	Neuler Schwenninger Straße
de:08136:5000	Neuler-Espachwlr. Adlersteige
de:08136:5014	Neuler-Schwenningen
de:09273:729	Neulohe, Kelh/Abzw Am Forst
de:09273:548	Neulohe, Ortsmitte
de:09273:659	Neulohe, Siedlung
de:09373:17000	Neumarkt (Oberpf)
de:09373:17017	Neumarkt Abzw. EFA-Str.
de:09373:17109	Neumarkt Abzw. Hasenheide
de:09373:17076	Neumarkt Abzw. Nobelstr.
de:09373:16998	Neumarkt Abzw. Regerstr.
de:09373:17002	Neumarkt Altdorfer Str.
de:09373:17003	Neumarkt Am Evangelienstein
de:09373:17005	Neumarkt Am Lohgraben
de:09373:17006	Neumarkt Amberger Str.
de:09373:17008	Neumarkt Arbeitsamt
de:09373:17724	Neumarkt Autobahnmeisterei
de:09373:17011	Neumarkt Badstr.
de:09373:17010	Neumarkt Berufsschule
de:09373:17013	Neumarkt Berufsschulzentr.
de:09373:17012	Neumarkt Birkenweg
de:09373:17020	Neumarkt Blomenhofstr.
de:09373:17014	Neumarkt Dammstr.
de:09373:17015	Neumarkt Deininger Weg/Sportz.
de:09373:17016	Neumarkt Dientzenhoferstr.
de:09373:17018	Neumarkt EFA-Str.
de:09373:17019	Neumarkt Egerländer Str.
de:09373:17021	Neumarkt Fa. Bionorica
de:09373:17022	Neumarkt Fa. Dehn
de:09373:17025	Neumarkt Fa. Pfleiderer
de:09373:17027	Neumarkt Faberpark
de:09373:17028	Neumarkt Finanzamt
de:09373:17031	Neumarkt Florianstr.
de:09373:17033	Neumarkt Flugplatz
de:09373:17034	Neumarkt Freystädter Str.
de:09373:17035	Neumarkt Friedhof
de:09373:17038	Neumarkt Gansbrauerei
de:09373:17037	Neumarkt Ginsterweg
de:09373:16994	Neumarkt Hallenbad
de:09373:17110	Neumarkt Hasenheide Försterst.
de:09373:17044	Neumarkt Hasenheide Kirche
de:09373:17046	Neumarkt Hasenheide Schule
de:09373:17047	Neumarkt Heideweg
de:09373:17049	Neumarkt Hutäcker
de:09373:17327	Neumarkt Impfzentrum
de:09373:17050	Neumarkt Ingolstädter Str.
de:09373:17051	Neumarkt Johanneszentrum
de:09373:17061	Neumarkt Kapuzinerhölzl
de:09373:17053	Neumarkt Karl-Speier-Str.
de:09373:17054	Neumarkt Kerschensteinerstr.
de:09373:17055	Neumarkt Kettelerstr.
de:09373:17056	Neumarkt Klebl Bauzentr.
de:09373:17062	Neumarkt Klinikum
de:09373:17057	Neumarkt Klostertor
de:09373:17059	Neumarkt Kohlenbrunnermühlstr.
de:09373:17060	Neumarkt Kornstr.
de:09373:17063	Neumarkt Landesgartenschau
de:09373:17065	Neumarkt Landratsamt
de:09373:17066	Neumarkt Leipziger Str.
de:09373:17067	Neumarkt Ludwig-Wifling-Str.
de:09373:17068	Neumarkt Mariahilfstr.
de:09373:17070	Neumarkt Marktplatz
de:09373:17071	Neumarkt Max-Künzel-Str.
de:09373:17072	Neumarkt Medererstr.
de:09373:17077	Neumarkt Milchhofstr.
de:09373:17097	Neumarkt Museum Lothar Fischer
de:09373:17074	Neumarkt Münchener Ring
de:09373:17075	Neumarkt Nobelstr.
de:09373:17078	Neumarkt Nürnberger Str.
de:09373:17081	Neumarkt Oberer Lährer Weg
de:09373:17080	Neumarkt Oberer Markt
de:09373:17083	Neumarkt Pelchenhofener Str.
de:09373:17084	Neumarkt Pulveräcker
de:09373:17090	Neumarkt Rathaus
de:09373:17086	Neumarkt Regensburger Str.
de:09373:17088	Neumarkt Regerstr.
de:09373:17093	Neumarkt Rosengasse
de:09373:17089	Neumarkt Saarlandstr.
de:09373:17091	Neumarkt Sachsenstr.
de:09373:17092	Neumarkt Schillerstr.
de:09373:16993	Neumarkt Schweningerstr.
de:09373:17114	Neumarkt Schönwerthstr.
de:09373:17094	Neumarkt Seelstr.
de:09373:17095	Neumarkt St.-Anna-Str.
de:09373:17098	Neumarkt Stadtwerke
de:09373:17096	Neumarkt Sturmwiese
de:09373:17030	Neumarkt Theo-Betz-Platz
de:09373:17099	Neumarkt Volksfestplatz
de:09373:17101	Neumarkt Wallensteinstr.
de:09373:17102	Neumarkt Weinberger S./Schule
de:09373:17079	Neumarkt Weißenfeldplatz
de:09373:17103	Neumarkt Wildbadstr.
de:09373:17105	Neumarkt Wilhelm-Busch-Str.
de:09373:17106	Neumarkt Woffenbacher Str.
de:09373:17107	Neumarkt Zedernweg
de:09373:17108	Neumarkt Ziegelhüttenweg
de:09373:16999	Neumarkt Ärztehaus
de:09472:23089	Neumühle (b. Ahorntal)
de:09361:19946	Neumühle (b. Amberg)
de:09576:8416	Neumühle (b. Büchenbach) Mitte
de:09576:8415	Neumühle (b. Büchenbach) Nord
de:09571:12353	Neumühle (b. Diebach/AN)
de:09575:14233	Neumühle (b. Diespeck)
de:09562:3852	Neumühle (b. Erlangen)
de:09576:8917	Neumühle (b. Thalmässing)
de:09571:13601	Neumühle (b. Weihenzell)
de:09472:23093	Neumühle/Ahornt. Burg Rabenst.
de:09376:80266	Neunaigen, Weiher
de:09572:6316	Neundorf (Aurachtal)
de:09575:14877	Neundorf (b. Sugenheim)
de:09574:7061	Neunhof (b. Lauf) Flachsstr.
de:09574:7079	Neunhof (Lauf) Steinbruchstr.
de:09474:9209	Neunk. a. Br. Ebersb. Weg
de:09474:9206	Neunk. a.Br. Kleinsendelb. Str
de:09474:9202	Neunk.a.Br. Nürnberg.Str
de:09474:9205	Neunk.a.Br. Obere Gugel
de:09474:9201	Neunkirchen a. Br. Busbf.
de:09474:9211	Neunkirchen a. Br. Grundschule
de:09574:7572	Neunkirchen a. S. Sandstr.
de:09474:9207	Neunkirchen a.Br. Erlanger S.
de:09474:9213	Neunkirchen a.Br. Mittelschule
de:09472:22738	Neunkirchen a.M. Buswartehaus
de:09472:22737	Neunkirchen a.M. Feuerwehrhaus
de:09574:7573	Neunkirchen a.S. Feuerwehrhaus
de:09574:7570	Neunkirchen am Sand
de:09363:172	Neunkirchen Gaßäckerstr.
de:09363:160	Neunkirchen Hofackerstraße
de:09363:174	Neunkirchen Kummerthof
de:09363:159	Neunkirchen Latscher Straße
de:09363:161	Neunkirchen Pfarräckerstraße
de:09363:173	Neunkirchen Schule
de:09363:158	Neunkirchen Staudenhutstr.
de:09571:12913	Neunkirchen/Leutersh Ortsmitte
de:09571:12914	Neunkirchen/Leutersh. Siedlung
de:09571:12729	Neunstetten Hauptstr.
de:09571:12725	Neunstetten Kirche
de:09571:13371	Neureuth
de:09373:17344	Neuricht (b. Berngau) Ort
de:09374:16866	Neurunkenreuth
de:09674:27330	Neuschleichach
de:09575:14692	Neuselingsbach
de:09176:7652	Neuses
de:09476:75273	Neuses (b Kronach)
de:09561:11409	Neuses (b. Ansbach) Zur Schanz
de:09674:15847	Neuses (b. Bundorf)
de:09571:12239	Neuses (b. Burgoberbach) Ort
de:09571:12469	Neuses (b. Dürrwangen)
de:09474:9280	Neuses (b. Eggolsheim) Mitte
de:09562:3650	Neuses (b. Erlangen)
de:09476:16232	Neuses (b. Kronach) Abzw Fa. Dr. Schneid
de:09476:15482	Neuses (b. Kronach) Nordausfahrt
de:09476:16233	Neuses (b. Kronach) Ortsmitte
de:09476:16373	Neuses (b. Kronach) Süd
de:09571:13011	Neuses (b. Merkendorf)
de:09573:5176	Neuses (b. Roßtal)
de:09575:14799	Neuses (b. Scheinfeld)
de:09576:8195	Neuses (b. Wendelstein)
de:09571:13769	Neuses (b. Windsbach) Mitte
de:09571:13770	Neuses (b. Windsbach) Siedlung
de:09474:9281	Neuses (Eggolsh.) Gewerbegeb.
de:09674:75106	Neuses a Raueneck
de:09473:17094	Neuses a. Brand Ort
de:09473:16415	Neuses a. d. Eichen
de:09478:27563	Neuses a.M. Hauptstr.
de:09478:27561	Neuses a.M. Ortsmitte
de:09478:27565	Neuses a.M. Siedlung
de:09675:29062	Neuses am Berg Bocksbeutelstraße
de:09675:29265	Neuses am Sand
de:09675:6095	Neuses am Sand Aussiedlerhof
de:09675:27861	Neuses am Sand Schulbushaltestelle
de:09674:5962	Neuses Aussiedlerhof
de:09561:11412	Neuses/b.An. Rothenburger Str.
de:09675:29060	Neusetz Köhlerer Weg
de:09571:13145	Neusitz Alte Steige
de:09571:13149	Neusitz Horabacher Str.
de:09571:13142	Neusitz Im Dorf
de:09571:13147	Neusitz Industriegebiet
de:09571:13143	Neusitz Kirchfeldring
de:09571:13144	Neusitz Montessori-Schule
de:09571:13146	Neusitz Siedlung
de:09571:13159	Neusitz Wernizerstr.
de:09474:9428	Neusles
de:09474:9427	Neusles Mitte
de:09377:9318	Neusorg
de:09377:2308	Neusorg, Hauptstraße
de:09377:9319	Neusorg, Luisenburgstraße
de:09377:9898	Neusorg, Post
de:09377:7583	Neusorg, Raiffeisenbank
de:09377:15568	Neusorg, Seniorenheim
de:09377:7582	Neusorg, Talstr.
de:09377:2276	Neusorg, Weihermühle
de:09575:14012	Neustadt (A) Abzw. Krankenhaus
de:09575:14026	Neustadt (A) Am Hasengründlein
de:09575:14008	Neustadt (A) Amtsgericht
de:09575:14003	Neustadt (A) Bahnhofberg
de:09575:14002	Neustadt (A) Bahnhofstr.
de:09575:14014	Neustadt (A) Berufsschule
de:09575:14007	Neustadt (A) F. A. Gymn.
de:09575:14016	Neustadt (A) Festplatz
de:09575:14018	Neustadt (A) Kleinerlb.Weg
de:09575:14011	Neustadt (A) Krankenhaus
de:09575:14025	Neustadt (A) Landratsamt
de:09575:14010	Neustadt (A) Markgrafenstr.
de:09575:14005	Neustadt (A) Marktplatz
de:09575:14019	Neustadt (A) Mühlgründlein
de:09575:14009	Neustadt (A) Ostendstr.
de:09575:14001	Neustadt (A) Plärrer
de:09575:14036	Neustadt (A) R.-Diesel-Str.
de:09575:14029	Neustadt (A) Ringstr.
de:09575:14023	Neustadt (A) Schlesienstr.
de:09575:14015	Neustadt (A) Steinsweg
de:09575:14020	Neustadt (A) Strahlbacher Weg
de:09575:14017	Neustadt (A) W.-v.-Siemens-Str
de:09575:14021	Neustadt (A) Waldfriedhof
de:09575:14000	Neustadt (Aisch) Bahnhof
de:09575:14040	Neustadt (Aisch) Mitte
de:09273:2200	Neustadt (Donau)
de:09374:11149	Neustadt (Waldnaab)
de:09374:7636	Neustadt a.K., Raiffeisenb.
de:09374:7637	Neustadt a.K., Rathaus
de:09374:3794	Neustadt, Breiter Weg
de:09374:7021	Neustadt, Freyung
de:09374:15104	Neustadt, Mühlbergweg
de:09273:2002	Neustadt/Do., Am Westhang
de:09273:2201	Neustadt/Do., Bahnhofstr.
de:09273:1991	Neustadt/Do., Bauhof
de:09273:925	Neustadt/Do., Herrn/A Schwaigfeld
de:09273:1992	Neustadt/Do., Landshuter Str.
de:09273:1843	Neustadt/Do., Platanenallee
de:09273:2202	Neustadt/Do., Reg.Str./Sandweg
de:09273:928	Neustadt/Do., Rgbg/Abzw Sudetenstr.
de:09273:927	Neustadt/Do., Sudetenstr.
de:09273:1999	Neustadt/Do., Volksfestplatz
de:09273:2521	Neustadt/Do., Wöhr
de:09377:1858	Neusteinreuth
de:09571:12021	Neustett
de:09571:12541	Neustetten (b. Flachslanden)
de:08127:21200	Neustädtl. Feuerwehrhaus
de:09571:11961	Neustädtlein
de:09571:13374	Neuweiler
de:09472:23885	Neuwerk (b. Warmensteinach)
de:09377:7550	Neuwirtshaus
de:09176:8283	Neuzell
de:09176:8269	Neuzell, Abzw.
de:09575:14695	Neuziegenrück
de:09374:3788	Neuzirkendorf,Aicha
de:09371:18782	Neuöd
de:08136:4514	Niederalfingen
de:09779:6783	Niederaltheim, Dorfstr.
de:09478:27629	Niederau
de:09571:12732	Niederdombach
de:09473:75240	Niederfüllbach
de:09473:5898	Niederfüllbach Bahnstraße
de:09473:15213	Niederfüllbach Mitte
de:09473:15181	Niederfüllbach Ortseingang
de:09375:980	Niedergebraching Arglestraße
de:09375:326	Niedergebraching Köhlerweg
de:09376:255	Niederhof bei Burglengenfeld
de:09779:6735	Niederhofen
de:09373:17899	Niederhofen (b. Pilsach)
de:09577:16085	Niederhofen (WUG) Mitte
de:09577:16084	Niederhofen (WUG) Sportplatz
de:09373:17677	Niederhofen b.Lupbg Ortsmitte
de:09779:7316	Niederhofen, Aussiedlerhof
de:09479:2381	Niederlamitz
de:09479:9039	Niederlamitz, Abzw
de:09479:2380	Niederlamitz, Bahnübergang
de:09273:3536	Niederleierndorf, Feuerwehr
de:09273:872	Niederleierndorf, Haupt/A Weinb
de:09273:3537	Niederleierndorf, Weinbergstr.
de:09572:6541	Niederlindach
de:09576:8683	Niedermauck Betonwerk
de:09576:8684	Niedermauck Ortsmitte
de:09474:9152	Niedermirsberg Ortsmitte
de:09474:9153	Niedermirsbg. Wiesengrundstr.
de:09477:10733	Niederndobrach Abzw Kreisstraße
de:09477:80085	Niederndobrach Am Bach
de:09477:80011	Niederndobrach Kindergarten
de:09575:14167	Niederndorf (b. Burghaslach)
de:09471:21712	Niederndorf (b. Schönb.i.Stw.)
de:09374:81399	Niederndorf b. Parkstein
de:09374:81400	Niederndorf b. Parkstein, Abzw
de:09572:6088	Niederndorf/Hezo Am Behälterb.
de:09572:6079	Niederndorf/Hezo Am Hasengart.
de:09572:6076	Niederndorf/Hezo Feuerwehr
de:09572:6074	Niederndorf/Hezo Frankenstr.
de:09572:6072	Niederndorf/Hezo Montes.Schule
de:09572:6073	Niederndorf/Hezo Pommernweg
de:09572:6075	Niederndorf/Hezo St.-Josefs-K.
de:09572:6077	Niederndorf/Hezo Tiroler Str.
de:09571:12244	Niederoberbach Ort
de:09571:12243	Niederoberbach Staatsstraße
de:09371:18140	Niederricht
de:09273:1995	Niederulrain, Dorfstr.
de:09678:25795	Niederwerrn B 303
de:09678:27335	Niederwerrn Flugplatz
de:09678:75228	Niederwerrn Hainleinstraße
de:09678:75227	Niederwerrn Schule
de:09678:27337	Niederwerrn Schweinfurter Straße 93
de:09678:7197	Niederwerrn Schweinfurter Straße ALDI
de:09678:27336	Niederwerrn Süd
de:09678:75419	Niederwerrn, Bauhof
de:09678:75423	Niederwerrn, Breslaustraße
de:09678:75417	Niederwerrn, Kautzenstraße
de:09678:75418	Niederwerrn, Ludwigstraße
de:09678:75420	Niederwerrn, Markt
de:09678:75271	Niederwerrn, Obertor
de:09678:75422	Niederwerrn, Pommernstraße
de:09678:75421	Niederwerrn, Raiffeisenplatz
de:09371:18351	Niederärndt
de:09176:7606	Niefang
de:09373:17640	Niesaß (b. Lauterhofen)
de:08136:1309	Niesitz
de:08135:434	Nietheim
de:09375:332	Nittendorf Am Bernstein
de:09375:573	Nittendorf Bäckerei Kroiß
de:09375:334	Nittendorf Glockensiedlung
de:09375:574	Nittendorf Kirche
de:09375:575	Nittendorf Nickelberg
de:09375:333	Nittendorf Talstraße
de:09779:6753	Nittingen, Abz
de:09779:6129	Nittingen, Ort
de:09779:6801	Nittingen, Reiterhof
de:09779:6752	Nittingen, Siedlung
de:09371:18159	Nitzlbuch
de:09475:8832	Nonnenwald
de:09574:7327	Nonnhof (b. Alfeld)
de:09371:18254	Nonnhof (b. Birgland)
de:09571:13747	Nordenberg
de:08136:5704	Nordhausen Dorfstr.
de:09675:29300	Nordheim (Main) Am Altenberg,Nordheim (Main)
de:09675:29299	Nordheim (Main) Raiffeisenstraße,Nordheim (Main)
de:09577:16173	Nordstetten Abzw. Maicha
de:09577:16172	Nordstetten Dorf
de:09374:16844	Nottersdorf
de:09574:7081	Nuschelberg
de:09779:6522	Nußbühl
de:09779:6536	Nußbühl, Bahnbrücke
de:09273:330	Nußhausen, Abzw Staatsstr.
de:09273:11740	Nußhausen, Ort
de:09779:6792	Nähermemmingen, Ort
de:09779:6999	Nähermemmingen, Vierkorn
de:09779:6692	Nördl., Joh. Weinberger (HH)
de:09779:6693	Nördl., Joh. Weinberger Str.
de:09779:5338	Nördl.-Großelfingen,Enkinger W
de:09779:6514	Nördlingen
de:09779:6677	Nördlingen, Ackerstraße
de:09779:6682	Nördlingen, Augsb. Str./Maler
de:09779:5336	Nördlingen, Augsb.Str.(Bushst)
de:09779:6683	Nördlingen, Augsburger Str. (C
de:09779:6701	Nördlingen, Bei den Kornschran
de:09779:6697	Nördlingen, Bozener Straße
de:09779:5335	Nördlingen, Brettermarkt
de:09779:6684	Nördlingen, City Park / Eichen
de:09779:6671	Nördlingen, Deininger Straße
de:09779:6691	Nördlingen, Dr. Hausmannstr./H
de:09779:6690	Nördlingen, Eselerstraße (Spar
de:09779:6695	Nördlingen, Friedhof
de:09779:6710	Nördlingen, Gymnasium
de:09779:6685	Nördlingen, Hallenbad
de:09779:6680	Nördlingen, Hochwegbrücke
de:09779:6742	Nördlingen, Hofer Straße
de:09779:6675	Nördlingen, Kerschen/Son- Str.
de:09779:6686	Nördlingen, Krankenhaus
de:09779:6696	Nördlingen, Meraner Straße
de:09779:6263	Nördlingen, Mittelschule
de:09779:6699	Nördlingen, Neubaugasse
de:09779:6743	Nördlingen, Nürnberger Str.
de:09779:6687	Nördlingen, Oskar-Mayer Str.-
de:09779:6678	Nördlingen, Rich.-Wagner-Str.
de:09779:7311	Nördlingen, Riomer Str.
de:09779:7310	Nördlingen, Saubrunnen
de:09779:7094	Nördlingen, Schäfflesmarkt
de:09779:6676	Nördlingen, Sonnenstraße
de:09779:6970	Nördlingen, St. Georg Schule
de:09779:6674	Nördlingen, St. Josef
de:09779:6689	Nördlingen, Taigweg/Kellermann
de:09779:6694	Nördlingen, Tetschen Bodenbach
de:09779:6698	Nördlingen, Ulmer Straße/ CAP-
de:09779:6635	Nördlingen, Voltzstraße
de:09779:6679	Nördlingen, Wagga-Wagga-/Haydn
de:09779:7309	Nördlingen, Wemd. Str. Ensslin
de:09779:7299	Nördlingen, Wemd. Str. Netto
de:09779:6513	Nördlingen, Wemd. Str.(GH Eng)
de:09779:7298	Nördlingen, Wemd. Str./Flurs.
de:09779:7308	Nördlingen, Wemd. Str./Hochh.
de:09779:6688	Nördlingen, Zeitblomweg
de:09672:27341	Nüdlingen Kissinger Str./Riedweg
de:09672:27007	Nüdlingen Rathaus
de:09564:1567	Nürnb. Langwasser Mitte
de:09564:1435	Nürnberg Akademie d.b.K.
de:09564:1773	Nürnberg Akeleiweg
de:09564:1937	Nürnberg Aldringenstr.
de:09564:538	Nürnberg Alemannenstr.
de:09564:1284	Nürnberg Almoshof
de:09564:1285	Nürnberg Almoshof Schule
de:09564:1771	Nürnberg Alpenrosenweg
de:09564:1984	Nürnberg Alte Wallensteinstr.
de:09564:1649	Nürnberg Altenfurter Straße
de:09564:1955	Nürnberg Altmühlweg
de:09564:1653	Nürnberg Am Bauernfeld
de:09564:1288	Nürnberg Am Bäumling
de:09564:1659	Nürnberg Am Hartgraben
de:09564:1277	Nürnberg Am Kressenstein
de:09564:1759	Nürnberg Am Ludwigskanal
de:09564:1764	Nürnberg Am Rangierbahnhof
de:09564:1651	Nürnberg Am Schlag
de:09564:1266	Nürnberg Am Steig
de:09564:1987	Nürnberg Am Tillypark
de:09564:1283	Nürnberg Am Wegfeld
de:09564:1244	Nürnberg Am Weiher
de:09564:1555	Nürnberg Am Zollhaus
de:09564:1872	Nürnberg An der Bergleite
de:09564:1770	Nürnberg An der Marterlach
de:09564:1570	Nürnberg Annette-Kolb-Str.
de:09564:1784	Nürnberg Antwerpener Str.
de:09564:1658	Nürnberg Anzengruberstr.
de:09564:1852	Nürnberg Appelstr.
de:09564:433	Nürnberg Arminiusstr.
de:09564:271	Nürnberg Arno-Hamburger-Str.
de:09564:534	Nürnberg Aufseßplatz
de:09564:1448	Nürnberg August-Meier-Heim
de:09564:755	Nürnberg Austr.
de:09564:1454	Nürnberg Ayrerstr.
de:09564:1432	Nürnberg Balthas.-Neumann-Str.
de:09564:1301	Nürnberg Bamberger Str.
de:09564:393	Nürnberg Bartholomäusstr.
de:09564:1305	Nürnberg Baststraße
de:09564:1550	Nürnberg Bauernfeindstr.
de:09564:363	Nürnberg Bauvereinstr.
de:09564:1865	Nürnberg Bayernlinie
de:09564:466	Nürnberg Bayernstr.
de:09564:1462	Nürnberg Ben-Gurion-Ring
de:09564:1343	Nürnberg Bennostr.
de:09564:1298	Nürnberg Berufsförderungswerk
de:09564:1334	Nürnberg Bessemerstr.
de:09564:457	Nürnberg Bestelmeyerstr.
de:09564:1575	Nürnberg Beuthener Str.
de:09564:1978	Nürnberg Bibertstr.
de:09564:1249	Nürnberg Bienweg
de:09564:1458	Nürnberg Bingstr.
de:09564:1241	Nürnberg Binzenweg
de:09564:1679	Nürnberg Birnthon
de:09564:1680	Nürnberg Birnthon West
de:09564:362	Nürnberg Bismarckschule
de:09564:759	Nürnberg Blücherstr.
de:09564:1788	Nürnberg Bochumer Str.
de:09564:1269	Nürnberg Boxbergweg
de:09564:1271	Nürnberg Boxdorf
de:09564:1273	Nürnberg Boxdorf Nord
de:09564:1469	Nürnberg Brandstr.
de:09564:537	Nürnberg Brehmstr.
de:09564:1761	Nürnberg Bremer Str.
de:09564:1767	Nürnberg Bremer Str. Wende
de:09564:1785	Nürnberg Bremerhavener Str.
de:09564:1253	Nürnberg Brettergartenstr.
de:09564:1672	Nürnberg Brieger Str.
de:09564:469	Nürnberg Brunecker Str.
de:09564:1674	Nürnberg Brunn Mitte
de:09564:1675	Nürnberg Brunn Ost
de:09564:1676	Nürnberg Brunn Schleife
de:09564:1673	Nürnberg Brunner Berg
de:09564:1677	Nürnberg Brunner Str.
de:09564:1280	Nürnberg Buch Nord
de:09564:1281	Nürnberg Buch Süd
de:09564:1366	Nürnberg Buchenbühler Weg
de:09564:230	Nürnberg Bucher Str./Nordring
de:09564:458	Nürnberg Burgerstr.
de:09564:156	Nürnberg Burgstr.
de:09564:1885	Nürnberg Burkhardtstr.
de:09564:1652	Nürnberg Bärenbühlgraben
de:09564:702	Nürnberg Bärenschanze
de:09564:697	Nürnberg Bärenschanzstr.
de:09564:1980	Nürnberg Cadolzburger Str.
de:09564:1396	Nürnberg Cargo-Zentrum
de:09564:1382	Nürnberg Carl-von-Linde-Str.
de:09564:1960	Nürnberg Castellstr.
de:09564:530	Nürnberg Celtisplatz
de:09564:1941	Nürnberg Charkovstr.
de:09564:533	Nürnberg Christuskirche
de:09564:1166	Nürnberg Clarsbacher Str.
de:09564:459	Nürnberg Cramergasse
de:09564:1294	Nürnberg Cuxhavener Str.
de:09564:335	Nürnberg Deichslerstr.
de:09564:752	Nürnberg Deutschherrnstr.
de:09564:539	Nürnberg Dianaplatz
de:09564:1164	Nürnberg Diebacher Straße
de:09564:656	Nürnberg Dieselstr.
de:09564:464	Nürnberg Doku-Zentrum
de:09564:463	Nürnberg Doku-Zentrum Nord
de:09564:1789	Nürnberg Donaustr.
de:09564:1105	Nürnberg Dooser Str.
de:09564:1248	Nürnberg Dorffeldstr.
de:09564:1218	Nürnberg Dorfäckerstr.
de:09564:1259	Nürnberg Dortmunder Str.
de:09564:737	Nürnberg Dr. Erler Kliniken
de:09564:648	Nürnberg Dr.-Luppe-Platz
de:09564:1936	Nürnberg Drahtzieherstr.
de:09564:1386	Nürnberg Dresdener Str.
de:09564:1792	Nürnberg Duisburger Str.
de:09564:1778	Nürnberg Duisburger Str. Mitte
de:09564:1776	Nürnberg Duisburger Str. Nord
de:09564:1775	Nürnberg Duisburger Str.Ost
de:09564:764	Nürnberg Dunantstr.
de:09564:1103	Nürnberg Eberhardshof
de:09564:1460	Nürnberg Eckenstr.
de:09564:1989	Nürnberg Edisonstr.
de:09564:149	Nürnberg Egidienplatz
de:09564:1959	Nürnberg Eibach Mitte
de:09564:1957	Nürnberg Einsteinring
de:09564:1967	Nürnberg Ellingstr.
de:09564:1270	Nürnberg Erich-Ollenhauer-Str.
de:09564:1351	Nürnberg Ernst-Heinkel-Weg
de:09564:1755	Nürnberg Falkenheim
de:09564:1459	Nürnberg Fallrohrstr.
de:09564:1991	Nürnberg Feuchtwanger Str.
de:09564:1758	Nürnberg Finkenbrunn
de:09564:1846	Nürnberg Fischbach Schleife
de:09564:1172	Nürnberg Flachslander Str.
de:09564:1650	Nürnberg Flachsröste
de:09564:1333	Nürnberg Flataustr.
de:09564:440	Nürnberg Fliegerstr.
de:09564:1391	Nürnberg Flughafen
de:09564:1287	Nürnberg Flughafenstr.
de:09564:1316	Nürnberg Forchheimer Str.
de:09564:561	Nürnberg Frankenstr.
de:09564:1556	Nürnberg Franz-Reichel-Ring
de:09564:1252	Nürnberg Frauentaler Weg
de:09564:1404	Nürnberg Fraunhofer Institut
de:09564:1473	Nürnberg Freilandsiedlung
de:09564:1669	Nürnberg Freystädter Str.
de:09564:241	Nürnberg Fried.-Ebert-Pl. West
de:09564:352	Nürnberg Friedenstr.
de:09564:232	Nürnberg Friedrich-Ebert-Pl.
de:09564:761	Nürnberg Frühlingstr.
de:09564:1349	Nürnberg Fuchsweg
de:09564:1953	Nürnberg Furtenbachstr.
de:09564:1878	Nürnberg Föhrenbuck
de:09564:1562	Nürnberg G.Ledebour/Gleiw.Str.
de:09564:1559	Nürnberg G.Ledebour/Liegn.Str.
de:09564:1870	Nürnberg Gaulnhofen
de:09564:1347	Nürnberg Gebertstr.
de:09564:655	Nürnberg Geisseestr.
de:09564:664	Nürnberg Geisseestr. Mitte
de:09564:1506	Nürnberg Gemeinschaftshaus
de:09564:1557	Nürnberg Georg-Ledebour-Schule
de:09564:1944	Nürnberg Geraer Str.
de:09564:1754	Nürnberg Germersheimer Str.
de:09564:1730	Nürnberg Gibitzenhof
de:09564:1977	Nürnberg Glafeystr.
de:09564:1943	Nürnberg Glasgowstr.
de:09564:1560	Nürnberg Gleiw./Liegnitz.Str.
de:09564:515	Nürnberg Gleißbühlstr.
de:09564:452	Nürnberg Gleißhammerstr.
de:09564:1686	Nürnberg GNF Th.-Dachser-Str.
de:09564:1688	Nürnberg GNF-Am Flachmoor
de:09564:1678	Nürnberg GNF-Am Tower
de:09564:1689	Nürnberg GNF-Südallee
de:09564:1428	Nürnberg Goldhammer
de:09564:703	Nürnberg Gostenhof
de:09564:754	Nürnberg Gostenhof Ost
de:09564:753	Nürnberg Gostenhof West
de:09564:1859	Nürnberg Greuth
de:09564:1566	Nürnberg Groß-Strehlitz. Str.
de:09564:1265	Nürnberg Großgründl. Hauptstr.
de:09564:1263	Nürnberg Großgründlach Mitte
de:09564:1260	Nürnberg Großgründlach Nord
de:09564:1264	Nürnberg Großgründlach Schule
de:09564:1975	Nürnberg Großkraftwerk
de:09564:1156	Nürnberg Großmarkt
de:09564:1180	Nürnberg Großreuth b. Schweinau
de:09564:1370	Nürnberg Großreuth h. d. V.
de:09564:256	Nürnberg Großweidenmühlstr.
de:09564:1579	Nürnberg Grundigwerk 16 (Werk)
de:09564:1468	Nürnberg Grünreuther Str.
de:09564:654	Nürnberg Gustav-Adolf-Str.
de:09564:1866	Nürnberg Habermannstr.
de:09564:1169	Nürnberg Haeselerstr.
de:09564:1779	Nürnberg Hafenbahnhof
de:09564:238	Nürnberg Hallerstr.
de:09564:234	Nürnberg Hallertor
de:09564:1763	Nürnberg Hamburger Str.
de:09564:1470	Nürnberg Hammer
de:09564:1572	Nürnberg Hans-Fallada-Str.
de:09564:1451	Nürnberg Hans-Kalb-Str.
de:09564:1998	Nürnberg Hansastr.
de:09564:1261	Nürnberg Hansengarten
de:09564:1467	Nürnberg Happurger Str.
de:09564:361	Nürnberg Harmoniestr.
de:09564:1750	Nürnberg Harnischschlag
de:09564:436	Nürnberg Harsdörfferplatz
de:09564:1701	Nürnberg Hasenbuck
de:09564:151	Nürnberg Hauptmarkt
de:09564:510	Nürnberg Hbf
de:09564:509	Nürnberg Hbf (Nelson-Mandela-Platz)
de:09564:1963	Nürnberg Heidestr.
de:09564:150	Nürnberg Heilig-Geist-Spital
de:09564:365	Nürnberg Heinemannbrücke
de:09564:757	Nürnberg Heinrichstr.
de:09564:1768	Nürnberg Heistersteg
de:09564:1472	Nürnberg Henfenf. Str. Wende
de:09564:1471	Nürnberg Henfenfelder Str.
de:09564:1170	Nürnberg Herderstr.
de:09564:1665	Nürnberg Hermann-Kolb-Str.
de:09564:1365	Nürnberg Hermann-Löns-Str.
de:09564:1353	Nürnberg Heroldsberger Weg
de:09564:1868	Nürnberg Herpersdorf
de:09564:1753	Nürnberg Herpersdorfer Str.
de:09564:1324	Nürnberg Herrnhütte
de:09564:1498	Nürnberg Herzogstandstr.
de:09564:650	Nürnberg Hessestr.
de:09564:532	Nürnberg Heynestr.
de:09564:1376	Nürnberg Hiltpoltsteiner Str.
de:09564:355	Nürnberg Hintermayrstr.
de:09564:563	Nürnberg Hiroshimaplatz
de:09564:1564	Nürnberg Hirschberger Str.
de:09564:1354	Nürnberg Hofer Str.
de:09564:1902	Nürnberg Hohe Marter
de:09564:657	Nürnberg Hohe Marter Nord
de:09564:1969	Nürnberg Hohe Marter Süd
de:09564:1979	Nürnberg Hohenecker Weg
de:09564:446	Nürnberg Holzgartenstr.
de:09564:1950	Nürnberg Holzheim
de:09564:1954	Nürnberg Holzheim Schleife
de:09564:1655	Nürnberg Holzstatt
de:09564:1883	Nürnberg Hordlerstr.
de:09564:1388	Nürnberg Hubertusstr.
de:09564:1856	Nürnberg Hugo-Wolf-Str.
de:09564:544	Nürnberg Humboldtstr.
de:09564:535	Nürnberg Hummelsteiner Weg
de:09564:1656	Nürnberg Hutbergstr.
de:09564:1176	Nürnberg Höfener Spange
de:09564:1282	Nürnberg Höfles
de:09564:1314	Nürnberg Höfles Ost
de:09564:1315	Nürnberg Höfles West
de:09564:1976	Nürnberg Hügelstr.
de:09564:1466	Nürnberg Hüttenbacher Str.
de:09564:1558	Nürnberg Imbuschstr.
de:09564:439	Nürnberg Immelmannstr.
de:09564:155	Nürnberg Innerer Laufer Platz
de:09564:1995	Nürnberg Insinger Str.
de:09564:1563	Nürnberg Jauerstr.
de:09564:1313	Nürnberg Johann-Sperl-Str.
de:09564:236	Nürnberg Julienstr.
de:09564:231	Nürnberg Juvenellstr.
de:09564:1965	Nürnberg Jägerstr.
de:09564:1225	Nürnberg K.gründl. Mittelmühlw
de:09564:1568	Nürnberg Kafkastr.
de:09564:1968	Nürnberg Kammersteiner Str.
de:09564:1152	Nürnberg Karl-Martell-Str.
de:09564:1854	Nürnberg Katzwang Hallenbad
de:09564:1855	Nürnberg Katzwang Mitte
de:09564:1858	Nürnberg Katzwang Süd
de:09564:1848	Nürnberg Katzwang Süd Wende
de:09564:250	Nürnberg Kaulbachplatz
de:09564:1880	Nürnberg Kellermannstr.
de:09564:1851	Nürnberg Kellerstr.
de:09564:1297	Nürnberg Kieler Str.
de:09564:1307	Nürnberg Kilianstr.
de:09564:1988	Nürnberg Kirchhoffstr.
de:09564:273	Nürnberg Kirschgartenstr.
de:09564:1165	Nürnberg Kleinreuth b. Schw.
de:09564:1291	Nürnberg Kleinreuth h.d.V.
de:09564:1318	Nürnberg Kleinreuther Weg
de:09564:1342	Nürnberg Klingenhof
de:09564:1345	Nürnberg Klingenhofstr.
de:09564:258	Nürnberg Klinikum Nord
de:09564:261	Nürnberg Klinikum Süd
de:09564:1781	Nürnberg Koblenzer Str.
de:09564:630	Nürnberg Kohlenhof
de:09564:455	Nürnberg Komotauer Str.
de:09564:734	Nürnberg Kontumazgarten
de:09564:528	Nürnberg Kopernikusplatz
de:09564:1796	Nürnberg Koperstr.
de:09564:1956	Nürnberg Koppenhof
de:09564:1946	Nürnberg Koppenhof Wende
de:09564:1862	Nürnberg Kornburg Mitte
de:09564:1849	Nürnberg Kornburg Nord
de:09564:1860	Nürnberg Kornburg Schleife
de:09564:1861	Nürnberg Kornburg Süd
de:09564:1751	Nürnberg Kornburger Str.
de:09564:1278	Nürnberg Kraftshof
de:09564:1279	Nürnberg Kraftshof Süd
de:09564:1250	Nürnberg Kranichstr.
de:09564:239	Nürnberg Krelingstr.
de:09564:1254	Nürnberg Krematorium
de:09564:662	Nürnberg Kreutzerstr.
de:09564:1276	Nürnberg Kriegerdenkmal
de:09564:1256	Nürnberg Kriegsopfersiedlung
de:09564:1934	Nürnberg Krottenbach Mitte
de:09564:1933	Nürnberg Krottenbach Nord
de:09564:1996	Nürnberg Kuglerstr.
de:09564:1369	Nürnberg Kurzer Steig
de:09564:462	Nürnberg Köhnstr.
de:09564:1877	Nürnberg Königshof
de:09564:1958	Nürnberg Königshofer Weg
de:09564:1992	Nürnberg Landesgewerbeanstalt
de:09564:531	Nürnberg Landgrabenstr.
de:09564:529	Nürnberg Landgrabenstr. Ü Tram
de:09564:259	Nürnberg Lange Zeile
de:09564:1292	Nürnberg Langer Steig
de:09564:1565	Nürnberg Langwasser Bad
de:09564:1503	Nürnberg Langwasser Nord
de:09564:1507	Nürnberg Langwasser Süd
de:09564:154	Nürnberg Laufer Tor
de:09564:1853	Nürnberg Lausitzer Str.
de:09564:1430	Nürnberg Lechnerstr.
de:09564:1762	Nürnberg Lechstr.
de:09564:1167	Nürnberg Lehrberger Str.
de:09564:1326	Nürnberg Leipziger Platz
de:09564:1385	Nürnberg Leipziger Str.
de:09564:1159	Nürnberg Lenkersheimer Str.
de:09564:606	Nürnberg Leopoldstr.
de:09564:253	Nürnberg Lerchenbühlstr.
de:09564:1155	Nürnberg Leyh Kirche
de:09564:1791	Nürnberg Linzer Str.
de:09564:1359	Nürnberg Loeschweg
de:09564:1286	Nürnberg Lohe
de:09564:1332	Nürnberg Loher Moos
de:09564:1322	Nürnberg Lohestr.
de:09564:1931	Nürnberg Lohhof
de:09564:511	Nürnberg Lorenzkirche
de:09564:541	Nürnberg Lothringer Str.
de:09564:1400	Nürnberg Luftamt Nordbayern
de:09564:443	Nürnberg Luitpoldhain
de:09564:557	Nürnberg Löffelholzstr.
de:09564:1661	Nürnberg Löwenberger Str.
de:09564:503	Nürnberg Maffeiplatz
de:09564:1790	Nürnberg Maiach
de:09564:1212	Nürnberg Marburger Str.
de:09564:1985	Nürnberg Marconistr.
de:09564:454	Nürnberg Marienbader Str.
de:09564:1327	Nürnberg Marienbuck
de:09564:430	Nürnberg Marientor
de:09564:431	Nürnberg Marientunnel
de:09564:559	Nürnberg Markgrafenstr.
de:09564:1390	Nürnberg Martha-Maria-Krkhs.
de:09564:434	Nürnberg Marthastr.
de:09564:1346	Nürnberg Martin-Albert-Str.
de:09564:351	Nürnberg Martinskirche
de:09564:1099	Nürnberg Matthiasstr.
de:09564:1574	Nürnberg Max-Grundig-Platz
de:09564:331	Nürnberg Maxfeld
de:09564:338	Nürnberg Maxfeldstr.
de:09564:701	Nürnberg Maximilianstr.
de:09564:153	Nürnberg Maxtor
de:09564:660	Nürnberg Maybachstr.
de:09564:444	Nürnberg Meistersingerhalle
de:09564:1869	Nürnberg Memminger Str.
de:09564:1328	Nürnberg Merianstr.
de:09564:1502	Nürnberg Messe
de:09564:1309	Nürnberg Michaelstr.
de:09564:1766	Nürnberg Minervaplatz
de:09564:1664	Nürnberg Moorenbrunn
de:09564:1561	Nürnberg Moorenbrunnfeld
de:09564:1274	Nürnberg Moosäckerstr.
de:09564:1102	Nürnberg Muggenhof
de:09564:1438	Nürnberg Mögeldorfer Hauptstr.
de:09564:1949	Nürnberg Mühlfeldstr.
de:09564:240	Nürnberg Mühlgasse
de:09564:1951	Nürnberg Mühlhof
de:09564:1777	Nürnberg Mülheimer Str.
de:09564:1553	Nürnberg Neulandsiedlung
de:09564:1373	Nürnberg Neumeyerstr.
de:09564:1275	Nürnberg Neunhof
de:09564:1242	Nürnberg Neunhof Schule
de:09564:1551	Nürnberg Neuselsbrunn
de:09564:1111	Nürnberg Neusündersbühl Bf
de:09564:554	Nürnberg Nimrodstr.
de:09564:1335	Nürnberg Nordost
de:09564:1372	Nürnberg Nordostpark
de:09564:1380	Nürnberg Nordostpark Mitte
de:09564:1398	Nürnberg Nordostpark Ost
de:09564:1397	Nürnberg Nordostpark Wende
de:09564:275	Nürnberg Nordwestring
de:09564:1362	Nürnberg Nuschelbergweg
de:09564:1552	Nürnberg Nötteleinweg
de:09564:730	Nürnberg Obere Turnstr.
de:09564:1662	Nürnberg Oelser Str.
de:09564:1232	Nürnberg Offenbacher Str.
de:09564:1361	Nürnberg Ohrwaschelweg
de:09564:505	Nürnberg Opernhaus
de:09564:1774	Nürnberg Oskar-v.-Miller-Str.
de:09564:1310	Nürnberg Ost
de:09564:1154	Nürnberg Oststr.
de:09564:453	Nürnberg Passauer Str.
de:09564:1344	Nürnberg Paul-Moor-Schule
de:09564:1364	Nürnberg Paulusstein
de:09564:1654	Nürnberg Pellerschloss
de:09564:437	Nürnberg Peterskirche
de:09564:1939	Nürnberg Piccoloministr.
de:09564:1887	Nürnberg Pillenreuth
de:09564:555	Nürnberg Platenstr.
de:09564:1341	Nürnberg Platnersberg
de:09564:445	Nürnberg Platz d. Opfer d. F.
de:09564:704	Nürnberg Plärrer
de:09564:706	Nürnberg Plärrer Ost
de:09564:1917	Nürnberg Pommernstr./BBW
de:09564:1577	Nürnberg Poststr.
de:09564:1587	Nürnberg Poststr. Wende
de:09564:1942	Nürnberg Prager Str.
de:09564:1783	Nürnberg Preßburger Str.
de:09564:1876	Nürnberg Propsteistr.
de:09564:1465	Nürnberg Prutzstr.
de:09564:1981	Nürnberg Püttlachweg
de:09564:1262	Nürnberg Quellweg
de:09564:1974	Nürnberg Rangaustr.
de:09564:152	Nürnberg Rathaus
de:09564:332	Nürnberg Rathenauplatz
de:09564:323	Nürnberg Rathenauplatz Süd
de:09564:1660	Nürnberg Raudtener Str.
de:09564:1173	Nürnberg Regelsbacher Str.
de:09564:1449	Nürnberg Regensburger Str.
de:09564:1940	Nürnberg Reichelsd. Hauptstr.
de:09564:1952	Nürnberg Reichelsdorf Süd
de:09564:340	Nürnberg Rennweg
de:09564:1272	Nürnberg Reutles
de:09564:1303	Nürnberg Reutleser Str.
de:09564:1982	Nürnberg Rezatweg
de:09564:1787	Nürnberg Rheinstr.
de:09564:1151	Nürnberg Richard-Wagner-Str.
de:09564:350	Nürnberg Rollnerstr./Nordring
de:09564:425	Nürnberg Rosa-Luxemburg-Pl.
de:09564:1871	Nürnberg Roter Bühl
de:09564:1308	Nürnberg Rotfuchsstr.
de:09564:1163	Nürnberg Rothenb./Sigmundstr.
de:09564:710	Nürnberg Rothenburger Straße
de:09564:1171	Nürnberg Rothenburger/V.d.Tann-Str.
de:09564:1760	Nürnberg Rotterdamer Str.
de:09564:1306	Nürnberg Röhrichtweg
de:09564:1966	Nürnberg Röthenb. Hauptstr.
de:09564:1970	Nürnberg Röthenbach
de:09564:255	Nürnberg Röthensteig
de:09564:1881	Nürnberg Röthestr.
de:09564:1756	Nürnberg Saarbrückener Str.
de:09564:1671	Nürnberg Saganer Str.
de:09564:651	Nürnberg Sandreuthstr.
de:09564:1375	Nürnberg Schafhofstr.
de:09564:1504	Nürnberg Scharfreiterring
de:09564:438	Nürnberg Scharrerstr.
de:09564:1456	Nürnberg Schedelstr.
de:09564:1158	Nürnberg Scheinfelder Str.
de:09564:1863	Nürnberg Schenkendorfstr.
de:09564:442	Nürnberg Scheurlstr.
de:09564:1153	Nürnberg Schieräckerstr.
de:09564:356	Nürnberg Schillerplatz
de:09564:1368	Nürnberg Schleifweg
de:09564:1295	Nürnberg Schleswiger Str.
de:09564:1267	Nürnberg Schmalau
de:09564:1971	Nürnberg Schnelldorfer Str.
de:09564:1296	Nürnberg Schnepfenreuth
de:09564:1251	Nürnberg Schniegling
de:09564:354	Nürnberg Schopenhauerstr.
de:09564:341	Nürnberg Schoppershof
de:09564:543	Nürnberg Schuckertstr.
de:09564:1962	Nürnberg Schulzentr. Südwest
de:09564:1961	Nürnberg Schußleitenweg
de:09564:1752	Nürnberg Schwander Str.
de:09564:536	Nürnberg Schweiggerstr.
de:09564:1233	Nürnberg Schweinfurter Str.
de:09564:1367	Nürnberg Schwendengarten
de:09564:1290	Nürnberg Schweriner Str.
de:09564:364	Nürnberg Sebastianspital
de:09564:1337	Nürnberg Senefelderstr.
de:09564:1374	Nürnberg Sieboldstr.
de:09564:1399	Nürnberg Sieboldstr. Schleife
de:09564:1433	Nürnberg Siedlerstr.
de:09564:1363	Nürnberg Siedlungswerk
de:09564:542	Nürnberg Siemensstr.
de:09564:1873	Nürnberg Sigmund-Freud-Str.
de:09564:1973	Nürnberg Sinbronner Str.
de:09564:1945	Nürnberg Skopjestr.
de:09564:1921	Nürnberg Solnhofener Str.
de:09564:1246	Nürnberg Sonntagsweg
de:09564:1209	Nürnberg Spessartstr.
de:09564:1387	Nürnberg Spitalhof
de:09564:1452	Nürnberg Sportanlage FCN
de:09564:1647	Nürnberg Sportanlage Fischbach
de:09564:1769	Nürnberg Sportplatz Süd
de:09564:1670	Nürnberg Sprottauer Str.
de:09564:237	Nürnberg St. Johannisfriedhof
de:09564:602	Nürnberg St. Leonhard
de:09564:330	Nürnberg Stadtpark
de:09564:329	Nürnberg Stadtpark Schleife
de:09564:1990	Nürnberg Stein Schloss
de:09564:1268	Nürnberg Steinacher Str.
de:09564:1879	Nürnberg Steinbrüchlein
de:09564:1339	Nürnberg Steinplattenweg
de:09564:420	Nürnberg Stephanstr.
de:09564:1371	Nürnberg Stirnerstr.
de:09564:1874	Nürnberg Stockweiher
de:09564:1857	Nürnberg Strawinskystr.
de:09564:556	Nürnberg Straßburger Str.
de:09564:334	Nürnberg Stresemannplatz
de:09564:1663	Nürnberg Streubuck
de:09564:1321	Nürnberg Sylter Str.
de:09564:1757	Nürnberg Südfriedhof
de:09564:1994	Nürnberg Südwestpark
de:09564:1120	Nürnberg Sündersbühl
de:09564:1338	Nürnberg Tafelhalle
de:09564:1389	Nürnberg Tattersall
de:09564:1972	Nürnberg Tauberstr.
de:09564:336	Nürnberg Tauroggenstr.
de:09564:366	Nürnberg Technische Hochschule
de:09564:353	Nürnberg Tellstr.
de:09564:1384	Nürnberg Teutoburger Str.
de:09564:359	Nürnberg TH Nürnberg
de:09564:1383	Nürnberg Theresienkrankenhaus
de:09564:1578	Nürnberg Thomas-Mann-Str.
de:09564:1293	Nürnberg Thon
de:09564:1356	Nürnberg Thuisbrunner Str.
de:09564:1340	Nürnberg Thumenberger Weg
de:09564:1434	Nürnberg Tiergarten
de:09564:233	Nürnberg Tiergärtnertor
de:09564:1986	Nürnberg Tillystr.
de:09564:562	Nürnberg Tiroler Str.
de:09564:1765	Nürnberg Trafowerk
de:09564:1748	Nürnberg Trafowerk/Gelände
de:09564:1793	Nürnberg Triester Str. Nord
de:09564:1794	Nürnberg Triester Str. Süd
de:09564:547	Nürnberg Tristanstraße
de:09564:1157	Nürnberg Tuchenbacher Str.
de:09564:1350	Nürnberg Tucherhof
de:09564:1571	Nürnberg Tucholskystr.
de:09564:428	Nürnberg Tullnau
de:09564:429	Nürnberg Tullnaupark
de:09564:1983	Nürnberg Uffenheimer Str.
de:09564:460	Nürnberg Untere Baustr.
de:09564:1499	Nürnberg Untersbergstr.
de:09564:1453	Nürnberg Valznerweiher
de:09564:397	Nürnberg Veilhofstr.
de:09564:1175	Nürnberg Vershofenstr.
de:09564:1161	Nürnberg Virnsberg.Str. Wende
de:09564:1160	Nürnberg Virnsberger Str.
de:09564:558	Nürnberg Vogelweiherstr.
de:09564:465	Nürnberg Volksfestplatz
de:09564:1668	Nürnberg Von-Soden-Str.
de:09564:1850	Nürnberg Vorjurastr.
de:09564:1772	Nürnberg Wacholderweg
de:09564:1358	Nürnberg Waldarbeitsschule
de:09564:652	Nürnberg Waldaustr.
de:09564:1317	Nürnberg Waldemar-Klink-Str.
de:09564:1405	Nürnberg Waldherrenstr.
de:09564:1455	Nürnberg Waldlust
de:09564:1464	Nürnberg Waldstr.
de:09564:1923	Nürnberg Waldstromerstr.
de:09564:1302	Nürnberg Walter-Braun-Str.
de:09564:1247	Nürnberg Wehrenreuthweg
de:09564:1875	Nürnberg Weiherhaus
de:09564:1348	Nürnberg Weiherhauser Str.
de:09564:148	Nürnberg Weintraubengasse
de:09564:101	Nürnberg Weißer Turm
de:09564:1392	Nürnberg Weißer Weg
de:09564:1666	Nürnberg Welfenstr.
de:09564:1554	Nürnberg Werkvolksiedlung
de:09564:1795	Nürnberg Wertachstr.
de:09564:1304	Nürnberg Wertheimer Str.
de:09564:251	Nürnberg Westfriedh. Kreuzung
de:09564:235	Nürnberg Westfriedhof
de:09564:760	Nürnberg Westpark
de:09564:1258	Nürnberg Wetzendorf Ost
de:09564:1257	Nürnberg Wetzendorf West
de:09564:1245	Nürnberg Wetzlarer Str.
de:09564:546	Nürnberg Widhalmstr.
de:09564:1289	Nürnberg Wilhelmshavener Str.
de:09564:1993	Nürnberg Willstätterstr.
de:09564:545	Nürnberg Wodanstr.
de:09564:1446	Nürnberg Wohnanl.Regensb.Str.
de:09564:1436	Nürnberg Wohnstift a. T.
de:09564:1740	Nürnberg Worzeld. Feuerwehrh.
de:09564:1864	Nürnberg Worzeldorf Hauptstr.
de:09564:1867	Nürnberg Worzeldorf Schule
de:09564:1731	Nürnberg Worzeldorfer Str.
de:09564:337	Nürnberg Wurzelbauerstr.
de:09564:360	Nürnberg Wöhrd
de:09564:333	Nürnberg Wöhrder Wiese
de:09564:1576	Nürnberg Zeppelinstr.
de:09564:1457	Nürnberg Zerzabelshof Mitte
de:09564:1445	Nürnberg Zerzabelshof Ost
de:09564:1320	Nürnberg Ziegelstein
de:09564:1330	Nürnberg Ziegelstein Nord
de:09564:1331	Nürnberg Ziegelstein Süd
de:09564:1323	Nürnberg Ziegelstein Wende
de:09564:1463	Nürnberg Ziegenstr.
de:09564:1786	Nürnberg Zollamt-Hafen
de:09564:1549	Nürnberg Zollhaus Gaststätte
de:09564:1569	Nürnberg Zuckmayerweg
de:09564:1360	Nürnberg Zum Felsenkeller
de:09564:1657	Nürnberg Zum Schüsselstein
de:09564:661	Nürnberg Zweibrückener Str.
de:09564:1964	Nürnberg Zwieselbachweg
de:09564:1168	Nürnberg Züricher Str.
de:09564:1162	Nürnberg Äußere Buttendorfer Str.
de:09564:1612	Nürnberg, Bf Fischbach (Wende)
de:09564:435	Nürnberg, Business Tower
de:09564:1393	Nürnberg, Dr.-Carlo-Schmid-Str
de:09564:1915	Nürnberg, Eibach Bf/Hafenstr.
de:09564:1918	Nürnberg, Eichstätter Platz
de:09564:1581	Nürnberg, Herzogstr.
de:09564:659	Nürnberg, Industriestraße
de:09564:658	Nürnberg, Jaeckelstraße
de:09564:601	Nürnberg, Schweinau (U-Bahn)
de:09564:1510	Nürnberg-Dutzendteich
de:09564:441	Nürnberg-Dutzendteich (Tram, Bus)
de:09564:427	Nürnberg-Dürrenhof
de:09564:1913	Nürnberg-Eibach
de:09564:1311	Nürnberg-Erlenstegen
de:09564:411	Nürnberg-Gleißhammer
de:09564:1412	Nürnberg-Laufamholz
de:09564:1431	Nürnberg-Mögeldorf
de:09564:451	Nürnberg-Ostring
de:09564:1411	Nürnberg-Rehhof
de:09564:1912	Nürnberg-Reichelsdorf
de:09564:611	Nürnberg-Sandreuth
de:09564:610	Nürnberg-Schweinau
de:09564:1910	Nürnberg-Stein
de:09564:620	Nürnberg-Steinbühl
de:09373:17510	Ob. Braunshof (b. Freystadt)
de:09678:27344	Obbach Abzw. Sömmersdörfer Str.
de:09678:27345	Obbach Aschenbau
de:09678:27347	Obbach Schweinfurter Str. 35
de:09678:27734	Obbach Siedlung
de:09577:16171	Obenbrunn
de:09574:7905	Oberachtel (b. Simmelsdorf)
de:09371:19171	Oberadlhof
de:09571:11793	Oberahorn Aussiedlerhof
de:09571:11795	Oberahorn Katzenhof
de:09571:11794	Oberahorn Ort
de:09374:80726	Oberaichamühle, Abzw.
de:09472:23091	Oberailsfeld
de:09472:23092	Oberailsfeld Ab. Eichenbirkig
de:09472:23095	Oberailsfeld Ailsbachtal
de:09472:23101	Oberailsfeld Fa. Kohlmann
de:09572:6839	Oberalbach
de:08136:1509	Oberalfingen Hirtengasse
de:08136:1510	Oberalfingen Kellerhaus
de:09575:14738	Oberaltenbernheim
de:09571:13417	Oberampfrach Auhof
de:09571:13419	Oberampfrach Eichenrain
de:09571:13418	Oberampfrach Ort
de:09577:16834	Oberappenberg
de:09573:5611	Oberasbach
de:09577:16207	Oberasbach (b. Gun) Siedlung
de:09577:16176	Oberasbach (b. Gunzenhausen)
de:09573:5661	Oberasbach A.-Dürer-Pl.
de:09573:5665	Oberasbach A.-Dürer-Str.
de:09573:5644	Oberasbach Abzw. Linder Weg
de:09573:5615	Oberasbach Bahnhof Nord
de:09573:5646	Oberasbach Banater Str.
de:09573:5666	Oberasbach Bucherstr.
de:09573:5662	Oberasbach Fichtelstr.
de:09573:5648	Oberasbach Gymn.-Wendeschl.
de:09573:5649	Oberasbach Gymnasium
de:09573:5670	Oberasbach Humboldtstr.
de:09573:5620	Oberasbach Kirche
de:09573:5663	Oberasbach Leipziger Pl.
de:09573:5621	Oberasbach Oberer Locher Weg
de:09573:5625	Oberasbach Ottostr.
de:09573:5664	Oberasbach Rathaus
de:09573:5669	Oberasbach Willy-Brandt-Platz
de:09573:5616	Oberasbach, Bahnhof Süd
de:09273:324	Oberau, Schulerloch
de:09472:23116	Oberaufseß
de:09565:4259	Oberbaimbach
de:09374:7163	Oberbaumühle
de:09374:3765	Oberbibrach
de:09374:15712	Oberbibrach, Vorbacher Str.
de:09375:1012	Oberbirnbach
de:09571:12628	Oberbreitenau
de:09576:8686	Oberbreitenlohe
de:09377:7573	Oberbruck
de:09478:27631	Oberbrunn
de:09478:27632	Oberbrunn Aussiedlerhof
de:09376:294	Oberbuch, Gh Graf
de:09373:17427	Oberbuchfeld
de:09573:5765	Oberbüchlein
de:09373:17474	Oberbürg Kapelle
de:09571:13164	Oberdachst. Uffenheimer Str.
de:09571:13160	Oberdachstetten
de:09571:13162	Oberdachstetten Hauptstr.
de:09571:13163	Oberdachstetten Rezatbrücke
de:09571:13165	Oberdachstetten Schule
de:09571:13161	Oberdachstetten Sparkasse
de:09571:11829	Oberdallersbach
de:08127:30010	Oberdeufstetten Abzw.
de:09176:8961	Oberdolling, Bahnhofstr.
de:09176:8199	Oberdolling, Hauptstraße
de:09176:8197	Oberdolling, St Lorenzi
de:09176:8200	Oberdolling, Tollostraße
de:09176:8192	Oberdolling, Weißendorfer Str.
de:09561:11411	Oberdombach
de:08136:4227	Oberdorf
de:08136:4253	Oberdorf Einkaufszentrum
de:08136:4228	Oberdorf Grüner Baum
de:08136:4255	Oberdorf Panoramastraße
de:08136:4233	Oberdorf Turnhalle
de:08136:4254	Oberdorf Vobühlweg
de:08136:4256	Oberdorf Ölmühle
de:09477:80089	Oberdornlach
de:09186:8416	Oberdünzing, Ziegeleistraße
de:09577:16575	Obere Haardt Bushaltestelle
de:09577:16576	Obere Haardt Opitsch
de:09479:9516	Obere Wurmloh
de:09474:9715	Oberehrenbach Kirchplatz
de:09474:9716	Oberehrenbach Siedlung
de:09561:11414	Obereichenb. Alte Reichsstr.
de:09561:11415	Obereichenbach Dorfstr.
de:09561:11417	Obereichenbach Hauptstr.
de:09561:11418	Obereichenbach Schule
de:09176:8287	Obereichstätt, Ort
de:09176:8286	Obereichstätt, Ost
de:09176:8726	Obereichstätt, Trafohäuschen
de:09375:338	Obereinbuch
de:09679:4046	Obereisenheim Mainfähre
de:09473:15309	Oberelldorf B 303
de:09473:15308	Oberelldorf Seßlacher Straße
de:09176:8265	Oberemmendorf, Kapelle
de:09373:17512	Oberer Kiesenhof
de:09577:16491	Obererlbach Abzw. Spalt
de:09577:16494	Obererlbach Forsthaus
de:09577:16489	Obererlbach Mühlweg
de:09678:75034	Obereuerheim
de:09273:81070	Obereulenbach
de:09273:1023	Oberfecking, Dorfstr.
de:09371:18838	Oberfeld
de:09575:14698	Oberfeldbrecht
de:09571:12289	Oberfelden
de:09474:9919	Oberfellendorf
de:09574:7370	Oberferrieden
de:09574:7369	Oberferrieden Mitte
de:09574:7386	Oberferrieden Süd
de:09574:7384	Oberferrieden Westendstr.
de:09563:2661	Oberfürb. Graf-Stauffenb.-Br.
de:09563:2662	Oberfürb. Heilstättens.
de:09563:2663	Oberfürberg
de:09563:2681	Oberfürberg Adalb.-Stifter-Str
de:09563:2683	Oberfürberg Rennweg
de:09563:2665	Oberfürberg Spechtweg
de:09563:2666	Oberfürberg Stadtförsterei
de:09563:2667	Oberfürberg Waldkrankenh.
de:09471:21236	Obergreuth Abzw. Untergreuth
de:09471:21237	Obergreuth Ortsmitte
de:09471:21500	Oberhaid
de:09471:21503	Oberhaid Abzw. Blumenstr.
de:09471:21501	Oberhaid Bamberger Str. -17-
de:09471:21502	Oberhaid Bamberger Str. -20-
de:09471:21505	Oberhaid Dr.-Hau-Platz
de:09475:80483	Oberhaid, Abzw
de:09574:7522	Oberhaidelbach Feuerwehrhaus
de:09574:7521	Oberhaidelbach Hauptstr.
de:09577:16170	Oberhambach
de:09374:15711	Oberhammermühle
de:09571:11965	Oberhard, Abzw. Oberhard
de:09471:20982	Oberharnsbach
de:09278:2815	Oberhaselbach
de:09472:22699	Oberhauenstein
de:09161:8025	Oberhaunstadt, Dorfplatz
de:09161:7538	Oberhaunstadt, Friedhof
de:09161:7418	Oberhaunstadt, Schulbus
de:09576:8480	Oberheckenhofen Ort
de:09571:12291	Oberhegenau
de:09373:17863	Oberhembach
de:09571:12822	Oberheßbach Mitte
de:09375:339	Oberhinkofen
de:09375:921	Oberhinkofen Hochweg
de:09571:11796	Oberhinterhof
de:09577:16086	Oberhochstatt Oberes Dorf
de:09577:16087	Oberhochstatt Unteres Dorf
de:09371:19271	Oberhof (b. Ursensollen)
de:09376:383	Oberhof bei Teublitz
de:09273:338	Oberhofen, Ortsmitte
de:09674:27361	Oberhohenried
de:09575:14193	Oberhöchstädt
de:09472:23975	Oberhöhlmühle
de:09575:14701	Oberickelsheim
de:09375:1013	Oberirading
de:09362:14067	Oberisling
de:08136:5106	Oberk. Heckenrosenweg
de:09571:12797	Oberkemmathen Mitte
de:09371:18661	Oberklausen
de:08136:5127	Oberkochen Aalener Straße
de:08136:5125	Oberkochen Abzw. Wiesenweg
de:08136:5123	Oberkochen B19
de:08136:5113	Oberkochen Bahnhof
de:08136:5100	Oberkochen Brunnenhalde Mitte
de:08136:5101	Oberkochen Brunnenhalde/Volkmarsbergstr
de:08136:5102	Oberkochen Dreißentalschule
de:08136:5103	Oberkochen Fa. Zeiss / Tor 2
de:08136:5124	Oberkochen Gewerbegebiet Süd
de:08136:5120	Oberkochen Goethestr./Gymn.
de:08136:5104	Oberkochen Goethestraße
de:08136:5105	Oberkochen Gymnasium
de:08136:5111	Oberkochen Heidenheimer Straße
de:08136:5112	Oberkochen Katzenbachstraße
de:08136:5119	Oberkochen Langertstraße
de:08136:5115	Oberkochen Rathaus
de:08136:5116	Oberkochen Röchlingstraße
de:08136:5117	Oberkochen Sonne
de:08136:5118	Oberkochen Stadtmitte
de:08136:5114	Oberkochen Süd
de:08136:5122	Oberkochen Zeiss Haupttor
de:08136:5121	Oberkochen Zeiss Parkplatz
de:09462:22393	Oberkonnersreuth Filchnerstr.
de:09462:22395	Oberkonnersreuth Hauptstr.
de:09462:22391	Oberkonnersreuth Ortsmitte
de:09462:22397	Oberkonnersreuth Storchennest
de:09574:7487	Oberkrumbach Ort
de:09561:11367	Oberkäferbach
de:09376:7383	Oberköblitz, Brückenstr.
de:09376:8174	Oberköblitz, Hauptstr.
de:09376:80387	Oberköblitz, Schule
de:09571:12126	Oberkönigshofen
de:09471:21555	Oberköst
de:09478:27633	Oberküps
de:09375:1083	Oberlaichling
de:09575:14819	Oberlaimbach Kirche
de:09575:14818	Oberlaimbach Mitte
de:09476:15490	Oberlangenstadt Alte Poststr.
de:09476:15489	Oberlangenstadt B 173
de:09476:15495	Oberlangenstadt Ortsmitte
de:09476:15480	Oberlangenstadt Süd
de:09478:27143	Oberlangheim
de:09678:27362	Oberlauringen Raiffeisenbank
de:09678:5548	Oberlauringen Schulbushaltestelle
de:09273:81091	Oberleierndorf, Feuerwehrhaus
de:09273:806	Oberleierndorf, Kirche
de:09273:3538	Oberleierndorf, Ort
de:09471:21339	Oberleinleiter
de:09371:19260	Oberleinsiedl
de:09471:21875	Oberleiterbach
de:08136:4515	Oberlengenfeld
de:09374:80723	Oberlenkenreuth
de:09572:6879	Oberlindach
de:09474:9617	Oberlindelbach
de:09574:7881	Oberlindelburg Lindelburg
de:09574:7882	Oberlindelburg Ost
de:09565:4561	Obermainbach
de:09565:4565	Obermainbach Süd
de:09273:2244	Obermantelkirchen
de:09576:8477	Obermauk
de:09471:21681	Obermelsendorf
de:09572:6550	Obermembach
de:09674:7419	Obermerzbach
de:09573:5242	Obermichelb. (FÜ)  Pfefferloh
de:09573:5243	Obermichelb.(FÜ) Bürgerhalle
de:09573:5240	Obermichelbach (Lkr. FÜ) Nord
de:09571:13821	Obermichelbach/Wittelshof. Ort
de:09571:12321	Obermosbach
de:09576:8535	Obermässing Hagenbucher Str.
de:09576:8536	Obermässing Kreuzung
de:09576:8537	Obermässing Schule
de:09576:8538	Obermässing Österberger Str.
de:09571:13524	Obermögersheim Gh Gebert
de:09571:13523	Obermögersheim Kirche
de:09371:18653	Obermühle (bei Hirschbach)
de:09574:7495	Obermühle b. Kirchensittenbach
de:09675:29416	Obernbreit Rathaus,Obernbreit
de:09176:8730	Oberndorf
de:09371:18353	Oberndorf (b. Edelsfeld)
de:09373:17538	Oberndorf (b. Freystadt)
de:09571:12629	Oberndorf (b. Geslau)
de:09575:14494	Oberndorf (b. Ipsheim)
de:09477:80092	Oberndorf (b. Kulmbach)
de:09574:7614	Oberndorf (b. Offenhausen)
de:09571:13223	Oberndorf (b. Ornbau)
de:09471:21546	Oberndorf (b. Pommersf.)
de:09577:16562	Oberndorf b. Höttingen
de:09377:7549	Oberndorf bei Kemnath
de:09274:3576	Oberndorf bei Neufahrn
de:09376:80286	Oberndorf bei Wernberg-Köblitz
de:09273:1887	Oberndorf, Flußmeisterei
de:09176:8651	Oberndorf, Gh Lauerer
de:09273:1886	Oberndorf, Gh. Vocht
de:09273:751	Oberndorf, Kirche
de:09574:7917	Oberndorf/Simmelsd. Zur Leite
de:09574:7918	Oberndorf/Simmelsdorf Dorfpl.
de:09575:14039	Obernesselbach
de:09471:21714	Oberneuses
de:09471:21351	Oberngrub
de:09575:14317	Oberniederndorf
de:09373:17539	Obernricht (b. Freystadt)
de:09472:23690	Obernsees Hackenleite
de:09472:23691	Obernsees Mitte
de:09472:23692	Obernsees Ortseingang
de:09472:23694	Obernsees Sparkasse
de:09472:23693	Obernsees Staatsstr.
de:09472:23695	Obernsees Therme
de:09575:14067	Oberntief
de:09575:14721	Obernzenn Am Plärrer
de:09575:14724	Obernzenn Hölzleinsmühle
de:09575:14723	Obernzenn Schule
de:09471:21879	Oberoberndorf
de:09571:12356	Oberoestheim Abzw. Aussiedler
de:09571:12354	Oberoestheim Gailnauerstr.
de:09571:12355	Oberoestheim Waage
de:09176:8093	Oberoffendorf, Abzw.
de:09375:345	Oberpfraundorf
de:09679:3275	Oberpleichfeld An der Weth
de:09679:3270	Oberpleichfeld Ort
de:09462:22407	Oberpreuschwitz Am Berg
de:09462:22405	Oberpreuschwitz Mitte
de:09462:22411	Oberpreuschwitz Ost
de:09462:22413	Oberpreuschwitz West
de:09477:80093	Oberpurbach
de:09571:12974	Oberrammersdorf
de:09571:12916	Oberramstadt
de:09571:11830	Oberransbach
de:09572:6704	Oberreichenb/ERH Am Spitzacker
de:09573:5226	Oberreichenbach (b. Großhab.)
de:09576:8597	Oberreichenbach (b. Kammerst.)
de:09572:6701	Oberreichenbach/ERH Hauptstr.
de:09572:6703	Oberreichenbach/ERH Siedlung
de:09779:6778	Oberreimlingen
de:09375:1697	Oberreiselberg Abzw.
de:09373:17155	Oberried
de:09574:7252	Oberrieden (b. Altdorf)
de:09574:7263	Oberrieden b. Altdorf Ost
de:08136:4234	Oberriffingen Abzw.
de:08136:2487	Oberriffingen Am Anger
de:09575:14169	Oberrimbach
de:09373:17326	Oberrohrenstadt
de:09571:12548	Oberrosenbach
de:09575:14245	Oberroßbach (b. Dietersheim)
de:09576:8238	Oberrödel
de:09474:9616	Oberrüsselbach Ort
de:09575:14234	Obersachsen
de:09375:347	Obersanding
de:09475:80808	Obersauerhof
de:09371:19445	Oberschalkenbach
de:09273:313	Oberschambach, Kirche
de:09571:13206	Oberscheckenbach Ort
de:09571:13207	Oberscheckenbach Schule
de:09575:14753	Oberscheinfeld Erlabr. Str.
de:09575:14752	Oberscheinfeld Post
de:09575:14754	Oberscheinfeld Rathaus
de:09575:14755	Oberscheinfeld Scharfeneckstr.
de:09575:14751	Oberscheinfeld Schloßmühlenweg
de:09674:27363	Oberschleichach
de:09273:81092	Oberschneidhart
de:09273:784	Oberschneidhart, Kreisstr.
de:09571:13503	Oberschwaningen Ortsmitte
de:09674:7409	Oberschwappach Ortsmitte
de:09674:75095	Oberschwappach, Kirche
de:09678:27698	Oberschwarzach
de:09678:25741	Oberschwarzach Feuerwehrhaus
de:09678:25740	Oberschwarzach Vorstadt
de:09678:75413	Oberschwarzach, Volksschule
de:09575:14035	Oberschweinach
de:09572:6246	Oberschöllenbach Lechstr.
de:09572:6245	Oberschöllenbach Ort
de:09571:12055	Oberschönau
de:09571:12733	Oberschönbronn
de:09371:18113	Obersdorf
de:09478:27674	Obersdorf (Lkr. LIF)
de:09371:18136	Obersdorf Abz. Schützenheim
de:09371:18110	Obersdorf Schützenheim
de:09374:9942	Obersdorf, B22
de:09374:7217	Obersee
de:09473:16349	Obersiemau Birkacher Str.
de:09473:15186	Obersiemau CO 28
de:09678:27365	Oberspiesheim Ortsmitte
de:09678:27366	Oberspiesheim Siedlung
de:09471:21147	Obersteinach
de:09376:3841	Obersteinbach
de:09371:18631	Obersteinbach (b. Hirschau)
de:09575:14647	Obersteinbach (b. M.Taschend.)
de:09576:8094	Obersteinbach a.d.H. (b.Roth)
de:09576:8322	Obersteinbach ob Gmünd
de:09674:27367	Obersteinbach Ortsausgang
de:09575:14041	Oberstrahlbach
de:09571:12825	Obersulzbach
de:09575:14649	Obertaschendorf
de:09273:265	Oberteuerting, Abzw Kreisstr.
de:09273:261	Oberteuerting, Ortsmitte
de:09674:27369	Obertheres Bahnhof
de:09674:27833	Obertheres Pfarrgasse
de:09674:5824	Obertheres Schule
de:09462:22418	Oberthiergarten
de:09479:10077	Oberthölau
de:09375:351	Obertr. Ernst-Frenzel-Straße
de:09375:353	Obertr.Abzw.Niedertr.Ri.Neutr.
de:09375:565	Obertraubling
de:09375:1068	Obertraubling Am Bergacker
de:09375:350	Obertraubling Edekastr.
de:09375:702	Obertraubling Gewerbegebiet
de:09375:703	Obertraubling Grundschule
de:09375:13050	Obertraubling Kirche
de:09375:13045	Obertraubling Kreuzung B15
de:09375:905	Obertraubling Mühlenweg
de:09375:352	Obertraubling Sparkasse
de:09374:16894	Obertreinreuth
de:09474:9721	Obertrubach
de:09474:9733	Obertrubach Gemeindeamt
de:09474:9722	Obertrubach Neudorfer Str.
de:09273:1996	Oberulrain
de:09575:14593	Oberulsenbach
de:09675:29670	Obervolkach
de:09274:81255	Obervorholzen
de:09472:23238	Oberwaiz Am Anger
de:09472:23236	Oberwaiz Am Schnapper
de:09373:17303	Oberwall
de:09377:7577	Oberwappenöst, Abzw
de:09472:23886	Oberwarmensteinach Fwh
de:09472:23887	Oberwarmensteinach Liftanlagen
de:09373:17971	Oberweickenhof
de:09573:5783	Oberweihersb. Gutzberger Str.
de:09573:5761	Oberweihersb. Locher Str.
de:09573:5762	Oberweihersbuch
de:09573:5781	Oberweihersbuch Höhenweg
de:09573:5782	Oberweihersbuch Zur Linde
de:09471:21148	Oberweiler (b. Burgwindheim)
de:09474:9852	Oberweilersb. Sportplatzstr.
de:09474:9850	Oberweilersbach Festplatz
de:09474:9851	Oberweilersbach Mitte
de:09373:17972	Oberweiling
de:09371:19341	Oberweißenbach
de:09574:7253	Oberwellitzleithen
de:09678:75010	Oberwerrn
de:09678:75225	Oberwerrn Bergstraße (Siedlung)
de:09678:27375	Oberwerrn Rhönstraße
de:09678:75226	Oberwerrn Schule
de:09678:75424	Oberwerrn, Am Bonland
de:09678:75425	Oberwerrn, Kirche
de:09373:17973	Oberwiesenacker
de:09374:15680	Oberwildenau, Fichtenstr.
de:09374:7376	Oberwildenau, Naabweg
de:08136:5706	Oberwilflingen
de:09572:6811	Oberwinterbach
de:09577:16179	Oberwurmbach Mitte
de:09186:8539	Oberwöhr, B16a
de:09571:13848	Oberwörnitz
de:09477:3718	Oberzaubach
de:09474:9828	Oberzaunsbach
de:09176:8546	Oberzell, Ortsmitte
de:09477:4081	Oberzettlitz
de:09377:15807	Oberölbühl
de:09373:17301	Oberölsbach
de:09472:23259	Oberölschnitz
de:09472:23262	Oberölschnitz Kreisstr.
de:09478:27866	Obristfeld
de:09574:7870	Ochenbruck
de:09574:7868	Ochenbruck Industriegebiet
de:09574:7867	Ochenbruck Rathaus
de:08135:1447	Ochsenberg Linde
de:08135:1450	Ochsenberg Rathaus
de:08135:1453	Ochsenberg Weiler
de:09176:8310	Ochsenfeld, Kirche
de:09679:5020	Ochsenfurt
de:09679:3266	Ochsenfurt Berufsschule
de:09679:3252	Ochsenfurt Bärental
de:09679:99013	Ochsenfurt Frickenhäuser Str.
de:09679:3254	Ochsenfurt J.-Fesel-Straße
de:09679:3255	Ochsenfurt Mainklinik
de:09679:4103	Ochsenfurt Marktbreiter Straße
de:09679:4104	Ochsenfurt Post
de:09679:3267	Ochsenfurt Realschule
de:09679:4098	Ochsenfurt Schwimmbad
de:09679:3258	Ochsenfurt Uffenheimer Straße
de:09679:5021	Ochsenfurt Volksschule
de:09577:16694	Ochsenhart
de:09572:6812	Ochsenschenkel
de:09371:19386	Oed (b. Weigendorf)
de:09374:3804	Oed, Haus Nr. 2
de:09574:7082	Oedenberg
de:09573:5178	Oedenreuth B 14
de:09573:5179	Oedenreuth Wartehaus
de:09373:17785	Oedenthurn
de:09572:6243	Oedhof
de:09475:80584	Oelschnitz
de:09373:17247	Oening
de:09672:75199	Oerlenbach
de:09672:27376	Oerlenbach Hauptstraße
de:09474:9521	Oesdorf Gh. zur Krone
de:09474:9522	Oesdorf Kirche
de:09474:9529	Oesdorf Siedlerstr.
de:09779:7236	Oettingen (Bay)
de:09779:6504	Oettingen, B466 (Leinfelder)
de:09779:6624	Oettingen, Gasthof Sonne
de:09779:6483	Oettingen, Gymnasium
de:09779:6740	Oettingen, Kindergarten
de:09779:6738	Oettingen, Krankenhaus
de:09779:6741	Oettingen, Mittelschule
de:09779:6481	Oettingen, Zeil
de:08127:22513	Ofenbach Abzw.
de:09576:8872	Offenbau Eysöldener Str.
de:09576:8889	Offenbau Kirche
de:09576:8908	Offenbau Kirche -2-
de:09576:8909	Offenbau Siedlung
de:09576:8910	Offenbau Siedlung -2-
de:09176:8212	Offendorf
de:09574:7605	Offenhausen Fa. Dauphin
de:09574:7601	Offenhausen Mitte
de:09574:7603	Offenhausen Schule
de:09273:854	Offenstetten, Hofmark/A Am Schmied
de:09273:820	Offenstetten, Hofmark/A Zollner
de:09273:789	Offenstetten, Kreitmayr/A Raiffeis
de:09273:2415	Offenstetten, Vitusplatz
de:09373:17540	Ohausen
de:09576:8891	Ohlangen
de:08136:4924	Ohmenheim Dorfplatz
de:08136:4925	Ohmenheim Kanne
de:08136:4926	Ohmenheim Schule
de:08136:4927	Ohmenheim Siedlung
de:09371:18161	Ohrenbach (b. Auerbach)
de:09571:13191	Ohrenbach (Lkr. AN)
de:09373:17974	Ollertshof
de:08136:1922	Onatsfeld
de:08136:1923	Onatsfeld Abzw.
de:09571:13275	Opfenried
de:09679:4032	Opferbaum Ort
de:09779:6653	Oppersberg
de:09375:127	Oppersdorf Am Kirchengraben
de:09375:16053	Oppersdorf Feuerwehr
de:09375:354	Oppersdorf Nord
de:09375:355	Oppersdorf Ortsmitte
de:09375:16054	Oppersdorf Süd
de:09571:13211	Ornbau Ortsmitte
de:09371:18163	Ortlesbrunn
de:09474:9717	Ortspitz
de:09477:6848	Osserich
de:09577:16696	Osterdorf
de:09574:7372	Osterhof (b. Burgthann)
de:08136:4711	Osterholz Abzw.
de:08136:4710	Osterholz Ort
de:09373:17975	Ostermühle
de:09574:7796	Osternohe Haidlinger Str.
de:09574:7798	Osternohe Mitte
de:09674:15832	Ostheim (Ufr.)
de:09577:16895	Ostheim Insel
de:09577:16896	Ostheim Schule
de:09362:14025	OTH Regensburg
de:09472:23174	Ottenberg
de:09674:75101	Ottendorf (Ufr)
de:09475:9056	Ottengrün
de:09472:23757	Ottenhof (b. Plech) Ort
de:09472:23758	Ottenhof (Plech) Gewerbegebiet
de:09575:14521	Ottenhofen Ortsmitte
de:09575:14520	Ottenhofen-Bergel
de:09574:7630	Ottensoos
de:09574:7632	Ottensoos Schleife
de:09576:8418	Ottersdorf
de:09576:8417	Ottersdorf -2-
de:09779:6462	Otting, Kirche
de:09779:6625	Otting, Rathaus
de:09779:6459	Otting-Weilheim
de:09576:8842	Ottmannsberg
de:09472:23973	Ottmannsreuth
de:09373:17477	Ottmaring Wartehäuschen
de:09577:16563	Ottmarsfeld
de:09577:16898	Pagenhard
de:09575:14413	Pahres Bahnhof
de:09273:80785	Painten Kindergarten
de:09273:730	Painten, Kelh/Abzw Brandhof
de:09273:731	Painten, Marktplatz/Zentrum
de:09273:11509	Painten, Schule,Berg (Painten)
de:09273:865	Painten, Staats/Abzw Oberhöfen
de:09273:766	Painten, Volksschule
de:09375:357	Papiermühle
de:09571:13603	Papiermühle (b. Weihenzell)
de:09577:16700	Pappenheim
de:09577:16705	Pappenheim Altes Schloß
de:09577:16708	Pappenheim An der Stöß
de:09577:16701	Pappenheim Bahnhofstr.
de:09577:16710	Pappenheim Gasthof Stern
de:09577:16704	Pappenheim Hofgarten
de:09577:16709	Pappenheim Mühlberg
de:09577:16706	Pappenheim Neues Schloß
de:09577:16702	Pappenheim Rukwidstr.
de:09577:16707	Pappenheim Schule
de:09273:870	Paring, Ortsmitte
de:09273:804	Paring, Parkplatz
de:09273:1255	Paring, Schulbushaltestelle
de:09273:871	Paring,Weiler Paring
de:09462:22329	Parkplatz Eremitage
de:09374:81406	Parkstein, Abzw. Schwand
de:09374:81403	Parkstein, Basaltstr.
de:09374:81407	Parkstein, Bauhof
de:09374:81409	Parkstein, Frühlingstr.
de:09374:81408	Parkstein, Raiffeisenstraße
de:09374:81405	Parkstein, Siedlung
de:09374:81401	Parkstein, Theile
de:09374:81410	Parkstein, Weidenerstr.
de:09374:81402	Parkstein, Witron
de:09373:17482	Parleithen Obermühle
de:09373:17481	Parleithen Sipplmühle
de:09373:17750	Parsberg
de:09373:17760	Parsberg Abzw. Möbelhof
de:09373:17761	Parsberg Aktiv-Markt
de:09373:17770	Parsberg Auf der Breiten
de:09373:17769	Parsberg Darshofener Str. 25
de:09373:17752	Parsberg Edith-Stein-Str.
de:09373:17755	Parsberg Freizeitzentrum
de:09373:17756	Parsberg Grundschule
de:09373:17751	Parsberg Jahnstr.
de:09373:17753	Parsberg Kath. Kindergarten
de:09373:17754	Parsberg Krankenhaus
de:09373:17759	Parsberg Lindlbergstr.
de:09373:17758	Parsberg Möbelhof
de:09373:17762	Parsberg Post
de:09373:17764	Parsberg Rathaus
de:09373:17765	Parsberg Schulzent/Bahnhofstr.
de:09373:17767	Parsberg Schulzentrum
de:09373:17768	Parsberg Seniorenzentrum
de:09477:4090	Partenfeld
de:09376:80294	Passelsdorf
de:09576:8224	Patersholz
de:09574:7374	Pattenhofen Kirchsteig
de:09574:7373	Pattenhofen Ortsmitte
de:09371:18843	Pattershofen
de:09371:18556	Paulsdorf
de:09176:8895	Paulushofen, Am Haar
de:09176:8270	Paulushofen, Dorfstraße
de:09471:20777	Pausdorf
de:09474:9448	Pautzfeld Kirche
de:09373:17821	Pavelsbach An der Heide
de:09373:17822	Pavelsbach Cäciliastr.
de:09373:17825	Pavelsbach Simonstr.
de:09674:27606	Paßmühle
de:09377:80764	Pechbrunn
de:09377:8933	Pechbrunn, Ortsmitte
de:09477:75016	Pechgraben,Neudrossenfeld
de:09374:16868	Pechhof
de:09477:6535	Peesten Haus der Bäuerin
de:09472:22600	Pegnitz
de:09472:22601	Pegnitz Altstadt
de:09472:22602	Pegnitz Am Arzberg
de:09472:22603	Pegnitz Am Katzerstein
de:09472:22605	Pegnitz Badstr.
de:09472:22620	Pegnitz Beethovenstr.
de:09472:22611	Pegnitz Bergwerkstr.
de:09472:22617	Pegnitz Berufsschule
de:09472:22604	Pegnitz Brigittenpark
de:09472:22613	Pegnitz Ev. Kirche
de:09472:22606	Pegnitz Galgengasse
de:09472:22608	Pegnitz Ganghofer Str.
de:09472:22607	Pegnitz Gymnasium
de:09472:22619	Pegnitz Hauptschule
de:09472:22609	Pegnitz Im Leitle
de:09472:22614	Pegnitz Krankenhaus
de:09472:22612	Pegnitz Loheplatz
de:09472:22615	Pegnitz Marienkirche
de:09472:22616	Pegnitz Markt
de:09472:22618	Pegnitz Mühlweg
de:09472:22622	Pegnitz Nürnberger Str.
de:09472:22621	Pegnitz Realschule/ Kellerberg
de:09472:22623	Pegnitz Realschule/Stadionstr.
de:09472:22624	Pegnitz Reusch
de:09472:22625	Pegnitz Schmiedpeunt
de:09472:22626	Pegnitz Wiesweiher
de:09371:19048	Peilstein
de:09273:754	Peising, Feuerwehr
de:09273:2292	Peising, Heckbergweg
de:09273:16642	Peising, Keltenstraße
de:09273:16684	Peising, Paul-Kropf-Straße
de:09373:17154	Pelchenhofen
de:09375:361	Pellndorf
de:08136:1041	Pelzwasen Hölderlinplatz
de:08136:1051	Pelzwasen Lilienfeinstraße
de:09375:1721	Penk
de:09371:18971	Penkhof Ortsmitte
de:09375:20001	Pentling
de:09375:844	Pentling Abzw. Hohengebraching
de:09375:20002	Pentling Ahornstraße
de:09375:20004	Pentling Großberger Weg
de:09375:20003	Pentling Hölkeringer Straße
de:09375:811	Pentling Kornweg
de:09375:20005	Pentling Ortsmitte
de:09375:20006	Pentling Rotsäulenweg
de:09565:4455	Penzend. Johannisstr.
de:09565:4454	Penzendorf Burggrafenstr.
de:09565:4460	Penzendorf Hauptstr.
de:09565:4453	Penzendorf Siedlung
de:09371:18446	Penzenhof
de:09574:7978	Penzenhofen Alte Schulstr.
de:09574:7977	Penzenhofen Schule
de:09374:16898	Penzenreuth
de:09575:14924	Peppenhöchstädt
de:09273:16695	Perka
de:09472:22678	Pertenhof
de:09371:18787	Pesensricht
de:09371:18759	Pesensricht Gasthaus
de:09373:17479	Pestenrain
de:09273:256	Peterfecking, Abzw Kreisstr.
de:09571:13250	Petersaurach
de:09571:13251	Petersaurach Mitte
de:09571:13260	Petersaurach Nord
de:09571:13253	Petersaurach Rosenau
de:09176:8334	Petersbuch, Friedhof
de:09571:13605	Petersdorf
de:09576:8454	Petersgmünd Flurstütze
de:09472:23579	Pettend.(Hummelt) Ab A.d.Mühle
de:09375:21018	Pettendorf
de:09472:23575	Pettendorf (b. Hummeltal)
de:09472:23577	Pettendorf (Hummelt.) Schule
de:09375:1253	Pettendorf Grundschule
de:09375:21020	Pettendorf Siedlung
de:09375:363	Pettenhof
de:09371:19138	Pettenhof, Pettenhof
de:09373:17644	Pettenhofen Kreisstr.
de:09474:9620	Pettensiedel Am Egelseebach
de:09474:9619	Pettensiedel Drosselhof
de:09474:9618	Pettensiedel Mitte
de:09176:8889	Pettling
de:09674:27884	Pettstadt
de:09471:21528	Pettstadt (Lkr. BA) Mitte
de:09471:21527	Pettstadt (Lkr. BA) Ärztehaus
de:09471:20776	Peulendorf Kirche
de:09377:15812	Pfaben
de:09472:23097	Pfaffenberg
de:09674:15448	Pfaffendorf
de:09471:21743	Pfaffendorf (b. Stadelhofen)
de:09478:27471	Pfaffendorf (Lkr. LIF)
de:09575:14135	Pfaffenh. (Bbh) Mühle/Alte B13
de:09575:14136	Pfaffenh. (Burgbh) Kellermühle
de:09371:18788	Pfaffenhof b.Illschwang
de:09575:14138	Pfaffenhof. (Burgbh) Obermühle
de:09574:7945	Pfaffenhofen (bei Velden)
de:09575:14134	Pfaffenhofen (Burgbernh) Ort
de:09371:18851	Pfaffenhofen (Kastl)
de:09576:8096	Pfaffenhofen Brunnbachstr.
de:09576:8097	Pfaffenhofen Feuerwehrh.
de:09576:8099	Pfaffenhofen Industriestr.
de:09576:8101	Pfaffenhofen Ottilienkirche
de:09576:8102	Pfaffenhofen Roßstr.
de:09576:8104	Pfaffenhofen Tillystr.
de:09576:8103	Pfaffenhofen Unt. Glasschleife
de:09479:15564	Pfaffenreuth, Friedenfelserstr.
de:09374:16897	Pfaffenstetten
de:09176:8382	Pfahldorf
de:09176:8980	Pfahldorf, Am Pfahl
de:09176:8957	Pfahldorf, Feuerwehrhaus
de:09575:14438	Pfahlenheim
de:09176:8365	Pfalzpaint, Altmühlbrücke
de:09176:8366	Pfalzpaint, Staatsstraße
de:09479:15732	Pfannenstiel,Birkenbühl (Kr WUN)
de:09674:15447	Pfarrweisach Bahnhofstraße
de:09574:7884	Pfeifferhütte
de:09478:27635	Pferdsfeld
de:09371:18166	Pferrach
de:09678:27383	Pfersdorf Am Berg
de:09678:25878	Pfersdorf Wethhof 6
de:09571:12918	Pfetzendorf
de:09577:16178	Pflaumfeld
de:08136:5301	Pflaumloch Bahnhof
de:08136:5302	Pflaumloch Rathaus
de:08136:5303	Pflaumloch Schule
de:08136:5304	Pflaumloch Siedlung
de:09577:16714	Pfofeld Bergstr.
de:09577:16711	Pfofeld Hauptstr.
de:09577:16718	Pfofeld Römerstr.
de:09176:7609	Pfraundorf, Dorfplatz
de:09577:16368	Pfraunfeld
de:09376:80756	Pfreimd
de:09779:6746	Pfäfflingen, Ort
de:09375:378	Pfälzerhof
de:09678:25601	Pfändhausen Kindergarten
de:09678:27729	Pfändhausen Milchhöfer Straße 4
de:09678:7446	Pfändhausen Milchhöfer Straße 9
de:09678:27382	Pfändhausen Ortsmitte
de:09176:8419	Pförring, Abz P-Rosegger-Str.
de:09176:8832	Pförring, Dekan Rösl Str
de:09176:2145	Pförring, Gewerbegebiet
de:09176:8414	Pförring, Marktstraße 1/4
de:09176:7443	Pförring, Sattlerbrücke
de:09176:8930	Pförring, Schule
de:09176:8354	Pfünz, Eichstätter Straße
de:09374:16860	Pichlberg
de:09273:2241	Pickenbach
de:09371:19452	Pickenricht
de:09371:19451	Pickenricht Bundesstr. B14
de:09274:3509	Piegendorf
de:09274:3575	Piegendorf, West
de:09375:1462	Pielenhofen Am Winterort
de:09375:21021	Pielenhofen Ost
de:09375:21022	Pielenhofen West
de:09375:16025	Pielmühle
de:09375:16039	Pielmühle Rodauer Weg
de:09576:8240	Pierheim
de:09375:379	Piesenkofen Einthaler Weg
de:09375:380	Piesenkofen Erlenring
de:09176:8120	Pietenfeld, Ort
de:09176:8727	Pietenfelderhöhe
de:09377:2280	Pilgramsreuth, Abzw
de:09273:329	Pillhausen
de:09373:17881	Pilsach B 299
de:09373:17884	Pilsach Bernthaler Str.
de:09373:17882	Pilsach Hauptstr.
de:09373:17883	Pilsach Rosenstr.
de:09373:17880	Pilsach Schule
de:09376:291	Pilsheim, Bushaltestelle
de:09474:9770	Pinzberg
de:09474:9772	Pinzberg Eichenwaldstr.
de:09474:9774	Pinzberg Kapelle
de:09474:9777	Pinzberg Kirche
de:09474:9775	Pinzberg Sportplatz
de:09377:15502	Pinzenhof
de:09576:8324	Pippenhof
de:09374:81446	Pirk b. Weiden, Rathaus
de:09373:17429	Pirkach (b. Deining)
de:09575:14279	Pirkach (b. Emskirchen)
de:09376:707	Pirkensee
de:09374:81452	Pirkmühle
de:09374:15682	Pischeldorf,Au
de:09376:378	Pistlwies, Ortsmitte
de:09472:23561	Pittersdorf
de:09472:23563	Pittersdorf Ab. Z. Steingraben
de:09375:383	Pittmannsdorf
de:09472:23720	Plankenfels Bahnhof
de:09472:23725	Plankenfels GH Schwarzer Ritter
de:09472:23723	Plankenfels Ortseingang
de:09472:23721	Plankenfels Ortsmitte
de:09373:17248	Plankstetten Abtei
de:09373:17246	Plankstetten Eglasmühler Str.
de:09373:17249	Plankstetten Ost
de:09462:22423	Plantage
de:09462:22425	Plantage Thiergärtner Str. I
de:09376:80308	Plattenhof, Bushaltestelle
de:09377:8127	Plattenmühle
de:09472:23752	Plech Autobahneinfahrt
de:09472:23751	Plech Mitte
de:09472:23753	Plech Wunderland
de:09571:12581	Pleikartshof
de:09577:16800	Pleinfeld
de:09577:16803	Pleinfeld Grundschule
de:09577:16804	Pleinfeld Hauptschule
de:09577:16810	Pleinfeld Lauterbrunnenweg
de:09577:16808	Pleinfeld Marktplatz
de:09577:16809	Pleinfeld Nürnberger Str.
de:09577:16806	Pleinfeld Südstrand
de:09577:16802	Pleinfeld Waldcamping/Freibad
de:09374:7166	Pleisdorf
de:09371:18262	Pleishof
de:09274:81258	Plunderdorf
de:09377:7174	Plärn
de:09576:8663	Plöckendorf Lindenweg
de:09576:8665	Plöckendorf Schulbushst.
de:09472:23702	Plösen
de:09476:16220	Plösenthal
de:09377:7617	Plößberg
de:09479:9371	Plößberg, Hauptstraße
de:09479:9299	Plößberg, Jakob-Zeidler-Str.
de:09479:9300	Plößberg, Ort
de:09375:385	Poign
de:09273:80539	Poikam
de:09273:2411	Poikam, Dorfstr./Abzw Bahnweg
de:09273:738	Poikam, Ortsmitte
de:09574:7328	Pollanden
de:09373:17250	Pollanten Industriegebiet
de:09373:17251	Pollanten Nord
de:09373:17252	Pollanten Süd
de:09176:8329	Pollenfeld, Kirchstraße
de:09176:8330	Pollenfeld, Schule
de:09375:387	Pollenried Kapelle
de:09375:386	Pollenried Tankstelle
de:09576:8377	Polsdorf ROTHSEE
de:09577:16823	Polsingen Am Steinbruch
de:09577:16822	Polsingen Kirche
de:09577:16821	Polsingen Rathaus
de:09373:17789	Polstermühle
de:09375:388	Polzhausen
de:09574:7650	Pommelsbrunn
de:09574:7669	Pommelsbrunn Arzloher Str.
de:09574:7654	Pommelsbrunn Bahnhofstr.
de:09574:7671	Pommelsbrunn Gehresthal
de:09574:7651	Pommelsbrunn Höfen
de:09574:7652	Pommelsbrunn Mitte
de:09574:7667	Pommelsbrunn Rathaus
de:09574:7653	Pommelsbrunn Schule
de:09574:7664	Pommelsbrunn Sulzbacher Str.
de:09474:9622	Pommer
de:09362:12046	Pommernstraße
de:09471:21541	Pommersfelden Ortsmitte
de:09176:7283	Pondorf, Feuerwehr
de:09176:7595	Pondorf, Kirchenweg
de:09176:8258	Pondorf, Windener Str.
de:09376:709	Ponholz, Gh. Söllner
de:09376:80731	Ponholz, Gh.Alte Post
de:09376:80732	Ponholz, Industriepark
de:09376:54	Ponholz, Siedlung
de:09371:18282	Poppberg Kirche
de:09571:12293	Poppenbach
de:09474:9528	Poppend./Heroldsb. Am Bachfeld
de:09472:23094	Poppendorf (b. Ahorntal)
de:09474:9829	Poppendorf (b. Pretzfeld)
de:09474:9525	Poppendorf (Heroldsba) Dorfstr
de:09474:9524	Poppendorf (Heroldsba) Flurweg
de:09678:75279	Poppenhausen
de:09678:27386	Poppenhausen Raiffeisenbank
de:09678:75221	Poppenhausen Schule
de:09574:7799	Poppenhof (b. Schnaittach)
de:09477:3731	Poppenholz
de:09672:27389	Poppenlauer Fa. Seger
de:09672:29976	Poppenlauer Kath. Pfarramt
de:09672:27387	Poppenlauer Linde
de:09672:29667	Poppenlauer Schule
de:09563:2469	Poppenr. Hans-Vogel-Str.
de:09563:2450	Poppenr. Hermannst.Str.
de:09377:8134	Poppenreuth
de:09576:8616	Poppenreuth (b. Kammerstein)
de:09563:2350	Poppenreuth Erfurter Ring
de:09563:2454	Poppenreuth K.-Bröger-Str.
de:09563:2453	Poppenreuth Strudelweg
de:09563:2449	Poppenreuth Weigmannstr.
de:09475:9058	Poppenreuth, Abzw
de:09563:2468	Poppenreuther Brücke
de:09371:19061	Poppenricht Drei Mohren
de:09371:19062	Poppenricht Häringloher Str.
de:09371:19065	Poppenricht Höhenweg
de:09371:19063	Poppenricht Rabenleite
de:09371:19064	Poppenricht Schule
de:09371:19066	Poppenricht St.-Michael-Str.
de:09572:6429	Poppenwind
de:09471:21682	Possenfelden
de:09675:29339	Possenheim Kirchstr.
de:09675:29338	Possenheim Schulstr.
de:09571:13481	Possenmühle
de:09373:17842	Postb.-Heng A-Köstlbacher Str.
de:09373:17848	Postbauer-H Gemeindez.
de:09373:17850	Postbauer-Heng
de:09373:17847	Postbauer-Heng Gh Stiegler
de:09373:17844	Postbauer-Heng Hauptschule
de:09373:17845	Postbauer-Heng Hauptstr.
de:09373:17849	Postbauer-Heng Kago
de:09373:17843	Postbauer-Heng Weizenfeld
de:09472:22831	Pottenstein B470
de:09472:22834	Pottenstein Jugendherberge
de:09472:22833	Pottenstein Mariental
de:09472:22832	Pottenstein Schule
de:09472:22835	Pottenstein Schöngrundsee
de:09472:22837	Pottenstein Teufelshöhle
de:09376:135	Pottenstetten, Kirche
de:09471:21387	Poxdorf (b. Königsfeld)
de:09474:9791	Poxdorf Kirche
de:09474:9793	Poxdorf Ost
de:09474:9795	Poxdorf Rathaus
de:09474:9794	Poxdorf Schule
de:09474:9155	Poxstall
de:09574:7255	Prackenfels
de:09371:18114	Prangershof
de:09674:7401	Prappach Ortsmitte
de:09373:17484	Predlfing
de:09176:8325	Preith, Kirche
de:09176:8319	Preith, Wiesenhang
de:09374:7647	Preißach
de:09376:16690	Premberg, Am Haferbründl,Bömmerlschlag
de:09376:144	Premberg, Brücke
de:09376:393	Premberg, Wh
de:09377:7168	Premenreuth
de:09373:17386	Premerzhofen
de:09374:7196	Pressath
de:09374:7197	Pressath, Abzw Bf
de:09374:7198	Pressath, Bachstr.
de:09374:15026	Pressath, Gewerbegebiet West
de:09374:7566	Pressath, Haus d. Heimat
de:09374:7540	Pressath, Kirche
de:09374:16874	Pressath, Schinnerstr.
de:09374:11919	Pressath, Schule
de:09574:7254	Prethalmühle
de:09376:452	Pretzabruck, Milchbank
de:09572:6814	Pretzdorf
de:09474:9800	Pretzfeld
de:09474:9812	Pretzfeld Abzw. Alte Reuth
de:09474:9814	Pretzfeld Am Backofen
de:09474:9801	Pretzfeld Kirche
de:09474:9802	Pretzfeld Post
de:09474:9804	Pretzfeld Schloßberg
de:09474:9805	Pretzfeld Schule
de:09474:9807	Pretzfeld Schulhof
de:09474:9803	Pretzfeld Untere Altreuth
de:09571:13749	Preuntsfelden
de:09273:80657	Prexlhof Abzw.
de:09375:1661	Preßgrund
de:09675:27395	Prichsenstadt Abzw. Bahnhof
de:09675:27701	Prichsenstadt Schule
de:09471:21045	Priegendorf
de:09471:21577	Priesendorf Gh Schrüfer
de:09471:21576	Priesendorf Industriestraße
de:09471:21574	Priesendorf Kirche
de:09471:21579	Priesendorf West
de:09371:18125	Prohof
de:09679:99002	Prosselsheim
de:09679:3279	Prosselsheim Amtskeller
de:09679:3276	Prosselsheim Püssensheimer Str
de:09679:3280	Prosselsheim Schulbus
de:09371:18918	Pruihausen
de:09273:331	Prunn, Abzw Staatsstr.
de:09273:332	Prunn, Hauptstr.
de:09373:17866	Pruppach (b. Pyrbaum)
de:09576:8116	Pruppach (b. Roth) Treffersäge
de:09576:8106	Pruppach (b.Roth) Kreuzung
de:09576:8108	Pruppach b. Roth Fw-Haus
de:09478:27637	Prächting
de:09674:27397	Prölsdorf Feuerwehrhaus
de:09674:17397	Prölsdorf Ortsmitte
de:09373:17980	Prönsdorf Ort
de:09373:17981	Prönsdorf Ziegelhütte
de:09362:15023	Prüfening
de:09273:1747	Prügl, Abzw
de:09575:14767	Prühl Mitte
de:09575:14769	Prühler Mühle
de:09472:22858	Prüllsbirkig
de:09576:8729	Prünst
de:09373:17680	Prünthal Ortsmitte
de:09678:75070	Prüßberg
de:09273:6617	Pullach, Ortsmitte
de:09377:2373	Pullenreuth, Ort
de:09475:15216	Pulschnitzberg, Abzw
de:09472:23845	Pulvermühle (b. Waischenfeld)
de:09377:7618	Punreuth
de:09371:18558	Pursruck
de:09573:5270	Puschendorf
de:09573:5271	Puschendorf Feuerwehrh.
de:09573:5272	Puschendorf Frankenstr.
de:09573:5273	Puschendorf Fürther Str.
de:09573:5275	Puschendorf H.-Heinel-Heim
de:09573:5276	Puschendorf Traubenstr.
de:09678:75094	Pusselsheim
de:09479:9345	Putzenmühle
de:09576:8618	Putzenreuth
de:09576:8902	Pyras Brauerei
de:09576:8890	Pyras Mitte
de:09373:17851	Pyrbaum Abzw. Unterferrieden
de:09373:17852	Pyrbaum Neumarkter Str.
de:09373:17856	Pyrbaum Nürnberger Str.
de:09373:17858	Pyrbaum Rathaus
de:09373:17857	Pyrbaum Seniorenzentrum
de:09373:17853	Pyrbaum Waldstr.
de:09373:17855	Pyrbaum Wolfsteiner Platz
de:09471:21461	Pödeldorf Gh Haderlein
de:09471:21462	Pödeldorf Kirsten
de:09471:21464	Pödeldorf Ortsmitte
de:09373:17679	Pöfersdorf
de:09373:17681	Pöllenhaid
de:09373:17172	Pölling
de:09373:17171	Pölling Bergstr.
de:09373:17174	Pölling Fliederweg
de:09373:17175	Pölling Gasthof Feihl
de:09373:17176	Pölling Marienbader Str.
de:09373:17178	Pölling Nibelungenstr.
de:09373:17179	Pölling Siedlerstr.
de:09373:17180	Pölling Siegfriedstr.
de:09373:17173	Pölling Stadtweg
de:09373:17177	Pöllinger Höhe
de:09376:292	Pöpplhof
de:09574:7523	Pötzling
de:09478:27257	Püchitz
de:09574:7256	Pühlheim
de:09374:7282	Püllersreuth
de:09473:5959	Pülsdorf
de:09471:20790	Pünzendorf
de:09371:18764	Pürschläg
de:09574:7617	Püscheldorf
de:09679:3277	Püssensheim Ort
de:09472:22860	Püttlach
de:09475:80465	Querenbach
de:09674:15802	Rabelsdorf
de:09472:23849	Rabeneck Cafe Krems
de:09472:23848	Rabeneck Mitte
de:09576:8892	Rabenreuth
de:09574:7815	Rabenshof
de:09373:17682	Rackendorf
de:09373:17683	Rackendorf Abzw. Vogelherd
de:09376:15555	Ragenhof b. Nabburg
de:09361:19957	Raigering Büchsenham
de:09361:19951	Raigering Dorfplatz
de:09361:19952	Raigering Immenstetter Str.
de:09361:19953	Raigering Waldfriedhof
de:09361:19955	Raigering-Hofmark
de:08136:5200	Rainau-Buch Aalener Straße
de:08136:5201	Rainau-Buch Schule
de:08136:5203	Rainau-Dalkingen Linde
de:08136:5204	Rainau-Dalkingen Schule
de:08136:5209	Rainau-Saverwang B 290
de:08136:5216	Rainau-Saverwang Combonistraße
de:08136:5208	Rainau-Saverwang Ort
de:08136:5210	Rainau-Schwabsberg Bahnhof
de:08136:5211	Rainau-Schwabsberg Lamm
de:08136:5212	Rainau-Schwabsberg Schule
de:08136:5213	Rainau-Waldhotel
de:08136:5214	Rainau-Weiler Abzwg
de:08136:5215	Rainau-Weiler Ort
de:09573:5360	Raindorf
de:09573:5361	Raindorf Dorfstr.
de:09574:7946	Raitenberg
de:09373:17253	Raitenbuch (b. Berching)
de:09373:17595	Raitenbuch (b. Hohenfels)
de:09577:16853	Raitenbuch Gh. Flierler
de:09577:16854	Raitenbuch Sparkasse
de:09577:16855	Raitenbuch Sportzentrum
de:09573:5140	Raitersaich
de:09573:5142	Raitersaich Ort
de:09576:8570	Rambach (b. Heideck)
de:09471:21684	Rambach (b. Schlüsself.)
de:09373:17653	Ramertshofen
de:09373:17989	Rammersberg (b. Velburg) Ort
de:09373:17791	Rammersdorf (b. Parsberg)
de:09571:12921	Rammersdorf (Leutersh) Schloß
de:09574:7925	Rampertshof
de:09577:16770	Ramsberg
de:09577:16772	Ramsberg Feuerwehrhaus
de:09577:16771	Ramsberg Seezentrum
de:09577:16773	Ramsberg Siedlung
de:09472:22810	Ramsenthal
de:09375:1003	Ramspau Leonberger Straße
de:09375:845	Ramspau Ortsmitte
de:09375:987	Ramspau Schule
de:09672:28433	Ramsthal,Ramsthal
de:08127:28297	Randenweiler Bahnhofstraße
de:08127:30428	Randenweiler Hauptstraße
de:09472:23197	Rangen (b. Bischofsgrün)
de:09371:18169	Ranna (b. Auerbach) Sparkasse
de:09672:27970	Rannungen Bauhof
de:09672:27399	Rannungen Kirche,Rannungen
de:09672:27400	Rannungen Ortsmitte,Rannungen
de:09672:27401	Rannungen Raiffeisenbank,Rannungen
de:09672:27969	Rannungen Wasserturm,Rannungen
de:09371:18712	Ransbach (Hohenb) Ortsmitte
de:09571:13421	Ransbach a.d.H. (b.Schnelld.)
de:09371:18171	Ranzenthal
de:09575:14737	Rappenau
de:09376:9486	Rappenbügl, Grundschule
de:09373:17255	Rappersdorf Berchinger Str.
de:09373:17256	Rappersdorf Ortsmitte
de:09176:8377	Rapperszell, Ortsmitte
de:09575:14375	Rappoldshofen
de:09574:7258	Rasch (b. Altdorf) Brücke
de:09574:7260	Rasch (b. Altdorf) Ort
de:09574:7257	Rasch (b. Altdorf) Sportplatz
de:09373:17389	Rasch b.Breitenbr./NM FWH
de:09373:17390	Rasch/Breitenbr./NM Ortsmitte
de:09574:7261	Raschbach
de:09574:7259	Rascher Berg (b. Altdorf)
de:09373:17912	Raschhof
de:09572:6629	Rathsberg Am Rundblick
de:09572:6627	Rathsberg Ost
de:09572:6628	Rathsberg Schloßweg
de:09471:21592	Rattelsdorf Abzw. Höfen
de:09471:21591	Rattelsdorf Bamberger Straße
de:09471:21593	Rattelsdorf Ebinger Straße
de:09471:21595	Rattelsdorf Marktplatz
de:09471:21238	Rattelshof
de:09571:11797	Ratzendorf
de:09571:13324	Ratzenwinden
de:09576:8199	Raubersried
de:09362:14069	Rauberstraße
de:09571:12917	Rauenbuch
de:09571:12735	Rauenzell Ortsmitte
de:09571:12736	Rauenzell Röser Str.
de:09571:12734	Rauenzell Schreinermühle
de:09375:1692	Rauhbügl
de:09575:14195	Rauschenberg Post
de:09576:8341	Realsmühle
de:09176:8931	Rebdorf, Busbahnhof
de:09176:8232	Rebdorf, Kloster
de:09176:8308	Rebdorf, Postamt
de:09176:9021	Rebdorf-Hofmühle
de:09375:393	Rechberg
de:09674:17038	Recheldorf
de:08127:30000	Rechenberg Schule
de:09471:21630	Reckendorf
de:09471:21353	Reckendorf (b. Heiligenstadt)
de:09471:21633	Reckendorf (Lkr. BA) Kirche
de:09471:21631	Reckendorf (Lkr. BA) Ortsmitte
de:09471:21635	Reckendorf (Lkr. BA) Schule
de:09471:21047	Reckenneusig
de:09576:8381	Reckenstetten (b. Allersb.)
de:09571:12184	Reckersdorf
de:09674:7433	Reckertshausen Ortsmitte
de:09678:27836	Rednershof
de:09576:8654	Rednitzh. Kriegerdenkmal
de:09576:8650	Rednitzhembach
de:09576:8655	Rednitzhembach Ev. Kirche
de:09576:8651	Rednitzhembach Flurstr.
de:09576:8653	Rednitzhembach Kreisverkehr
de:09576:8658	Rednitzhembach Rathaus
de:09576:8652	Rednitzhembach Unterführung
de:09478:27850	Redwitz (Rodach)
de:09478:27851	Redwitz (Rodach), Bahnhofstr.
de:09478:27853	Redwitz a.d.Rodach Friedhof
de:09478:27858	Redwitz a.d.Rodach Gries
de:09478:27855	Redwitz a.d.Rodach Marktplatz
de:09478:27857	Redwitz/Rod. Abzw. Flurstr.
de:09176:8072	Regelmannsbrunn, Abz St 2230
de:09576:8731	Regelsb. H.-Reck-Platz
de:09576:8732	Regelsbach Schulhaus
de:09574:7331	Regelsmühle
de:09362:10340	Regenburg Rudolf-Schlichtinger-Straße
de:09375:394	Regendorf Am Riesen
de:09375:999	Regendorf Holzgartenweg
de:09375:16051	Regendorf Ortsmitte
de:09375:395	Regendorf Regensburger Str.
de:09375:16040	Regendorf Schloß
de:09373:17984	Regenfußmühle
de:09362:15001	Regensburg Albertus-Magnus-Gymnasium
de:09362:14001	Regensburg Alfons-Auer-Straße
de:09362:588	Regensburg Am BioPark
de:09362:57	Regensburg Am Holzhof
de:09362:11111	Regensburg Am Königshof
de:09362:12051	Regensburg Amberger Straße
de:09362:14003	Regensburg An der Iselrinne
de:09362:14005	Regensburg An der Kreuzbreite
de:09362:12002	Regensburg An der Schauergrube
de:09362:15003	Regensburg Annahofstraße
de:09362:14073	Regensburg Antoniuskirche
de:09362:12003	Regensburg Ardennenstraße
de:09362:12004	Regensburg Argonnenstraße
de:09362:592	Regensburg Asamstraße
de:09362:16015	Regensburg Aschenauer Straße
de:09362:593	Regensburg Auf der Grede
de:09362:14006	Regensburg Augsburger Straße
de:09362:12005	Regensburg Aussiger Straße
de:09362:14007	Regensburg Bajuwarenstraße
de:09362:12071	Regensburg Baseball-Stadion
de:09362:14094	Regensburg Beethovenstraße
de:09362:16042	Regensburg Bei der Rinnen
de:09362:14008	Regensburg Benzstraße
de:09362:12006	Regensburg Berliner Straße
de:09362:11020	Regensburg Bismarckplatz
de:09362:14011	Regensburg Boelckestraße
de:09362:15004	Regensburg Boessnerstraße
de:09362:14012	Regensburg Brahmsstraße
de:09362:12007	Regensburg Brandlberg
de:09362:13003	Regensburg Bukarester Straße
de:09362:14097	Regensburg Burgunderstraße
de:09362:616	Regensburg Coburger Straße
de:09362:14054	Regensburg Cranachweg/KÖWE
de:09362:11030	Regensburg Dachauplatz
de:09362:12009	Regensburg Danziger Freiheit
de:09362:15000	Regensburg DB Schule
de:09362:14004	Regensburg Dechbetten-TELIS FINANZ
de:09362:15005	Regensburg Deiningerstraße
de:09362:11040	Regensburg Domplatz
de:09362:11045	Regensburg Donau-Ausstellung
de:09362:12015	Regensburg Donaustaufer Straße
de:09362:16028	Regensburg Dornfelderweg
de:09362:15013	Regensburg Dornierstraße
de:09362:14022	Regensburg Dr.-Gessler-Straße
de:09362:16036	Regensburg Dreifaltigkeitsberg
de:09362:11162	Regensburg Dultplatz
de:09362:15007	Regensburg Dürerstraße
de:09362:11050	Regensburg Eiserne Brücke
de:09362:15038	Regensburg Elisabethstraße
de:09362:14032	Regensburg Erminoldweg
de:09362:11060	Regensburg Fischmarkt
de:09362:12070	Regensburg Fleischmannstraße
de:09362:12052	Regensburg Fluderstraße
de:09362:14039	Regensburg Franz-Hartl-Straße
de:09362:14098	Regensburg Friesenstraße
de:09362:11151	Regensburg Fritz-Fend-Straße
de:09362:11065	Regensburg Gabelsbergerstraße
de:09362:12014	Regensburg Gallingkofen
de:09362:14024	Regensburg Garbenstraße
de:09362:14035	Regensburg Geibelplatz
de:09362:16014	Regensburg Gerhardinger Schule
de:09362:12016	Regensburg Gewerbepark/Donau-Arena
de:09362:163	Regensburg Goethe-Gymnasium
de:09362:15009	Regensburg Goethestraße
de:09362:14037	Regensburg Graßer Weg
de:09362:169	Regensburg Greflingerstraße
de:09362:12017	Regensburg Grünthaler Straße
de:09362:15008	Regensburg Gumpelzhaimerstraße
de:09362:11070	Regensburg Gutenbergplatz
de:09362:14038	Regensburg Gutenbergstraße
de:09362:11080	Regensburg Haidplatz
de:09362:15010	Regensburg Hans-Sachs-Straße
de:09362:12020	Regensburg Harthof
de:09362:12021	Regensburg Harzstraße
de:09362:80	Regensburg Haus der Bayerischen Geschichte
de:09362:14041	Regensburg Haydnstraße
de:09362:11090	Regensburg Hbf
de:09362:15014	Regensburg Hedwigstraße
de:09362:15019	Regensburg Heinkelstraße
de:09362:14042	Regensburg Hermann-Geib-Straße
de:09362:14102	Regensburg Hermann-Höcherl-Straße
de:09362:15011	Regensburg Hermann-Köhl-Straße
de:09362:14043	Regensburg Hofgartenweg
de:09362:13020	Regensburg Hohes Kreuz
de:09362:12027	Regensburg Hollerweg
de:09362:12024	Regensburg Holzgartenstraße/DEZ
de:09362:14095	Regensburg Hornstraße
de:09362:14086	Regensburg Humboldtstraße
de:09362:12025	Regensburg Im Reichen Winkel
de:09362:14027	Regensburg Johann-Hösl-Straße
de:09362:15012	Regensburg Josef-Adler-Straße
de:09362:11011	Regensburg Justizgebäude
de:09362:16002	Regensburg Kager
de:09362:14045	Regensburg Kaiser-Friedrich-Allee
de:09362:12030	Regensburg Kalkwerk
de:09362:14046	Regensburg Karl-Stieler-Straße
de:09362:14103	Regensburg Karthauser Straße
de:09362:14059	Regensburg Kaulbachweg
de:09362:11181	Regensburg Keplerstraße
de:09362:15015	Regensburg Killermannstraße
de:09362:14029	Regensburg Kirche St.Paul
de:09362:14051	Regensburg Klenzestraße
de:09362:14052	Regensburg Klinikum
de:09362:12088	Regensburg Konradschule
de:09362:14056	Regensburg Krankenhaus St. Josef
de:09362:13027	Regensburg Kremser Straße
de:09362:12034	Regensburg Kronacher Straße
de:09362:12035	Regensburg Kulmbacher Straße
de:09362:11110	Regensburg Königsstraße
de:09362:14053	Regensburg Königswiesen
de:09362:12033	Regensburg Kötztinger Straße
de:09362:12036	Regensburg Lechstraße
de:09362:15016	Regensburg Lessingstraße
de:09362:13022	Regensburg Liebigstraße
de:09362:15017	Regensburg Lilienthalstraße
de:09362:12041	Regensburg Loisachstraße
de:09362:14009	Regensburg Ludwig-Erhard-Straße
de:09362:14050	Regensburg Markomannenstraße
de:09362:12056	Regensburg Memeler Straße
de:09362:14034	Regensburg Minervastraße
de:09362:65	Regensburg Naabstraße
de:09362:12029	Regensburg Nabburger Straße
de:09362:11140	Regensburg Neupfarrplatz
de:09362:14063	Regensburg Neuprüll
de:09362:14065	Regensburg Nibelungenstraße
de:09362:16003	Regensburg Niederwinzer
de:09362:12039	Regensburg Nordgaustraße
de:09362:16005	Regensburg Nürnberger Straße
de:09362:15021	Regensburg Obermaierstraße
de:09362:16006	Regensburg Oberpfalzbrücke
de:09362:16008	Regensburg Oberwinzer
de:09362:15022	Regensburg Ostdeutsche Galerie
de:09362:11150	Regensburg Ostengasse
de:09362:12045	Regensburg Ostpreußenstraße
de:09362:14068	Regensburg Otto-Hahn-Straße
de:09362:14091	Regensburg Otto-Wels-Straße
de:09362:14049	Regensburg Pestalozzischule
de:09362:16034	Regensburg Pfälzer Siedlung
de:09362:13025	Regensburg Prinz-Ludwig-Straße
de:09362:12076	Regensburg Rachelstraße
de:09362:12047	Regensburg Reinhausen Brücke
de:09362:12048	Regensburg Reinhausen Kirche
de:09362:15026	Regensburg Rennweg
de:09362:14048	Regensburg Römerstraße
de:09362:14071	Regensburg Safferlingstraße
de:09362:12055	Regensburg Sandgasse
de:09362:16009	Regensburg Schelmengraben
de:09362:12057	Regensburg Schlesierstraße
de:09362:10284	Regensburg Schule Napoleonstein
de:09362:12028	Regensburg Schule St. Nikola
de:09362:12019	Regensburg Schulzentrum Isarstraße
de:09362:14075	Regensburg Schwabenstraße
de:09362:14020	Regensburg Schwalbenneststraße
de:09362:16013	Regensburg Schwandorfer Straße
de:09362:14089	Regensburg Schöneberger Straße
de:09362:12099	Regensburg Siemensstraße/Continental
de:09362:14076	Regensburg Simmernstraße
de:09362:4	Regensburg Sonderburger Straße
de:09362:15040	Regensburg Sparkasse
de:09362:12077	Regensburg Spessartstraße
de:09362:15006	Regensburg St. Bonifaz
de:09362:11160	Regensburg Stadtamhof
de:09362:16011	Regensburg Steinweg
de:09362:11170	Regensburg Stobäusplatz
de:09362:15028	Regensburg Taxisstraße
de:09362:14030	Regensburg TechCampus/OTH
de:09362:14055	Regensburg Theodor-Heuss-Platz
de:09362:14077	Regensburg Theodor-Storm-Straße
de:09362:14072	Regensburg Theresienkirche
de:09362:11180	Regensburg Thundorferstraße
de:09362:14078	Regensburg Tulpenweg
de:09362:870	Regensburg Uni Sportzentrum
de:09362:14080	Regensburg Universität
de:09362:12080	Regensburg Vilsstraße-Gewerbepark
de:09362:14092	Regensburg Vitusstraße
de:09362:14064	Regensburg Von-Müller-Gymnasium
de:09362:498	Regensburg Von-Richthofen-Str.
de:09362:12081	Regensburg Weichs-DEZ
de:09362:12085	Regensburg Weichser Weg
de:09362:15041	Regensburg Weinmannstraße
de:09362:15032	Regensburg Weinweg
de:09362:11190	Regensburg Weißenburgstraße
de:09362:15033	Regensburg Wernerwerkstraße
de:09362:15034	Regensburg Westbad
de:09362:15035	Regensburg Westheim
de:09362:12086	Regensburg Wetterstation
de:09362:15036	Regensburg Wittelsbacherstraße
de:09362:14084	Regensburg Wolfgangschule Süd
de:09362:14083	Regensburg Wolfgangskirche
de:09362:530	Regensburg Wolframstraße
de:09362:540	Regensburg Wutzlhofen Bahnhof
de:09362:11049	Regensburg Wöhrdstraße
de:09362:16012	Regensburg Würzburger Straße
de:09362:14085	Regensburg Zeißstraße
de:09362:14087	Regensburg Ziegetsdorf
de:09362:546	Regensburg Ziegetsdorfer Höhe
de:09362:13030	Regensburg Zuckerfabrikstraße
de:09362:17005	Regensburg Zur Hohen Linie
de:09362:15039	Regensburg, Clermont-Ferrand-Allee
de:09362:12	Regensburg, Dechbettener Straße
de:09362:9	Regensburg, Erboweg
de:09362:11052	Regensburg, Ernst-Reuter-Platz
de:09362:14093	Regensburg, FOS/BOS Regensburg
de:09362:14010	Regensburg, Franz-Mayer-Straße
de:09362:11091	Regensburg, HBF/Arcaden
de:09362:11	Regensburg, Hoppestraße
de:09362:235	Regensburg, Irl
de:09362:14100	Regensburg, Kirchmeierstraße
de:09362:14096	Regensburg, Klinikum West
de:09362:10	Regensburg, Prüfening Bahnhof
de:09362:15025	Regensburg, Rennplatz
de:09362:10339	Regensburg-Burgweinting
de:09362:1	Regensburg-Prüfening
de:09375:22000	Regenstauf
de:09375:975	Regenstauf Abzw. Gutenbergstr.
de:09375:1009	Regenstauf Am Gallmoos
de:09375:56	Regenstauf Am Gr. Weg
de:09375:400	Regenstauf Bayernstr.
de:09375:77	Regenstauf Beethovenstr.
de:09375:401	Regenstauf Benzstr.
de:09375:1011	Regenstauf Busbahnhof
de:09375:963	Regenstauf Eckert Schulen
de:09375:919	Regenstauf Frühlingstraße
de:09375:965	Regenstauf Gerh.-Hauptm.-Str.
de:09375:964	Regenstauf Goethestraße
de:09375:168	Regenstauf Gutenbergstr. Wendeplatz
de:09375:402	Regenstauf Gutenbergstraße
de:09375:961	Regenstauf Hauzensteiner Str.
de:09375:714	Regenstauf Johann-Strauß-Str.
de:09375:967	Regenstauf Kulturhaus
de:09375:403	Regenstauf Lohstraße
de:09375:966	Regenstauf Marktplatz
de:09375:715	Regenstauf Masurenweg
de:09375:962	Regenstauf Pestalozzistraße
de:09375:397	Regenstauf Regenbrücke
de:09375:1006	Regenstauf Reha-Klinik
de:09375:917	Regenstauf Schneitweger Str.
de:09375:396	Regenstauf Schulzentrum
de:09375:918	Regenstauf Sonnenwinkel
de:09375:406	Regenstauf Straßäcker
de:09375:399	Regenstauf Valentinsbad
de:09375:916	Regenstauf Zentrum/Bahnhof
de:09375:957	Regenstauf, Am Spangl
de:09375:398	Regenstauf, Post
de:09375:1007	Regenstauf, Zentrum/Bahnhof
de:09472:22861	Regenthal Abzw. Waidach
de:09472:22863	Regenthal Siedlung
de:09571:12737	Regmannsdorf
de:09779:6539	Rehau, Kirche
de:09779:6460	Rehau, Steinbuckstraße
de:09573:5687	Rehdorf Kindergarten
de:09573:5685	Rehdorf Ortsmitte
de:09577:16727	Rehenbühl Mitte
de:09577:16728	Rehenbühl Schulstr.
de:09577:16579	Rehlingen Ortsmitte
de:09577:16574	Rehlingen Steinbruch
de:09675:21155	Rehweiler
de:09675:4998	Rehweiler Kellerberg
de:09675:4999	Rehweiler Kirche
de:09675:75443	Rehweiler Ortsmitte
de:09571:13208	Reichardsroth
de:09564:1911	Reichelsdorfer Keller
de:09571:13483	Reichelshofen
de:09474:9752	Reichelsmühle
de:09373:17306	Reicheltshofen
de:09571:12128	Reichenau
de:09371:18173	Reichenbach (b. Auerbach)
de:09571:13528	Reichenbach (Wassertrüd.) Ort
de:09479:10085	Reichenbach bei Nagel
de:08136:5830	Reichenbach Wellandstraße
de:09479:15206	Reichenbach, Abzw,Hohenbrand (Ofr)
de:09571:11799	Reichenbach/Feuchtw. Ortsmitte
de:09571:11800	Reichenbach/Feuchtwangen FWH
de:09373:17307	Reichenholz
de:09574:7670	Reichenschwand
de:09574:7672	Reichenschwand Rathaus
de:09375:833	Reichenstetten
de:09371:18273	Reichenunholden
de:09576:8901	Reichersdorf
de:09376:80059	Reichertberg b. Burglengenfeld
de:09373:17820	Reichertshofen Ort
de:09577:16775	Reichertsmühle b. Pleinfeld
de:09779:6558	Reichertswies, Ort
de:09373:17985	Reichertswinn
de:09471:21683	Reichmannsdorf
de:09678:25848	Reichmannshausen Ferienhaussiedlung
de:09678:3353	Reichmannshausen Kirche
de:09678:27404	Reichmannshausen Ortsmitte
de:09474:9858	Reifenberg
de:09375:21023	Reifenthal
de:09375:21027	Reifenthal Blumenstraße
de:09371:19274	Reinbrunn
de:09572:6881	Reinersdorf
de:09475:9084	Reinersreuth
de:09475:80458	Reinersreuth Schulbus
de:09575:14415	Reinhardsh./Gutenst. Aischwiesen
de:09678:27714	Reinhardshausen
de:09375:407	Reinhardshofen
de:09375:21025	Reinhardsleiten
de:08127:20353	Reinsbürg Abzw.
de:08127:20333	Reinsbürg Ort
de:09571:12631	Reinswinden
de:09576:8893	Reinwarzhofen Hauptstr.
de:09576:8905	Reinwarzhofen Mitte
de:09472:23158	Reipertsgesee
de:09577:16564	Reisach (b. Höttingen)
de:09371:19343	Reisach (b. Vilseck)
de:09472:22684	Reisach (bei Pegnitz)
de:09472:23606	Reislas
de:09479:8798	Reissingerhöhe
de:09373:17626	Reitelsh. Meisterei Lauterh.
de:09373:17623	Reitelshofen
de:09375:122	Reiterberg
de:09672:27405	Reitersw. Kissing./C. Diem Str.
de:09672:27406	Reiterswiesen Altes Rathaus
de:09472:23096	Reizendorf
de:09273:311	Reißing, Kirche
de:09373:17868	Rengersricht Erlenstr.
de:09373:17869	Rengersricht Kirchplatz
de:09185:7679	Rennertshofen, Marktstraße
de:09185:7836	Rennertshofen, Mittelweg
de:09185:7799	Rennertshofen, Trugenhofener
de:09185:7764	Rennertshofen, Volksschule
de:09575:14319	Rennhofen
de:09362:716	Rennplatz Nord
de:09674:75111	Rentweinsdorf
de:09674:15442	Rentweinsdorf Om
de:09574:7729	Renzenhof
de:09675:29678	Repperndorf Am Mühlbach
de:09675:29677	Repperndorf Am Oberen Tor
de:09474:9283	Rettern Kapellenberg
de:09474:9284	Rettern Leithenweg
de:09573:5358	Retzelfembach Fembachstr.
de:09573:5357	Retzelfembach Rangau-Stüberl
de:08127:20351	Reubach Eisenmann
de:08127:20347	Reubach Gießerei
de:08127:29223	Reubach Ort
de:08127:26830	Reubach Turnhalle
de:09572:6842	Reumannswind
de:09478:27153	Reundorf (Lkr. LIF) Ortsmitte
de:09471:21241	Reundorf Kirche
de:09478:27151	Reundorf Maintal Polsterbetten
de:09675:29396	Reupelsdorf
de:09675:25733	Reupelsdorf Dorfplatz
de:09571:11682	Reusch (b. Rothenburg o.T.)
de:09575:14978	Reusch (b. Weigenheim) Ort
de:09575:14979	Reusch (Weigenh.) Mathildenhof
de:09371:18853	Reusch bei Kastl
de:09674:16426	Reutersbrunn Ortsmitte
de:09377:7170	Reuth (b Erbendorf)
de:09474:9102	Reuth (b. Fo.) Auf d. Hut
de:09474:9103	Reuth (b. Forchh.) Lärchenweg
de:09474:9105	Reuth (b. Forchh.) Sparkasse
de:09574:7524	Reuth (b. Leinburg)
de:09476:16224	Reuth (b. Weißenbrunn)
de:09478:27547	Reuth (b.Burgkunstadt)
de:09478:27677	Reuth (b.Hochstadt)
de:09571:13122	Reuth (b.Neuendettelsau) Mitte
de:09474:9108	Reuth (FO) Hutstr./Bergwirt
de:09577:16859	Reuth am Wald (b. Raitenbuch)
de:09377:10196	Reuth bei Kastl
de:09572:6882	Reuth bei Weisendorf
de:09577:16431	Reuth unter Neuhaus
de:09377:7169	Reuth, Dr. Witt Platz
de:09471:21882	Reuthlos
de:09376:80319	Reuting
de:08128:12391	Reutsachsen, Ort
de:09572:6883	Rezelsdorf
de:09362:12001	Rgbg. A. d. Weichser Breiten
de:09362:11000	Rgbg. Abzw. Hint. Keilbergstr.
de:09362:15002	Rgbg. An den Klostergründen
de:09362:14074	Rgbg. Bischof-Konrad-Straße
de:09362:16035	Rgbg. Drehergasse
de:09362:14023	Rgbg. Evang. Zentralfriedhof
de:09362:14026	Rgbg. Fernsehsender Ziegetsdorf
de:09362:14028	Rgbg. Friedrich-Ebert-Straße
de:09362:151	Rgbg. Gallingkofen/Hochmuth
de:09362:12031	Rgbg. Keilberger Hauptstraße
de:09362:12040	Rgbg. Lichtenfelser Straße
de:09362:12042	Rgbg. Mecklenburger Straße
de:09362:15020	Rgbg. Michael-Burgau-Straße
de:09362:14066	Rgbg. Oberer kath. Friedhof
de:09362:13024	Rgbg. Peter-Henlein-Straße
de:09362:16010	Rgbg. Pfaffensteiner Brücke
de:09362:12053	Rgbg. Sallerner Berg
de:09362:12075	Rgbg. Siebenbürgener Str.
de:09362:12078	Rgbg. Sudetendeutsche Straße
de:09362:14082	Rgbg. Unterer kath. Friedhof
de:09362:14090	Rgbg. Wolfgangschule Nord
de:09371:18854	Richt bei Kastl
de:09376:80321	Richt, Siedlung bei Schwandorf
de:09373:17982	Richterhof
de:09375:1658	Richterskeller
de:09373:17308	Richtheim (b. Berg/NM) Ort
de:09371:19276	Richtheim (b. Ursensollen)
de:09373:17523	Richthof bei Freystdt
de:09373:17986	Richthofen
de:09373:17312	Riebling Ort
de:09176:8295	Ried (Dollnstein)
de:09185:8479	Ried, Eugen-Erdner-Str.
de:09185:7811	Ried, Gemeindehaus
de:09185:8478	Ried, Gh Heiß
de:09779:6627	Ried, Ort
de:09371:18261	Riedelhof (b. Birgland)
de:09371:18281	Riedelhof (b. Birgland) Gasth.
de:09176:7718	Riedelshof, Abzeigung
de:09371:19102	Rieden Brücke
de:09371:19104	Rieden Freibad
de:09273:317	Riedenburg, Großparkpl/Zentrum
de:09273:796	Riedenburg, Grund- und Mittelschule
de:09273:365	Riedenburg, Hemauer/A Gartenstr
de:09273:11392	Riedenburg, Kloster St. Anna
de:09273:11358	Riedenburg, Realschule St. Anna
de:09273:80659	Riedenburg, Schambachbrücke
de:09273:364	Riedenburg, Schullandh/A Kreisstr
de:09273:333	Riedenburg, Seniorenwohnheim
de:09273:334	Riedenburg, St.-Anna-Brücke
de:09273:335	Riedenburg, Staatl. Realschule
de:09273:80660	Riedenburg, Uferstraße
de:09185:7801	Riedensheim, Auenstraße
de:09185:7802	Riedensheim, Tierheim
de:09576:8239	Riedersdorf
de:09373:17938	Riedhof (b. Seubersd.)
de:09472:23160	Riegelstein
de:09375:408	Riegling Kleinprüfening
de:09176:8363	Rieshofen, Kindergarten
de:09371:18356	Riglashof (b. Edelsfeld)
de:09371:18671	Riglashof (b. Hirschbach)
de:09377:7579	Riglasreuth, Abzw
de:09675:29260	Rimbach
de:09575:14597	Rimbach (b. Markt Erlbach)
de:08136:55061	Rindelbach Dankoltsweilerstr.
de:08136:5049	Rindelbach Fischbachstraße
de:08136:5048	Rindelbach Hoher Garten
de:08136:5088	Rindelbach Kellerhausstraße
de:08136:5085	Rindelbach Remsstraße
de:08136:5086	Rindelbach Sandäckerstraße
de:08136:5305	Ringlesmühle
de:09577:16886	Rittern
de:09576:8481	Rittersbach Bierweg
de:09576:8482	Rittersbach Lorenzberg
de:09576:8484	Rittersbach Mitte
de:09373:17157	Rittershof Ahntweg
de:09373:17159	Rittershof Kapellenweg
de:09371:18790	Ritzelsdorf
de:09371:18793	Ritzenfeld
de:09563:2653	Ritzmannshof
de:09571:11801	Rißmannschallbach
de:08136:5202	Rn-Dalkingen Ellwanger Straße
de:08136:5207	Rn-Goldshöfe Aalener Str
de:09574:7731	Rockenbrunn
de:09373:17710	Rocksdorf
de:09375:16052	Rodau Altenheim
de:09377:15858	Rodenzenreuth
de:09575:14707	Rodheim
de:09376:717	Roding
de:09575:14925	Rohensaas
de:09477:3860	Rohr
de:09373:17528	Rohr (b. Freystadt)
de:09576:8713	Rohr (Lkr.RH) Abz. Gewerbegeb.
de:09576:8712	Rohr (Lkr.RH) Dorfplatz
de:09576:8714	Rohr (Lkr.RH) Gewerbegebiet
de:09576:8711	Rohr (Lkr.RH) Hauptstr.
de:09576:8717	Rohr (Lkr.RH) Kindergarten
de:09576:8737	Rohr (Lkr.RH) Weiler Berg
de:09273:813	Rohr, Gymnasium
de:09273:893	Rohr, Landshuter Str.
de:09273:924	Rohr, Rathaus/Zentrum
de:09273:934	Rohr, Seniorenwohnheim
de:09273:852	Rohr, Volksschule
de:09577:16537	Rohrach
de:09375:413	Rohrbach
de:09571:12132	Rohrbach (b. Bechhofen)
de:09185:7779	Rohrbach, Herleinstraße
de:09375:21026	Rohrdorf
de:09375:21029	Rohrdorf Kreuzung
de:09571:12535	Rohrmühle (b. Flachslanden)
de:09574:7580	Rollhofen
de:09574:7581	Rollhofen Ort
de:09462:22438	Rollwenzelei
de:09478:27259	Romansthal Ortsmitte
de:09478:27261	Romansthal Parkpl. Staffelberg
de:09779:6445	Ronheim, Unterführung
de:09563:2473	Ronhof
de:09563:2466	Ronhof Alte Reutstr.
de:09563:2474	Ronhof Feuerwehrhaus
de:09563:2346	Ronhof Gründlacher Str.
de:09563:2472	Ronhof Heldstr.
de:09563:2471	Ronhof Im Stöckig
de:09563:2351	Ronhof Jenaer Str.
de:09563:2465	Ronhof Sportpark
de:09563:2349	Ronhof Steingartenweg
de:09563:2475	Ronhofer Hauptstr.
de:09373:17992	Ronsolden Ortsmitte
de:09374:15714	Rosamühle
de:09471:20783	Roschlaub
de:09571:12550	Rosenbach (b. Flachslanden)
de:09474:9193	Rosenbach (b. Neunkirch.a.Br.)
de:09571:13298	Rosenberg (b. Rügland)
de:09575:14171	Rosenbirkach
de:09377:7784	Rosenbühl bei Kemnath
de:09472:22742	Rosenhammer/Weidenbg. Ind.Geb.
de:09472:22683	Rosenhof (bei Pegnitz)
de:09574:7332	Rosenmühle
de:09473:15217	Rossach Abzw B 4
de:09473:15216	Rossach Abzw Bahnhof
de:08136:5094	Rotenbach Burgstraße
de:08136:2419	Rotenbach Hubertusweg
de:09362:718	Roter-Brach-Weg
de:09576:8000	Roth
de:09571:12730	Roth (b. Herrieden)
de:09478:27159	Roth (b. Lif) Büschlein
de:09478:27156	Roth (b. Lif) Mitte
de:09478:27157	Roth (b. Lif) Schule
de:09471:21883	Roth (b. Zapfendorf)
de:09576:8003	Roth A.-Seitz Weg
de:09576:8120	Roth Abenberger Str.
de:09576:8050	Roth Abzw. An der Lände
de:09576:8008	Roth Allersberger Str.
de:09576:8060	Roth Allersberger Str./Lidl
de:09576:8040	Roth Alte Barnsdorfer Str.
de:09576:8011	Roth Am Espan
de:09576:8014	Roth Am Hasenbühl
de:09576:8012	Roth Am Hochgericht
de:09576:8020	Roth An der Lände
de:09576:8015	Roth Auf der Kupferplatte
de:09576:8027	Roth Aurach-Weg
de:09576:8001	Roth Bahnhofstr.
de:09576:8016	Roth Belmbracher Str.
de:09576:8017	Roth Einsteinstr.
de:09576:8098	Roth Firma Leoni
de:09576:8018	Roth Fr.-Ebert-Str.
de:09576:8013	Roth Friedhof
de:09576:8047	Roth Förderzentrum
de:09576:8019	Roth Gartenstr.
de:09576:8022	Roth Gildestr.
de:09576:8024	Roth Gutenbergstr.
de:09576:8025	Roth Hans-Breckwoldt-Str.
de:09576:8006	Roth Hilpoltsteiner Str.
de:09576:8028	Roth Kreisklinik
de:09576:8029	Roth Landratsamt
de:09576:8031	Roth M.-Gesner-Str.
de:09576:8090	Roth Marktplatz
de:09576:8023	Roth Mühlbergweg
de:09576:8033	Roth Mühlgasse
de:09576:8100	Roth Münchener Str./Norma
de:09576:8034	Roth Nordring
de:09576:8035	Roth Norisstr.
de:09576:8036	Roth Nürnberger Str.
de:09576:8038	Roth Ostring
de:09576:8039	Roth P.-Henlein-Str.
de:09576:8041	Roth Parkstr.
de:09576:8042	Roth Rednitzbrücke
de:09576:8043	Roth Regensburger Ring
de:09576:8044	Roth Robert-Koch-Str.
de:09576:8062	Roth Rothmühl-Passagen
de:09576:8046	Roth Schlesier Str.
de:09576:8048	Roth Schule Gartenstr.
de:09576:8007	Roth Schulzentrum
de:09576:8095	Roth Sieh-Dich-Für-Weg
de:09576:8053	Roth Steinerne Eiche
de:09576:8054	Roth Stieberstr.
de:09576:8052	Roth Städtlerstr.
de:09576:8030	Roth Sudetenstr.
de:09576:8055	Roth Uhlandstr.
de:09576:8092	Roth Unteres Tor
de:09576:8056	Roth Virchowstr.
de:09576:8058	Roth Weinbergweg
de:09576:8059	Roth Westring
de:09576:8057	Roth Westring/Netto
de:09576:8061	Roth Willy-Supf-Platz
de:09576:8063	Roth Zunftstr.
de:09576:8002	Roth., Bahnhof Nordausgang
de:09576:8115	Rothaurach Feuerwehrhaus
de:09576:8112	Rothaurach Nibelungenring
de:09576:8113	Rothaurach Ost
de:09576:8111	Rothaurach Schwabacher Str.
de:09576:8114	Rothaurach Wodanstr.
de:09779:6538	Rothenberg
de:09573:5251	Rothenberg (b. Obermichelb.)
de:09473:15306	Rothenberg (b. Seßlach)
de:09574:7565	Rothenbruck
de:09571:11604	Rothenburg Adam-Hörber-Str.
de:09571:11610	Rothenburg An der Landhege
de:09571:11603	Rothenburg Ansbacher Str.
de:09571:11606	Rothenburg Bensenstr.
de:09571:11608	Rothenburg Bezoldweg
de:09571:11614	Rothenburg Bleiche/Schulzentr.
de:09571:11615	Rothenburg Bronnenmühle
de:09571:11613	Rothenburg Dinkelsbühler Str.
de:09571:11617	Rothenburg Doppelbrücke
de:09571:11623	Rothenburg E.-Geißendörfer-Str
de:09571:11609	Rothenburg Fa. AEG
de:09571:11618	Rothenburg Friedhof
de:09571:11616	Rothenburg Grafenruh
de:09571:11624	Rothenburg Hallenbad
de:09571:11628	Rothenburg Heckenackerstr.
de:09571:11629	Rothenburg Heim-Gottes-Weg
de:09571:11627	Rothenburg Herterichweg
de:09571:11633	Rothenburg Kirchplatz
de:09571:11637	Rothenburg Krankenhaus
de:09571:11639	Rothenburg Lauterbachstr.
de:09571:11640	Rothenburg Moritzgrundweg
de:09571:11611	Rothenburg o.T. Berufsschule
de:09571:11600	Rothenburg ob der Tauber
de:09571:11643	Rothenburg P1 Fr.-Hörner-Weg
de:09571:11646	Rothenburg Rinkenbergweg
de:09571:11649	Rothenburg Schlachthof
de:09571:11651	Rothenburg Schrannenplatz
de:09571:11654	Rothenburg Schweinsdorfer Str.
de:09571:11656	Rothenburg Spitalgasse
de:09571:11659	Rothenburg Topplerweg
de:09571:11665	Rothenburg Wasserberg
de:09571:11667	Rothenburg Weidleinsweg
de:09571:11641	Rothenburg Östliche Lindenstr.
de:09273:728	Rothenbügl, Abzw Staatsstr.
de:09273:454	Rothenbügl, Ortsmitte
de:09576:8542	Rotheneichmühle
de:09377:2281	Rothenfurth, Abzw
de:09373:17527	Rothenhof
de:09471:20748	Rothensand
de:09363:20	Rothenstadt Kriegerdenkmal
de:09363:19	Rothenstadt Sparkasse
de:09363:17	Rothenstadt Steinige Äcker
de:09363:18	Rothenstadt, Schule
de:09577:16089	Rothenstein
de:09477:4085	Rother Hügel
de:09672:27421	Rothhausen Am Brunnen
de:09672:25840	Rothhausen Schule
de:09478:27158	Rothmannsthal
de:09477:15548	Rothwind
de:09376:8475	Rottendorf
de:09376:7395	Rottendorf, Abzw
de:09674:75054	Rottenstein
de:09672:75200	Rottershausen
de:09672:27424	Rottershausen Am alten Bahnhof
de:09672:5946	Rottershausen Bahnhof,Altenfelderhof
de:09672:27425	Rottershausen Haus der Bäuerin
de:09672:27426	Rottershausen Umgehungsstr
de:09672:27428	Rottershausen Waldsiedlung
de:09575:14118	Roßbach (b. Baudenbach)
de:09376:80734	Roßbach, Abzw
de:09376:719	Roßbergeröd
de:09376:12765	Roßbergeröd, Abzw.
de:08127:20324	Roßbürg Ort
de:09471:20778	Roßdach
de:09471:21742	Roßdorf am Berg
de:09471:20938	Roßdorf am Forst
de:09573:5087	Roßendorf
de:09577:16899	Roßmeiersdorf
de:09674:25845	Roßstadt An der Kirche
de:09674:27412	Roßstadt Brauerei
de:09573:5150	Roßtal
de:09573:5152	Roßtal Buchschwabacher Str.
de:09573:5153	Roßtal Clarsbacher Str.
de:09573:5158	Roßtal Frankenstr.
de:09573:5157	Roßtal Kapellstr.
de:09573:5154	Roßtal Mittelschule
de:09573:5165	Roßtal Ostringstr.
de:09573:5163	Roßtal Schwalbenhof
de:09573:5155	Roßtal Sparkasse
de:09573:5156	Roßtal Sprangerstr.
de:09573:5159	Roßtal Untere Bahnhofstr.
de:09573:5162	Roßtal Wegbrücke/Rathausgas.
de:09573:5167	Roßtal Wilhelm-Löhe-Str.
de:09573:5160	Roßtal-Wegbrücke
de:09373:17260	Roßthal
de:09571:12023	Ruckertshofen
de:09476:3885	Rucksmühle
de:09576:8619	Rudelsdorf Ort
de:09576:8620	Rudelsdorf Windsbacher Str.
de:09779:6773	Rudelstetten, Abz Muttenau
de:09779:6506	Rudelstetten, Kirche
de:09779:7295	Rudelstetten, Pflegweg
de:09674:27583	Rudendorf
de:09373:17790	Rudenshofen
de:09373:17259	Rudertshofen
de:09576:8571	Rudletzholz Ab. Selingstadt
de:09576:8573	Rudletzholz Feuerwehrhaus
de:08127:21004	Rudolfsberg Abzw
de:08127:21005	Rudolfsberg Zum Grünen Wald
de:09574:7076	Rudolfshof Aussiger Str.
de:09574:7077	Rudolfshof Gablonzer Str.
de:09574:7173	Rudolfshof Nord
de:09574:7078	Rudolfshof Schule
de:09373:17792	Rudolfshöhe
de:09575:14941	Rudolzhofen
de:09375:578	Rufenried
de:09571:13646	Ruffenhofen Limeseum
de:09571:13645	Ruffenhofen Ort
de:09477:3733	Rugendorf Badstr. B 303
de:09477:3734	Rugendorf Dorfplatz
de:09477:3735	Rugendorf Langenbühl
de:09373:17530	Rumleshof
de:09574:7886	Rummelsberg Hospiz
de:09574:7887	Rummelsberg Wichernhaus
de:09371:18116	Rummersricht
de:09371:18117	Rummersricht Am Lohgraben
de:09371:18478	Rumpelmühle
de:09678:29125	Rundelshausen
de:09374:16883	Runkenreuth
de:09176:7641	Rupertsbuch
de:09674:75104	Ruppach, Ortsmitte
de:09571:12536	Ruppersdorf
de:09373:17647	Ruppertslohe
de:09576:8903	Ruppmannsburg Mitte
de:09576:8904	Ruppmannsburg Tierpension
de:09374:7517	Rupprechtsreuth, Abzw
de:09374:3808	Rupprechtsreuth, Ort
de:09574:7440	Rupprechtstegen
de:09574:7441	Rupprechtstegen Ab. Raitenberg
de:09574:7446	Rupprechtstegen Abzw. Bahnhof
de:09575:14817	Ruthmannsweiler
de:09471:20739	Röbersdorf Abtsweg
de:09471:20745	Röbersdorf Brücke
de:09471:20744	Röbersdorf Kirche
de:09572:6576	Röckenhof
de:09576:8541	Röckenhofen
de:09371:19051	Röckenricht
de:09373:17345	Röckersbühl
de:09571:13274	Röckingen Am Binsenbuck
de:09571:13271	Röckingen Mitte
de:09571:13272	Röckingen Röthhof
de:09373:17161	Rödelberg
de:09675:29375	Rödelsee Abzw. Schwanberg
de:09675:29373	Rödelsee Kirche
de:09675:29374	Rödelsee Mönchshöflein
de:09462:22431	Rödensdorf Ortsmitte
de:09462:22433	Rödensdorf Siedlung
de:09571:11815	Rödenweiler
de:09571:12584	Rödersdorf
de:09371:18626	Rödlas (b. Hirschau)
de:09474:9191	Rödlas (b. Neunkirchen a.Br.)
de:09779:6553	Rögling
de:09572:6545	Röhrach
de:09675:29386	Röhrensee Abzw.
de:09478:27479	Röhrig (Altenkuns.) Mittelschule
de:09478:27475	Röhrig (Altenkunst.) Ortsmitte
de:09472:22813	Röhrig (Kr BTLA)
de:09472:22815	Röhrig (Kr BTLA) Haus Nr. 42
de:09674:29957	Römershofen Ortsmitte
de:09571:12731	Rös
de:09571:12827	Röshof
de:09479:80765	Röslau
de:09479:9661	Röslau, Brücklas
de:09479:9114	Röslau, Bödlas
de:09479:9037	Röslau, Grün Kriegerdenkmal
de:09479:9116	Röslau, Heibl
de:09479:9118	Röslau, Marktplatz
de:09479:9117	Röslau, Schule
de:09479:9115	Röslau, Thusmühle
de:09479:9660	Röslau, Wunsiedler Str.
de:08136:1925	Röthardt
de:08136:1926	Röthardt Kapelle
de:09576:8181	Röthenb. (St W) In d. Lach
de:09576:8185	Röthenb.(St W) Am Richterh.
de:09576:8186	Röthenb.(St W) Schwarzachhöhe
de:09574:7262	Röthenb./Altd. Altdorfer Kirchweg
de:09479:7822	Röthenbach
de:09574:7712	Röthenbach (Pegn) Goethestr.
de:09574:7701	Röthenbach (Pegn) Mitte
de:09574:7703	Röthenbach (Pegn) Post
de:09574:7705	Röthenbach (Pegn) Rathaus
de:09574:7707	Röthenbach (Pegn) Schulzentrum
de:09574:7702	Röthenbach (Pegn) Sparkasse
de:09574:7706	Röthenbach (Pegn) Sulzb. Str.
de:09574:7700	Röthenbach (Pegnitz)
de:09576:8188	Röthenbach (St W) Mitte
de:09377:7789	Röthenbach a. Steinwald
de:09374:80779	Röthenbach Bahnhof. b. Kohlberg
de:09479:15725	Röthenbach, Peunt,Arzberg (Oberfr)
de:09574:7708	Röthenbach-Mühllach
de:09574:7710	Röthenbach-Seespitze
de:09574:7720	Röthenbach-Steinberg
de:09574:7704	Röthenbach/Pegn Tankst. Hammer
de:09574:7709	Röthenbach/Pegn. H.-Diehl-Str.
de:09574:7334	Röthenfeld
de:09374:7227	Röthenlohe
de:09678:3328	Röthlein Am Etzberg
de:09678:27413	Röthlein Hauptstraße 63
de:09678:27431	Röthlein Hauptstraße 72
de:09678:27415	Röthlein Rathaus
de:09678:27416	Röthlein Schule
de:09678:27417	Röthlein Siedlung
de:09678:27418	Röthlein Umgehungsstraße
de:09572:6711	Röttenb.(ERH) Haupt-/Ringstr.
de:09572:6714	Röttenb.(Lkr. ERH) Gewerbering
de:09572:6718	Röttenb.(Lkr.ERH) Ev. Kinderg.
de:09572:6713	Röttenb.(Lkr.ERH) Mühlbg.Str.
de:09572:6715	Röttenb.(Lkr.ERH)Forchh.Weg
de:09571:12131	Röttenbach (b. Bechhofen)
de:09571:12923	Röttenbach (Leutersh) Ortsmit.
de:09572:6716	Röttenbach (Lkr.ERH) Eiche
de:09576:8672	Röttenbach (Lkr.RH) Bartl
de:09576:8670	Röttenbach (Lkr.RH) Frankenstr
de:09576:8671	Röttenbach (Lkr.RH) Ortsmitte
de:09576:8673	Röttenbach (RH) Köhlerweg
de:09576:8682	Röttenbach (RH) Maiglerstr.
de:09576:8679	Röttenbach (RH) Rathaus
de:09576:8677	Röttenbach (RH) Schule
de:09576:8676	Röttenbach (RH) Steinfeld
de:09576:8678	Röttenbach (RH) Zeppelinstr.B2
de:08136:4808	Röttingen Abzw.
de:08136:4809	Röttingen Dreyerstraße
de:08136:4810	Röttingen Rathaus
de:09574:7368	Rübleinshof
de:09373:17258	Rübling
de:09574:7751	Rückersdorf (Mfr) Mitte
de:09574:7754	Rückersdorf (Mfr) West
de:09574:7750	Rückersdorf (Mittelfr)
de:09675:27870	Rüdenhausen Sandstraße
de:09675:6948	Rüdenhausen Schulbus Hst.
de:09675:29381	Rüdenhausen, Kirchplatz
de:09675:29385	Rüdern
de:09575:14879	Rüdern (b. Sugenheim)
de:09575:14073	Rüdisbronn Aussiedlerhof
de:09575:14071	Rüdisbronn Kirche
de:09575:14074	Rüdisbronn Rüdigerplatz
de:09674:15833	Rügheim Fa. Hochrein
de:09674:15834	Rügheim Marktplatz
de:09674:3982	Rügheim Schloßweg
de:09674:16394	Rügheim Siedlung
de:09571:13292	Rügland Gemeindeverwaltung
de:09571:13293	Rügland Kirche
de:09678:75055	Rügshofen
de:09571:13720	Rühlingstetten Ort
de:09373:17310	Rührersberg
de:09474:9610	Rüsselbach
de:09474:9159	Rüssenbach Ab. Tiefer Graben
de:09474:9160	Rüssenbach Lohrweg
de:09573:5089	Rütteldorf
de:09273:253	Saal (Donau)
de:09273:262	Saal/Donau, Abensberger Str.
de:09273:254	Saal/Donau, Christkönigs-Kirche
de:09273:471	Saal/Donau, Donaustr.
de:09273:298	Saal/Donau, Kelheimer Str.
de:09273:892	Saal/Donau,Haunersd/A Hunoldstr
de:09273:80513	Saalhaupt Obere Dorfstraße
de:09273:780	Saalhaupt, Untere Dorfstr.
de:09462:22441	Saas
de:09462:22443	Saas Ebenhof
de:09462:22445	Saas Erikaweg
de:09462:22447	Saas Glocke
de:09462:22449	Saas Glockenstr.
de:09462:22450	Saas Lerchenbühl
de:09462:22451	Saas Süd
de:09462:22453	Saas Südfriedhof
de:09462:22455	Saas Veilchenweg
de:09371:18177	Saaß (b. Auerbach i.d.OPf)
de:09376:80322	Saaß b. Burglengenfeld
de:09376:134	Saaß, Kreisstraße
de:09571:12134	Sachsbach
de:09571:13330	Sachsen (b Ansbach)
de:09571:13334	Sachsen (b. Ansbach) Bauhof
de:09571:12925	Sachsen (b.Leutershausen)
de:09571:13333	Sachsen Gh. Krone
de:09472:23117	Sachsendorf (b. Aufseß)
de:09474:9378	Sachsendorf (Gößweinst.) Mitte
de:09274:11738	Sachsendorf Abzw
de:09474:9377	Sachsendorf/Gößw. Gh Birkenh.
de:09474:9381	Sachsenmühle
de:09474:9380	Sachsenmühle B 470
de:09563:2476	Sack Blütenstr.
de:09563:2477	Sack Mitte
de:09563:2479	Sack Nord
de:09563:2654	Sack Sportplatzstr.
de:09563:2521	Sack West
de:09371:18181	Sackdilling
de:09674:7441	Sailershausen
de:09273:782	Saladorf, Abzw. Birnbach
de:09371:19278	Salleröd
de:09273:853	Sallingberg, Kirche
de:09571:13886	Sallmannshof
de:09674:15810	Salmsdorf
de:09572:6159	Saltendorf (b. Höchstadt/A)
de:09376:610	Saltendorf (Getr.Hausler), Abzw
de:09376:80323	Saltendorf bei Wernberg-Köblitz
de:09376:16691	Saltendorf, Feuerwehr
de:09376:173	Saltendorf, Hauptstraße
de:09376:381	Saltendorf, Schule
de:09471:21548	Sambach Kirche
de:09471:21549	Sambach Ost
de:09577:16384	Sammenheim
de:09371:18180	Sand
de:09674:3005	Sand Friedhof,Sand (Main)
de:09674:27928	Sand Kirchplatz,Sand (Main)
de:09674:27439	Sand Kriegerdenkmal,Sand (Main)
de:09674:27858	Sand Schule,Sand (Main)
de:09674:27142	Sand Zeiler Straße,Sand (Main)
de:09176:8571	Sandersdorf, Marienplatz
de:09176:8217	Sandersdorf, Schloß
de:09176:8216	Sandersdorf, Siedlung
de:09273:269	Sandharlanden, Abzw Kreisstr.
de:09273:2232	Sandharlanden, Alleestr.
de:09273:2473	Sandharlanden, Feuerwehr
de:09273:2234	Sandharlanden, Waldstr.
de:09479:15724	Sandmühle,Arzberg (Oberfr)
de:09477:3591	Sandreuth
de:09273:879	Sandsbach, Langquaider Str.
de:09273:81063	Sandsbach, Ortsende
de:09273:880	Sandsbach, West
de:09373:17988	Sankt Colomann
de:09577:16856	Sankt Egidi
de:09462:22471	Sankt Johannis/BT
de:09462:22473	Sankt Johannis/BT Ochsenhut
de:09371:18855	Sankt Lampert
de:09471:21206	Sankt Rochus
de:09571:11802	Sankt Ulrich (b. Feuchtwangen)
de:09577:16781	Sankt Veit
de:09373:17990	Sankt Wolfgang (b. Velburg)
de:09176:8734	Sappenfeld , Maibaum
de:09176:7640	Sappenfeld, Dorfstraße
de:09471:20751	Sassanfahrt Friedhof
de:09471:20752	Sassanfahrt Kellerstr.
de:09471:20755	Sassanfahrt Lottostelle
de:09471:20754	Sassanfahrt Pflegeheim
de:09471:20753	Sassanfahrt Sparkasse
de:09471:20756	Sassanfahrt Zimmerberg
de:09471:21886	Sassendorf Schulbushaltestelle
de:09377:9934	Sassenhof
de:09374:16895	Sassenreuth
de:08127:20283	Satteldorf Abzw. Neidenfels
de:08127:32560	Satteldorf Alexandrinenstift
de:08127:5324	Satteldorf Am Bahnhof
de:08127:20282	Satteldorf Bahnbrücke
de:08127:25615	Satteldorf Bahnhof
de:08127:22561	Satteldorf Industriestr./ALDI
de:08127:22560	Satteldorf Industriestr./L.Weiss-Str
de:08127:20281	Satteldorf Rathaus
de:09572:6884	Sauerheim
de:09475:12964	Sauerhof
de:09571:13772	Sauernheim
de:09472:23854	Saugendorf
de:09371:19279	Sauheim
de:09577:16386	Sausenhofen
de:09273:727	Sausthal, Abzw
de:09273:726	Sausthal, Naturfreundehaus
de:09375:423	Saxberg
de:09565:4173	SC Fürther Str./Wengleinstr.
de:09565:4175	SC Kettelerstr./Karlsbader Str
de:09565:4174	SC Limbacher Str./A.-Kraft-Str
de:09377:7669	Schadenreuth
de:09471:21529	Schadlos
de:09377:8129	Schafbruck
de:09779:5392	Schaffhausen
de:09176:7573	Schafhausen, Mühle
de:09176:8345	Schafhausen, Ortsmitte
de:09377:10213	Schafhof
de:09373:17163	Schafhof (b. NM)
de:09477:3721	Schafhof (b. Presseck)
de:09571:13379	Schafhof (b. Schillingsfürst)
de:09371:18315	Schafhof (Kr AS) Süd Schafhofw.
de:09371:18314	Schafhof (Kr AS) Süd Untere Zeil
de:09371:18313	Schafhof/Kr AS West Jubatus-Al.
de:09273:20504	Schafreut, Abzw
de:09565:4456	Schaftnach
de:09375:424	Schaggenhofen
de:09371:19453	Schalkenthan
de:09561:11421	Schalkhausen Kirchplatz
de:09561:11423	Schalkhausen Reiterweg
de:09561:11424	Schalkhausen Sonnenstr.
de:09561:11425	Schalkhausen Sperberweg
de:09562:3850	Schallershof
de:09678:27696	Schallfeld
de:09273:80658	Schambach
de:09577:16287	Schambach Kirche
de:09577:16286	Schambach Schule
de:09176:8078	Schambach, Gh Linde
de:09176:8079	Schambach, Schulbushst.
de:09472:23261	Schamelsberg
de:09176:7281	Schamhaupten, Dollnhof
de:09176:8218	Schamhaupten, Neustädter Str.
de:09471:21466	Schammelsdorf
de:09478:27372	Schammendorf
de:09571:11684	Schandhof
de:09371:18627	Scharhof
de:09375:425	Scharmassing
de:09472:22695	Scharthammer
de:09576:8625	Schattenhof
de:09471:20984	Schatzenhof
de:09575:14042	Schauerheim Mitte
de:09575:14046	Schauerheim Siedlung
de:09161:8620	Schaumühle
de:09374:16879	Scheckenhof
de:09471:21744	Schederndorf
de:09377:7171	Scheibe bei Erbendorf
de:09575:14809	Scheinfeld Amtsgericht
de:09575:14808	Scheinfeld Berufsbildungsz.
de:09575:14810	Scheinfeld Goethestr.
de:09575:14807	Scheinfeld Gymnasium
de:09575:14802	Scheinfeld Kirche
de:09575:14801	Scheinfeld Landwehrstr.
de:09575:14806	Scheinfeld Mittelschule
de:09575:14804	Scheinfeld Post
de:09575:14821	Scheinfeld Schloßgaststätte
de:09575:14812	Scheinfeld Südring
de:09176:8065	Schelldorf, Raiffeisen
de:09474:9658	Schellenberg
de:09779:6780	Schellenhof
de:09575:14038	Schellert
de:09472:23162	Schermshöhe  -2-
de:09472:23163	Schermshöhe  -3-
de:09472:23161	Schermshöhe -1-
de:09675:27852	Schernau Hohe Mühle
de:09675:29313	Schernau Schloßstraße
de:09473:16345	Scherneck Denkmal
de:09473:16346	Scherneck Fa. Seiler
de:09473:16412	Scherneck Kirche
de:09176:7639	Schernfeld, Eichstätterstraße
de:09176:8883	Schernfeld, Schule
de:09374:16853	Scherreuth
de:09374:7160	Scherreuth, Abzw
de:09273:741	Scheuern, Abzw Staatsstr.
de:09273:315	Scheuern, Ort
de:09471:20800	Scheßlitz Bahnhof
de:09471:20769	Scheßlitz Giechburgschule
de:09471:20804	Scheßlitz Juraklinik
de:09471:20802	Scheßlitz Kilianskirche
de:09471:20805	Scheßlitz Pfarrkirche
de:09471:20803	Scheßlitz Schulzentrum
de:09375:863	Schierling
de:09375:428	Schierling Abzw. Bahnhof
de:09375:1002	Schierling Antonileit'n
de:09375:429	Schierling BayWa
de:09375:430	Schierling Buchhausener Str.
de:09375:432	Schierling Leierndorfer Str.
de:09375:427	Schierling Mannsdorfer Str.
de:09375:433	Schierling Rathaus
de:09375:721	Schierling Spitzwegstraße
de:09375:434	Schierling Stifterstraße
de:09462:22066	Schießhaus Dialysezentrum
de:09462:22256	Schießhaus Stolzingstr.
de:09571:13350	Schillingsfürst Bahnhof
de:09571:13356	Schillingsfürst Hotel Alt.Post
de:09571:13351	Schillingsfürst Marktplatz
de:09571:13352	Schillingsfürst Realschule
de:09571:13357	Schillingsfürst Simonhölzl
de:09571:13358	Schillingsfürst Volksschule
de:09571:13353	Schillingsfürst Wasserturm
de:09477:16191	Schimmendorf
de:09478:5967	Schimmendorf Veitnhof
de:09477:16190	Schimmendorf Zentbachbrücke
de:09377:15902	Schindellohe, Abzw
de:09377:2278	Schindellohe, Ort
de:09674:27464	Schindelsee
de:09474:9285	Schirnaidel
de:09572:6682	Schirnsdorf Ersatzhaltestelle
de:09572:6681	Schirnsdorf Ort
de:09477:4143	Schirradorf
de:09377:15716	Schlackenhof,Albenreuth
de:09474:9889	Schlaifhausen Ortsmitte
de:09474:9888	Schlaifhausen Ost
de:09374:3768	Schlammersdorf
de:09474:9451	Schlammersdorf Brückenstr.
de:09474:9452	Schlammersdorf Gewerbegebiet
de:09474:9454	Schlammersdorf Kapellenweg
de:09474:9453	Schlammersdorf Kirche
de:09571:12981	Schlauersbach
de:09678:27465	Schleerieth Kirche
de:09678:25828	Schleerieth Schule
de:09473:15218	Schleifenhan
de:09574:7264	Schleifmühle (b. Altdorf)
de:09371:18563	Schleißdorf
de:09371:19356	Schlicht Am Anger
de:09371:19358	Schlicht Dr. Ringer
de:09371:19359	Schlicht Ringweg
de:09371:19357	Schlicht Schule
de:09577:16289	Schlittenhart
de:09476:16219	Schlottermühle
de:09575:14977	Schloß Frankenberg
de:09471:21557	Schloß Weißenstein
de:08136:4236	Schloßberg
de:09576:8575	Schloßberg (b. Heideck) Nord
de:09576:8576	Schloßberg (b. Heideck) Süd
de:08136:4251	Schloßberg Buchfeldstraße
de:08136:4252	Schloßberg Schwalbenstraße
de:09273:797	Schloßprunn, Parkplatz
de:09577:15610	Schlungenh. Ansbacher Str.
de:09577:15627	Schlungenh. Wohnmobilstellspl.
de:09577:15628	Schlungenhof Camping Herzog
de:09577:15602	Schlungenhof Kibitzweg
de:09577:15629	Schlungenhof L.-Kittsteiner-S.
de:09577:16182	Schlungenhof Laubenzedlerstr.
de:09577:16183	Schlungenhof Mitte
de:09577:16227	Schlungenhof Ringstr.
de:09577:16184	Schlungenhof Seezentrum
de:09373:17648	Schlögelsmühle
de:09477:3526	Schlömen
de:09176:8383	Schlößlmühle, Eibwang
de:09471:21244	Schlüsselau Ortsmitte
de:09471:21651	Schlüsselfeld Post
de:09471:21654	Schlüsselfeld Volksschule
de:09674:27665	Schmachtenberg
de:09571:12831	Schmalach
de:09571:12833	Schmalenbach
de:09376:80325	Schmalhof bei Wernberg
de:09571:12554	Schmalnbühl
de:09371:18359	Schmalnohe
de:09577:16091	Schmalwiesen
de:09571:13278	Schmalzmühle
de:09477:16185	Schmeilsdorf Ortsmitte
de:09477:16186	Schmeilsdorf Ziegelei
de:09373:17529	Schmellnricht
de:08128:12377	Schmerbach, Ort
de:09471:20854	Schmerldorf
de:09376:8487	Schmidgaden, Lohgraben
de:09376:8486	Schmidgaden, Metzgerei Götz
de:09376:8908	Schmidgaden, Obere Dorfstraße
de:09376:8517	Schmidgaden, Tevo
de:09371:19132	Schmidmühlen Bergstr.
de:09371:19133	Schmidmühlen Brücke
de:09371:19137	Schmidmühlen Hohenburger S.
de:09371:19135	Schmidmühlen Rasthaus
de:09371:19136	Schmidmühlen Schule
de:09371:19134	Schmidmühlen, Bahnhofstraße
de:09176:6919	Schmidpeterhof
de:09371:18448	Schmidtstadt
de:09374:11386	Schmierhof, Abzw
de:09377:7181	Schmierofen
de:09779:6779	Schmähingen
de:09476:16065	Schmölz J.-G.-Herzog-Str.
de:09476:16070	Schmölz Luitpoldstraße
de:09476:2989	Schmölz Schloß
de:09472:23790	Schnabelwaid
de:09472:23799	Schnabelwaid Abzw. Bahnhof
de:09472:23793	Schnabelwaid Hauptstr.
de:09472:23791	Schnabelwaid Ort
de:09475:9120	Schnackenhof
de:09577:16185	Schnackenmühle (b. Gunzenh.)
de:09678:27470	Schnackenwerth
de:09678:75233	Schnackenwerth Dorfplatz
de:09474:9455	Schnaid
de:09574:7807	Schnaittach Grundschule
de:09574:7800	Schnaittach Markt
de:09574:7808	Schnaittach Mittelschule
de:09574:7802	Schnaittach Raiffeisenb.
de:09371:19200	Schnaittenbach Alte Post
de:09371:19202	Schnaittenbach Am Festplatz
de:09371:19192	Schnaittenbach Am Forst
de:09371:19201	Schnaittenbach Brödlesfurth
de:09371:19194	Schnaittenbach Gh. Frühlingsg.
de:09371:19195	Schnaittenbach Gh. Weidner
de:09371:19199	Schnaittenbach KG St. Vitus
de:09371:19196	Schnaittenbach Kindlaser Weg
de:09371:19203	Schnaittenbach Nettomarkt
de:09371:19198	Schnaittenbach Neue Schule
de:09371:19191	Schnaittenbach Rathaus
de:09375:435	Schneckenbach
de:09375:218	Schneckenreuth
de:09373:17902	Schneemühle (b. Pilsach)
de:09571:13390	Schnelldorf
de:09571:13395	Schnelldorf Abzw. Buchmühle
de:09571:13392	Schnelldorf Dorfplatz
de:09571:13391	Schnelldorf Frankenlandhalle
de:09571:13396	Schnelldorf Fuchsenhof
de:09571:13393	Schnelldorf Gh zum Ochsen
de:09571:13394	Schnelldorf Post
de:09571:13399	Schnelldorf Rothenburger Str.
de:09571:13397	Schnelldorf Schule
de:09571:13398	Schnelldorf Siedlung
de:09571:13405	Schnelldorf, Sonnenstraße
de:09371:18360	Schnellersdorf
de:09675:29061	Schnepfenbach Am Dorfplatz
de:09571:11686	Schnepfendorf
de:09478:27160	Schney
de:09478:27167	Schney Grundschule
de:09478:27161	Schney Neuensorger Str.
de:09478:27163	Schney Post
de:09478:27165	Schney Raiffeisen-Volksbank
de:09576:8844	Schnittling
de:09575:14813	Schnodsenbach
de:09373:17939	Schnufenhofen
de:08128:12387	Schonach, Ort
de:09678:27474	Schonungen
de:09678:27843	Schonungen Apotheke
de:09678:75224	Schonungen Bachstraße
de:09678:3962	Schonungen Buchental
de:09678:5851	Schonungen Hegholz
de:09678:75483	Schonungen Kirche,Schonungen
de:09678:27840	Schonungen Realschule
de:09678:27839	Schonungen Schulweg
de:09678:25439	Schonungen Steinweg
de:09678:75433	Schonungen, Frühlingstraße
de:09678:75428	Schonungen, Fährhaus
de:09678:75429	Schonungen, Galgenberg
de:09678:75432	Schonungen, Kreuzbergring
de:09678:75430	Schonungen, Mainblick
de:09678:75431	Schonungen, Schrotberg
de:09576:8425	Schopfhof
de:09571:13443	Schopfloch Friedr.-Ebert-Str.
de:09571:13442	Schopfloch Jägerstr.
de:09571:13441	Schopfloch Marktplatz
de:09571:13446	Schopfloch Rohrbuck
de:09779:6730	Schopflohe
de:09571:13381	Schorndorf
de:09575:14923	Schornweisach Aussiedlerhof
de:09575:14927	Schornweisach Brunnen
de:09474:9574	Schossaritz
de:09473:16410	Schottenstein Abzw
de:09473:16413	Schottenstein Ort
de:09471:21151	Schrappach
de:09779:6503	Schrattenhofen
de:08136:2420	Schrezheim St-Georg-Straße
de:09574:7619	Schrotsdorf Hauptstr.
de:09574:7618	Schrotsdorf Mitte
de:09375:1700	Schrotzhofen Ort
de:08127:20528	Schrozberg Böhmweiler Ort
de:08127:20521	Schrozberg Enzenweiler
de:08127:20508	Schrozberg Gemmhagen
de:08127:20514	Schrozberg Hechelein Ort
de:08127:20520	Schrozberg Heiligenbronn
de:08127:20532	Schrozberg Hummertsweiler
de:08127:20525	Schrozberg Schöngras Ort
de:08127:20519	Schrozberg Spielbach Ort
de:08127:20530	Schrozberg Spindelbach
de:08127:20513	Schrozberg Standorf
de:08127:20515	Schrozberg Windischbockenfeld
de:08127:20511	Schrozberg Wolfskreut
de:09273:743	Schultersdorf
de:09574:7418	Schupf Ort
de:09377:15859	Schurbach
de:09576:8543	Schutzendorf Gasthaus
de:09576:8544	Schutzendorf Kirche
de:09565:4554	Schwab. Am Stein. Brücklein
de:09565:4153	Schwab. Beuglersweiher
de:09565:4573	Schwab. Heinrich-Krauß-Str.
de:09565:4577	Schwab. Nürnberger Tor Platz
de:09565:4563	Schwab. W.-v.-Eschenb.-Gym
de:09565:4411	Schwabach
de:09565:4162	Schwabach A.d.Rodelbahn
de:09565:4358	Schwabach Adam-Kraft-Str.
de:09565:4186	Schwabach Albrecht-Dürer-Str.
de:09565:4574	Schwabach Alte Linde
de:09565:4609	Schwabach Alte Rother Str.
de:09565:4604	Schwabach Altstadtring Süd
de:09565:4566	Schwabach Am Dachsbau
de:09565:4594	Schwabach Am Hohbuck
de:09565:4557	Schwabach Am Osang
de:09565:4545	Schwabach Angerstr.
de:09565:4155	Schwabach Ansbacher Str.
de:09565:4185	Schwabach Auf der Aich
de:09565:4176	Schwabach Austr./Polizei
de:09565:4450	Schwabach Bahnhof Ost
de:09565:4550	Schwabach Baywa/Bahnhof
de:09565:4551	Schwabach Bergner
de:09565:4462	Schwabach Berliner Str.
de:09565:4103	Schwabach Boxlohe
de:09565:4471	Schwabach Burggrafenstr.
de:09565:4570	Schwabach Carl-Pohl-Str.
de:09565:4181	Schwabach Dr.-Haas-Str.
de:09565:4152	Schwabach Eichwasen Nord
de:09565:4151	Schwabach Eichwasen Süd
de:09565:4150	Schwabach Eichwasen West
de:09565:4458	Schwabach Falbenholz
de:09565:4572	Schwabach Falbenholz Ost
de:09565:4461	Schwabach Falbenholz West
de:09565:4452	Schwabach Fichtestr.
de:09565:4556	Schwabach Fr.-Ebert-Str.
de:09565:4588	Schwabach Friedrich-Linkh-Str.
de:09565:4571	Schwabach Föhrenweg
de:09565:4182	Schwabach Förderzentrum
de:09565:4597	Schwabach Fürther Str.
de:09565:4451	Schwabach Gartenheim
de:09565:4552	Schwabach Gutenbergstr.
de:09565:4351	Schwabach Hardenbergstr.
de:09565:4587	Schwabach Haydnstr.
de:09565:4353	Schwabach Helmschule
de:09565:4356	Schwabach Helmschule Süd
de:09565:4548	Schwabach Hembacher Weg
de:09565:4555	Schwabach Hindenburgstr.
de:09565:4350	Schwabach Hochgericht
de:09565:4457	Schwabach Huma-Einkaufscenter
de:09565:4584	Schwabach Hördlertorstr.
de:09565:4575	Schwabach Igelsdorfer Weg
de:09565:4558	Schwabach Karlsbader Str.
de:09565:4171	Schwabach Klinggraben
de:09565:4567	Schwabach Krankenhaus
de:09565:4172	Schwabach Kreuzwegstr.
de:09565:4101	Schwabach Königsstr.
de:09565:4189	Schwabach Limbacher S./Nadlerstr.
de:09565:4190	Schwabach Ludwigstr.
de:09565:4170	Schwabach Markgrafensaal
de:09565:4158	Schwabach Martin-Luther-Pl.
de:09565:4595	Schwabach Museum
de:09565:4157	Schwabach Neutorstr.
de:09565:4349	Schwabach Niehoff
de:09565:4156	Schwabach Nord
de:09565:4553	Schwabach Nördlinger S.
de:09565:4187	Schwabach Nürnb. Str. Wende
de:09565:4589	Schwabach Parkbad
de:09565:4599	Schwabach Pinzenberg
de:09565:4603	Schwabach Realschule
de:09565:4354	Schwabach Rohrersmühle
de:09565:4602	Schwabach Rother Str.
de:09565:4160	Schwabach Schillerplatz
de:09565:4183	Schwabach Schillerstr.
de:09565:4596	Schwabach Schubertstr.
de:09565:4184	Schwabach Schöner Brunnen
de:09565:4179	Schwabach Schützenstr.
de:09565:4580	Schwabach Spitalberg
de:09565:4610	Schwabach St.-Gundekar-Haus
de:09565:4564	Schwabach Stadtpark
de:09565:4593	Schwabach Stadtwerke
de:09565:4180	Schwabach Steinmarckstr.
de:09565:4149	Schwabach Städtlerstr.
de:09565:4581	Schwabach Sulzbürgstr.
de:09565:4459	Schwabach Vogelherd
de:09565:4165	Schwabach Wasserwerk
de:09565:4188	Schwabach Weingässchen
de:09565:4605	Schwabach Wengleinstr.
de:09565:4606	Schwabach Wildbirnenweg
de:09565:4177	Schwabach Zwiefaltenerstr.
de:09565:4161	Schwabach Zöllnertorstr.
de:09565:4549	Schwabach, Herderstr.
de:09565:4592	Schwabach, Theodor-Heuss-Str.
de:09565:4598	Schwabach, Weißenburger Str.
de:09565:4410	Schwabach-Limbach
de:09362:12072	Schwabelweis Heyden
de:09362:12073	Schwabelweis Kirchstraße
de:09571:12634	Schwabsroth
de:09176:8207	Schwabstetten
de:09478:27266	Schwabthal Ortsmitte
de:09478:27278	Schwabthal Reha-Klinik
de:09574:7850	Schwaig
de:09574:7846	Schwaig Behringersdorfer Str.
de:09376:2753	Schwaig bei Schwarzenfeld
de:09574:7843	Schwaig Einkaufszentrum
de:09574:7844	Schwaig Fachmarktzentrum
de:09574:7859	Schwaig Friedenstr.
de:09574:7851	Schwaig Gartenstr.
de:09574:7849	Schwaig Hallen- und Freibad
de:09574:7845	Schwaig Lortzingstr.
de:09574:7821	Schwaig Marienbader Str.
de:09574:7848	Schwaig Max-Reger-Str.
de:09574:7853	Schwaig Max-Reger-Str. Nord
de:09574:7852	Schwaig Mittelbügweg
de:09574:7858	Schwaig Nelkenstr.
de:09574:7847	Schwaig Ost
de:09574:7855	Schwaig Reichswaldstr.
de:09574:7856	Schwaig Steinlachstr.
de:09574:7854	Schwaig Warthestr.
de:09273:11356	Schwaig, Gadener Straße
de:09273:2206	Schwaig, Hauptstr.
de:09375:436	Schwaighausen
de:09573:5229	Schwaighausen (b. Großhabersd)
de:09375:1111	Schwaighausen Wendeplatz
de:09273:2235	Schwaighausen, Abzw Kreisstr.
de:09371:18772	Schwand (b. Illschwang)
de:09571:12926	Schwand (b. Leutershausen)
de:09576:8758	Schwand (Schwanst) Gewerbegeb.
de:09576:8757	Schwand (Schwanst) Kath.Kirche
de:09576:8751	Schwand (Schwanst) Marktpl.
de:09576:8749	Schwand (Schwanst) Rosengasse
de:09576:8759	Schwand (Schwanstetten)
de:09374:81411	Schwand b. Parkstein
de:09374:80542	Schwand b. Parkstein, Sportplatz
de:09576:8756	Schwand/Schwanst. Allersb. Str
de:09576:8752	Schwand/Schwanst. Am Forsthaus
de:09576:8748	Schwand/Schwanst. Am Sägerhof
de:09576:8755	Schwand/Schwanst. Gemeindez.
de:09571:12512	Schwandmühle
de:09376:7410	Schwandorf
de:09376:80535	Schwandorf Gh. Rgbg. Hof
de:09376:82404	Schwandorf, 6-Tage-Markt
de:09376:188	Schwandorf, Adenauer Brücke
de:09376:80001	Schwandorf, Agentur für Arbeit
de:09376:80204	Schwandorf, Am Brunnfeld
de:09376:80129	Schwandorf, Am Lettenbuck
de:09376:15606	Schwandorf, Am Sitzenhof
de:09376:80128	Schwandorf, Am Vogelherd
de:09376:80340	Schwandorf, An der Schwefelquelle
de:09376:80360	Schwandorf, Aussiger-/Dresdner Str.
de:09376:80348	Schwandorf, Behringerstraße
de:09376:484	Schwandorf, Bäckerei Scherl
de:09376:15930	Schwandorf, Einkaufszentrum
de:09376:80017	Schwandorf, Erlebnisbad/Oberpfalzhalle
de:09376:80334	Schwandorf, Fischseestraße
de:09376:80331	Schwandorf, Fraunhofer-/Keplerstr. BRK
de:09376:80333	Schwandorf, Frühlingstraße
de:09376:187	Schwandorf, Gh. Regensbg. Hof
de:09376:80346	Schwandorf, Gibachtstraße
de:09376:80020	Schwandorf, Globus
de:09376:80338	Schwandorf, Grillparzerplatz
de:09376:80350	Schwandorf, Krankenhaus
de:09376:7409	Schwandorf, Marktplatz
de:09376:7408	Schwandorf, Naabuferstr.
de:09376:80344	Schwandorf, Osserstraße
de:09376:80335	Schwandorf, Rathaus
de:09376:80349	Schwandorf, Röntgenstraße
de:09376:7411	Schwandorf, Sandstr.
de:09376:189	Schwandorf, Sandstraße/Gymnasium
de:09376:80356	Schwandorf, Sax
de:09376:80339	Schwandorf, Schenkendorffstraße
de:09376:80327	Schwandorf, Schützenheim
de:09376:80336	Schwandorf, Senefelderstraße
de:09376:80131	Schwandorf, Seniorenresidenz
de:09376:80358	Schwandorf, Vitalzentrum
de:09376:1792	Schwandorf, Wendelinplatz
de:09678:27477	Schwanfeld Apotheke
de:09678:25532	Schwanfeld Heiligenthaler Str.
de:09678:27479	Schwanfeld Wengertspfad
de:09678:27478	Schwanfeld Wipfelder Str.
de:09374:10983	Schwanhof b. Luhe-Wildenau
de:09477:3080	Schwarzach (b. Mainleus) Ortsmitte
de:09477:15549	Schwarzach (b. Mainleus) Ost
de:09477:3077	Schwarzach (b. Mainleus) West
de:09373:17871	Schwarzach (b.Pyrbaum)
de:09565:4586	Schwarzach b.Schwabach Niehoff
de:09565:4579	Schwarzach/SC
de:09672:27892	Schwarze Pfütze
de:09675:29660	Schwarzenau Felsenkellerstr.
de:09675:29293	Schwarzenau Kirche
de:09574:7375	Schwarzenb.(Burgt) Altdor.Str.
de:09374:7539	Schwarzenbach (b Pressath)
de:09572:6161	Schwarzenbach (b. Höchstadt A)
de:09574:7376	Schwarzenbach (Burgt) Am Kiga
de:09475:80498	Schwarzenbach (Saale)
de:09464:8831	Schwarzenbach (Saale), Wendeschleife
de:09374:16869	Schwarzenbach, Birkenweg
de:09374:16870	Schwarzenbach, Hohe Straße
de:09374:16875	Schwarzenbach, Ort
de:09475:8829	Schwarzenbach/Sa., Grund-und Hauptschule
de:09475:8827	Schwarzenbach/Sa., Kath. Kirche
de:09475:8834	Schwarzenbach/Sa., Schäfereiweg
de:09475:8841	Schwarzenbach/Sa.,Kirchenl.-Str
de:09475:8828	Schwarzenbach/Sa.,Martinlam.Str.
de:08128:12392	Schwarzenbronn, Ort
de:09574:7862	Schwarzenbruck Beethovenstr.
de:09574:7861	Schwarzenbruck Kath. Kirche
de:09574:7864	Schwarzenbruck Moorweg
de:09574:7863	Schwarzenbruck Plärrer
de:09376:80499	Schwarzenfeld (Oberpf)
de:09376:7401	Schwarzenfeld, Amberger Str. 57
de:09376:7400	Schwarzenfeld, Bahnbrücke
de:09376:7399	Schwarzenfeld, Buchtalweg
de:09376:7402	Schwarzenfeld, Einkaufszentrum
de:09376:2760	Schwarzenfeld, Hallenbad
de:09376:7837	Schwarzenfeld, Volksschule
de:09479:9317	Schwarzenhammer Bf
de:09571:11687	Schwarzenmühle
de:09377:9320	Schwarzenreuth
de:09375:437	Schwarzhöfe
de:09479:15733	Schwarzteich,Birkenbühl (Kr WUN)
de:09678:75231	Schwebheim Grundschule
de:09678:25800	Schwebheim Gulbranssonstraße 21
de:09678:6947	Schwebheim Gulbranssonstraße 83
de:09678:27482	Schwebheim Hauptstraße 25
de:09678:75230	Schwebheim Heidenfelder Str.
de:09575:14137	Schwebheim Mitte
de:09678:27483	Schwebheim Schlosskindergarten
de:09678:27484	Schwebheim Schweinfurter Str. 4
de:09678:27485	Schwebheim Schweinfurter Str. 60
de:09678:27732	Schwebheim Schweinfurter Str. 61
de:09678:27731	Schwebheim Schweinfurter Str. 7
de:09678:75232	Schwebheim Seniorenwohnanlage
de:09373:17650	Schweibach
de:09373:17261	Schweigersdorf
de:09361:19976	Schweighof Abzw. Neubernricht
de:09571:12209	Schweikartswinden
de:09577:16187	Schweina
de:09471:21552	Schweinbach
de:08136:4928	Schweindorf Kirche
de:09662:27487	Schweinfurt Abzw. Jahnsplatz
de:09662:27500	Schweinfurt Am Kührasen
de:09662:27488	Schweinfurt Am Schuttberg
de:09662:27494	Schweinfurt Am Zeughaus
de:09662:5324	Schweinfurt Beethovenstraße
de:09662:27736	Schweinfurt Bellevue
de:09662:5968	Schweinfurt Benno-Merkle-Str.
de:09662:25648	Schweinfurt Berufsschule III
de:09662:7496	Schweinfurt Breslaustraße
de:09662:7497	Schweinfurt Brombergstraße
de:09662:7501	Schweinfurt Carl-Benz-Straße
de:09662:28056	Schweinfurt Ernst-Sachs-Str.
de:09662:29980	Schweinfurt Europa-Allee
de:09662:27492	Schweinfurt F. u. S.-Werk Süd
de:09662:27123	Schweinfurt FAG
de:09662:27496	Schweinfurt Fischerrain
de:09662:27043	Schweinfurt Friedrich-Stein-Str.
de:09662:27107	Schweinfurt Friedrich-Straße
de:09662:28634	Schweinfurt Galgenleite
de:09662:27735	Schweinfurt Gericht
de:09662:27493	Schweinfurt Geschw.-Scholl-Str.
de:09678:7521	Schweinfurt Gottlieb-Daimler-Str.
de:09662:6193	Schweinfurt Hans-Böckler-Str.
de:09662:28058	Schweinfurt Hbf
de:09662:29851	Schweinfurt Hbf (Platz 1)
de:09662:27497	Schweinfurt Hl.-Geist-Kirche
de:09662:27687	Schweinfurt Ignaz-Schön-Straße
de:09662:27498	Schweinfurt Kornmarkt
de:09662:28055	Schweinfurt Kornstraße
de:09662:29066	Schweinfurt Kunsthalle
de:09662:7538	Schweinfurt Kurt-Römer-Straße
de:09662:9075	Schweinfurt Ludwigstr. (SCHAEFFLER)
de:09662:75234	Schweinfurt Luitpoldstr.
de:09662:75235	Schweinfurt Mainberger Str.
de:09662:27684	Schweinfurt Messeplatz
de:09662:75009	Schweinfurt Mitte
de:09662:5842	Schweinfurt Neutorstraße
de:09662:27502	Schweinfurt Niederwerrner Str. 52
de:09662:25829	Schweinfurt Nikolaus-Hofmann-Str.
de:09662:27489	Schweinfurt Oberbank (Schultestr.)
de:09662:27501	Schweinfurt Oberer Marienbach
de:09662:27715	Schweinfurt Obertor
de:09662:7556	Schweinfurt Peter-Krammer-Str.
de:09662:25806	Schweinfurt Richard-Wagner-Str.
de:09662:6192	Schweinfurt Robert-Bosch-Str.
de:09662:7561	Schweinfurt Rudolf-Diesel-Straße
de:09662:3166	Schweinfurt Röntgenstraße
de:09662:3831	Schweinfurt Schulgasse
de:09662:75222	Schweinfurt Silvana Bad
de:09662:27506	Schweinfurt SKF-Hochh.- ECE-Center
de:09662:28057	Schweinfurt SKF-Werk III
de:09662:27490	Schweinfurt Stadion
de:09662:27508	Schweinfurt Stadt
de:09662:27709	Schweinfurt Steg
de:09662:27499	Schweinfurt Söldnerstraße
de:09662:25794	Schweinfurt Theater
de:09662:7196	Schweinfurt Volksfestplatz P+R
de:09662:27685	Schweinfurt Werkstraße
de:09662:7581	Schweinfurt Wohnscheibe
de:09662:75318	Schweinfurt, Adalbert-Stifter-Straße
de:09662:75281	Schweinfurt, Adolf-Kolping-Str
de:09662:75367	Schweinfurt, Adolf-Ley-Straße
de:09662:75283	Schweinfurt, Albertistraße
de:09662:75284	Schweinfurt, Alter Wartweg
de:09662:75287	Schweinfurt, Am Breiten Weg
de:09662:75370	Schweinfurt, Am Campingplatz
de:09662:75285	Schweinfurt, Am Feldtor
de:09662:75314	Schweinfurt, Am Oberndorfer Weiher
de:09662:75217	Schweinfurt, Am Steingraben
de:09662:75288	Schweinfurt, Am Unteren Marienbach
de:09662:75286	Schweinfurt, Baggersee
de:09662:75290	Schweinfurt, Bauersbergstraße
de:09662:75291	Schweinfurt, Berliner Platz
de:09662:75292	Schweinfurt, Birkenstraße
de:09662:75293	Schweinfurt, Blaue Leite
de:09662:75294	Schweinfurt, Bodelschwinghstr.
de:09662:75341	Schweinfurt, Brüsselstraße
de:09662:75369	Schweinfurt, BSI
de:09662:75359	Schweinfurt, Bussardstraße
de:09662:75216	Schweinfurt, Campus 2
de:09662:75295	Schweinfurt, Carl-Spitzweg-Str
de:09662:75296	Schweinfurt, Celtesstraße
de:09662:75297	Schweinfurt, Danzigstraße
de:09662:75299	Schweinfurt, Deutschfeld Friedhof
de:09662:75301	Schweinfurt, Deutschhöfer Str.
de:09662:75360	Schweinfurt, Drosselstraße
de:09662:75378	Schweinfurt, E-Werk
de:09662:75302	Schweinfurt, Elsa-Brandström-Straße
de:09662:75303	Schweinfurt, Ernst-Reuter-Str.
de:09662:75304	Schweinfurt, Eselshöhe
de:09662:75047	Schweinfurt, FAG
de:09662:75306	Schweinfurt, Florian-Geyer-Str
de:09662:75307	Schweinfurt, Franz-Schubert-Straße
de:09662:75308	Schweinfurt, Friedhofstraße
de:09662:75374	Schweinfurt, Friedrich-Ebert-Str./Campus 2
de:09662:75305	Schweinfurt, Friedrich-Gauß-Straße
de:09662:75282	Schweinfurt, G.K.S.
de:09662:75309	Schweinfurt, Galgenleite
de:09662:75380	Schweinfurt, Gartenstadtstraße
de:09662:75310	Schweinfurt, Geldersheimer Str
de:09662:75371	Schweinfurt, Gretel-Baumbach-Str.
de:09662:75368	Schweinfurt, GRIBS/IHK
de:09662:28623	Schweinfurt, Gunnar-Wester-Str.
de:09662:75320	Schweinfurt, Gut Deutschhof
de:09662:75311	Schweinfurt, Haardtberg
de:09662:75338	Schweinfurt, Hafenstraße
de:09662:75313	Schweinfurt, Harald-Hamberg-Straße
de:09662:75049	Schweinfurt, Hbf Güterbahnhof
de:09662:75366	Schweinfurt, Heini-Dittmar-Str
de:09662:75270	Schweinfurt, Heinrich-Spieß-Str.
de:09662:75315	Schweinfurt, Heinrich-Winkler-Straße
de:09662:75269	Schweinfurt, Helsinkistraße
de:09662:75316	Schweinfurt, Hochfeldstraße
de:09662:16	Schweinfurt, I.-Schön-Str. KuK
de:09662:75355	Schweinfurt, Joh.-Gademann-Str
de:09662:75317	Schweinfurt, Jonas-Wehner-Str.
de:09662:75300	Schweinfurt, Karl-Brand-Straße
de:09662:75363	Schweinfurt, Kerschensteiner Schule
de:09662:75319	Schweinfurt, Klingenbrunn
de:09662:75323	Schweinfurt, Klingenhöhe
de:09662:75351	Schweinfurt, Konferenzzentrum
de:09662:75322	Schweinfurt, Konrad-Rimrod-Str
de:09662:75040	Schweinfurt, Kufi Halle H
de:09662:75325	Schweinfurt, Kurt-Schumacher-Straße
de:09662:75326	Schweinfurt, Leopoldina-Krankenhaus
de:09662:75327	Schweinfurt, Lindenbrunnenweg
de:09662:75342	Schweinfurt, Londonstraße
de:09662:75324	Schweinfurt, Ludwig-Krug-Str.
de:09662:75328	Schweinfurt, Ludwigsbrunnen
de:09662:75329	Schweinfurt, Maibacher Straße
de:09662:75330	Schweinfurt, Markt
de:09662:75331	Schweinfurt, Matthias-Grünewald-Ring
de:09662:75051	Schweinfurt, Messeplatz
de:09662:75332	Schweinfurt, Mozartstraße
de:09662:75339	Schweinfurt, Museum Georg Schäfer
de:09662:75364	Schweinfurt, Museum Otto Schäfer
de:09662:75334	Schweinfurt, Nordendstraße
de:09662:75335	Schweinfurt, Nußbergstraße
de:09662:75336	Schweinfurt, Oskar-von-Miller-Str.
de:09662:75333	Schweinfurt, Ostring
de:09662:75361	Schweinfurt, Pirolweg
de:09662:75365	Schweinfurt, Porschestraße
de:09662:75337	Schweinfurt, Rhönstraße
de:09662:75375	Schweinfurt, Roßmarkt
de:09662:75042	Schweinfurt, Rusterberg
de:09662:75046	Schweinfurt, Röntgenstr.
de:09662:75043	Schweinfurt, Sachs Casino
de:09662:75044	Schweinfurt, Sachs Hinterausg.
de:09662:75340	Schweinfurt, Schelmsrasen
de:09662:75358	Schweinfurt, Schulzentrum
de:09662:75343	Schweinfurt, Schützenstraße
de:09662:75344	Schweinfurt, Segnitzstraße
de:09662:75362	Schweinfurt, Silbersteinstraße
de:09662:75312	Schweinfurt, SKF Werk 2
de:09662:75045	Schweinfurt, SKF-Werk I
de:09662:75372	Schweinfurt, St.Peter und Paul
de:09662:75346	Schweinfurt, Stadtgärtnerei
de:09662:75347	Schweinfurt, Stadtwaage
de:09662:75348	Schweinfurt, Theuerbrünnleinsweg
de:09662:75349	Schweinfurt, Tilman-Riemenschneider-Str.
de:09662:75345	Schweinfurt, Turngemeinde
de:09662:75289	Schweinfurt, Veit-Stoß-Straße
de:09662:75298	Schweinfurt, Wehranlage
de:09662:75352	Schweinfurt, Wernweg
de:09662:75350	Schweinfurt, Wildpark
de:09662:75353	Schweinfurt, Wilhelm-Bechert-Straße
de:09662:75321	Schweinfurt, Wilhelm-Georg-Str
de:09662:75354	Schweinfurt, Wilhelm-Zinn-Str.
de:09662:75373	Schweinfurt, Wilhelmstraße
de:09662:75356	Schweinfurt, Wirsingstraße
de:09662:75357	Schweinfurt, Zabelsteinstraße
de:09373:17488	Schweinkofen
de:09374:7165	Schweinmühle
de:09475:80450	Schweinsbach
de:09571:13150	Schweinsdorf
de:09571:13152	Schweinsdorf Mitte
de:09571:13153	Schweinsdorf Rothenburger Str.
de:09674:15848	Schweinshaupten Parkplatz
de:09472:23098	Schweinsmühle
de:09472:23099	Schweinsmühle Abzw.Rabenst.
de:09779:5364	Schweinspoint, Feuerwehrh.
de:09779:5377	Schweinspoint, Stiftung
de:09474:9323	Schweinthal
de:09471:20779	Schweisdorf
de:09377:15828	Schweißenreuth
de:09371:18285	Schwend Birglandhalle
de:09371:18266	Schwend Ortsmitte
de:09371:18265	Schwend Zum Wasserhaus
de:09371:18267	Schwenderöd
de:09375:21030	Schwetzendorf
de:09576:8894	Schwimbach
de:09477:75015	Schwingen,Neudrossenfeld
de:09371:18856	Schwärz bei Kastl
de:09779:6492	Schwörsheim
de:09478:27791	Schwürbitz Ortsmitte
de:09478:27790	Schwürbitz Schule
de:09361:19972	Schäflohe Ort
de:09475:80812	Schödlas Ortsmitte
de:09475:80810	Schödlas Wirtshaus
de:09475:12968	Schödlas, Wirtshaus
de:09373:17531	Schöllnhof
de:08128:12361	Schön, Ort
de:09678:25743	Schönaich
de:09176:8729	Schönau
de:09674:27608	Schönbach
de:09674:27607	Schönbachsmühle
de:09574:6994	Schönberg  Am Friedhof
de:09574:7085	Schönberg Auerweg
de:09574:6992	Schönberg Gundekarstr.
de:09574:7084	Schönberg Mitte
de:09574:7092	Schönberg Moritzberg-Werkst.
de:09571:12204	Schönbronn (b. Buch a.W.)
de:09571:13607	Schönbronn (b. Weihenzell)
de:08127:20320	Schönbronn (Hengstfeld) Ort
de:09176:8251	Schönbrunn
de:09576:8380	Schönbrunn (b. Allersberg)
de:09674:27590	Schönbrunn (b. Ebelsbach)
de:09478:27264	Schönbrunn (Lkr. LIF)
de:09479:9508	Schönbrunn bei Wunsiedel
de:09471:21707	Schönbrunn i. Stw. Ortsmitte
de:09471:21708	Schönbrunn i. Stw. Schloßleite
de:09479:10112	Schönbrunn Süd
de:09373:17391	Schöndorf
de:09472:23540	Schönfeld (b. Hollfeld)
de:09176:7671	Schönfeld, Gh Roßkopf
de:09472:23855	Schönhof (b. Waischenfeld)
de:09375:580	Schönhofen Brücke
de:09375:582	Schönhofen Landessiedlung
de:09375:1656	Schönleiten
de:09479:9095	Schönlind
de:09371:19346	Schönlind (b. Vilseck)
de:09371:19350	Schönlind (b.Vilseck) Alter Bf
de:09571:11806	Schönmühle (b. Feuchtwangen)
de:09571:11811	Schönmühle/Feuchtw. Sonnenhof
de:09377:7774	Schönreuth
de:09478:27171	Schönsreuth
de:09479:80766	Schönwald (Oberfr)
de:09479:9289	Schönwald, Neue Str.
de:09479:9274	Schönwald, Porzellanfabrik
de:09479:10074	Schönwald, Rathaus
de:09479:9295	Schönwald, Schule
de:09479:9290	Schönwald, Selber Straße 2
de:09479:9285	Schönwald, Siedlung
de:09371:18794	Schöpfendorf
de:09371:19347	Schüsselhof
de:08127:53029	Schüttberg Abzw. Wegses
de:08127:22530	Schüttberg Ort
de:09472:22867	Schüttersmühle B 470
de:09472:22868	Schüttersmühle Staatsstr.
de:09371:19223	Seblasmühle
de:08128:12348	Sechselbach, Ort
de:09674:15820	Sechsthal
de:08136:5707	Sechtenhausen
de:08136:5731	Sechtenhausen Nord
de:09573:5092	Seckendorf Kriegerdenkm.
de:09373:17685	See (b. Lupburg) Ortsmitte
de:09373:17684	See (b.Lupb) Niederhofener Weg
de:09373:17686	See (b.Lupburg) Kindergarten
de:09574:7421	See (bei Happurg)
de:09376:11009	See b. Burglengenfeld
de:09375:441	Seedorf
de:09471:20856	Seehof (b. Memmelsdorf) Schloß
de:09471:20857	Seehof (Memmelsdorf) Fasanerie
de:09471:21770	Seehöflein
de:09472:23857	Seelig
de:09577:16783	Seemannsmühle
de:09473:75248	Seemühle
de:09575:14329	Seenheim
de:09675:6101	Seeramsmühle
de:09779:6731	Seglohe
de:09675:29430	Segnitz Dorfgemeinschaftshaus,Segnitz
de:09571:11970	Segringen, Abzw. Segringen
de:09371:18792	Seibertshof
de:09574:7099	Seiboldshof
de:09576:8572	Seiboldsmühle Abzw. Bahnhof
de:09576:8550	Seiboldsmühle Bf (Heideck)
de:09576:8577	Seiboldsmühle Fichtenmühler S.
de:09576:8580	Seiboldsmühle Gewerbegebiet
de:09576:8574	Seiboldsmühle Josef-Rösch-Str.
de:09371:19348	Seiboldsricht
de:09574:7335	Seiboldstetten
de:09371:18130	Seidersberg
de:09571:11803	Seiderzell
de:09474:9719	Seidmar
de:09472:22959	Seidwitz
de:09471:20721	Seigendorf Abzw. Hirschaid
de:09471:20720	Seigendorf Abzw. Ketschendorf
de:09471:20723	Seigendorf Alte Schule
de:09471:20724	Seigendorf Dorfplatz
de:09471:20722	Seigendorf Gh. Schmitt
de:09273:259	Seilbach
de:09273:312	Seilbach, Abzw Kreisstr.
de:09675:29420	Seinsheim Am Oberen Tor
de:09675:29922	Seinsheim Am Unteren Tor
de:09675:9062	Seinsheim Aussiedlerhof
de:09472:23706	Seitenbach
de:09575:14172	Seitenbuch
de:09571:12674	Seitendorf Ort
de:09374:7642	Seitenthal
de:09374:7643	Seitenthal, Abzw
de:09577:16493	Seitersdorf
de:08136:4516	Seitsberg
de:09479:80768	Selb Nord
de:09479:9545	Selb Stadt
de:09479:10120	Selb, Abzw Föhrenweg
de:09479:10093	Selb, Abzw Senefelderstr.
de:09479:9370	Selb, Abzw Spielberg
de:09479:9363	Selb, Abzw Steinmühle
de:09479:7472	Selb, Abzw Wellertal
de:09479:80457	Selb, Abzw.Wellertal,Selb
de:09479:2390	Selb, Alte Rehauer Str.
de:09479:10121	Selb, Eichenweg
de:09479:10115	Selb, Firma Bohemia
de:09479:10117	Selb, Gabelsberger Straße
de:09479:10132	Selb, Gebrüder-Netzsch-Str.
de:09479:10119	Selb, Geschwister-Scholl-Str.
de:09479:10122	Selb, Goethestraße
de:09479:9273	Selb, Gymnasium
de:09479:13000	Selb, Hallenbad
de:09479:9312	Selb, Heinrich-Heine-Straße
de:09479:10125	Selb, Herzogstraße
de:09479:2391	Selb, Hohenberger Str.
de:09479:9323	Selb, Hutschenreuther A
de:09479:9304	Selb, Hutschenreuther B
de:09479:9313	Selb, Klinikum
de:09479:9375	Selb, Lauterbach
de:09479:9384	Selb, Luitpoldschule
de:09479:2389	Selb, Längenauer Str.
de:09479:10131	Selb, Obere Bergstraße
de:09479:10116	Selb, Oberer Markt
de:09479:10090	Selb, Ostring/Stopfersfurth
de:09479:10123	Selb, Pfarrstraße
de:09479:10075	Selb, Plößberger Weg
de:09479:11574	Selb, Porzellanikon
de:09479:9546	Selb, Rathaus
de:09479:10133	Selb, Reuthbergsiedlung
de:09479:9303	Selb, Rothbühl
de:09479:10124	Selb, Rupprechtstraße
de:09479:10134	Selb, Sandgrubenweg
de:09479:10044	Selb, Schillerstr. Brauhaus
de:09479:9734	Selb, Schillerstr. Schmiedbergl
de:09479:9733	Selb, Schulzentrum
de:09479:7474	Selb, Schützengarten
de:09479:10135	Selb, Stopfersfurth/Uferweg
de:09479:9547	Selb, Vishay
de:09479:7473	Selb, Vorwerk,Hohenberger Str.
de:09479:10092	Selb, Vorwerkstr.
de:09479:9308	Selb, Wittelsbacher Str.
de:09479:80501	Selb-Plößberg
de:08128:12394	Seldeneck, Ort
de:09571:13888	Selgenstadt Hauptstr.
de:09571:13887	Selgenstadt Ortsmitte
de:09373:17873	Seligenporten Eichastr.
de:09373:17874	Seligenporten Espanstr.
de:09373:17876	Seligenporten Gewerbegebiet
de:09373:17875	Seligenporten Mitte
de:09373:17877	Seligenporten Sportplatz
de:09679:5030	Seligenstadt (b Würzburg)
de:09679:99003	Seligenstadt Mainschleifenbahn
de:09377:15237	Selingau
de:09571:12135	Selingsdorf
de:09576:8578	Selingstadt
de:09674:15441	Sendelbach (b.Rentweinsdorf)
de:09571:12208	Sengelhof
de:09373:17801	Sengenthal Am Anger
de:09373:17802	Sengenthal Dorfstr.
de:09373:17803	Sengenthal Fa. Bögl
de:09373:17804	Sengenthal Kirche
de:09373:17800	Sengenthal Max-Bögl-Str.
de:09373:17806	Sengenthal Nord
de:09373:17805	Sengenthal Weichselst. Str.
de:09678:75041	Sennfeld (Ufr), Kreuzung
de:09678:27441	Sennfeld Bahnübergang
de:09678:27442	Sennfeld Bauteilwerk
de:09678:5846	Sennfeld Frankenhalle
de:09678:27443	Sennfeld Gochsheimer Höhe
de:09678:27444	Sennfeld Kleingärten
de:09678:27445	Sennfeld Luftbad
de:09678:25824	Sennfeld Schule
de:09678:75396	Sennfeld, Am Breiten Rain
de:09678:75398	Sennfeld, Am Rempertshag
de:09678:75391	Sennfeld, Gartenstraße
de:09678:75272	Sennfeld, Hallenbad
de:09678:75392	Sennfeld, Hauptstraße
de:09678:75397	Sennfeld, Konrad-Wagner-Straße
de:09678:75395	Sennfeld, Kreuzstraße
de:09678:75393	Sennfeld, Pfarrer-Sixt-Straße
de:09678:75394	Sennfeld, Plan
de:09678:27440	Sennfelder Bahnhof
de:09478:27268	Serkendorf
de:09673:3032	Serrfeld
de:09477:6849	Sessenreuth
de:09473:15232	Setzelsdorf
de:09373:17815	Seubersd. OPf. Nürnberger Str.
de:09373:17910	Seubersdorf
de:09478:27361	Seubersdorf (b. Weismain)
de:09571:12389	Seubersdorf (bei Dietenhofen)
de:09373:17976	Seubersdorf i.d.OPf. Schule
de:09373:17872	Seubersdorf i.d.OPf. Süd
de:09371:18482	Seugast Abzw. Weickenricht
de:09371:18484	Seugast Festplatz
de:09573:5301	Seukendorf Fürther Str.
de:09573:5303	Seukendorf Kagenhofer Weg
de:09573:5304	Seukendorf Langenz. Str./Ost
de:09573:5306	Seukendorf Langenz. Str./West
de:09475:9122	Seulbitz
de:09462:22465	Seulbitz Alm
de:09462:22463	Seulbitz Breiter Rain
de:09462:22467	Seulbitz Lindigstr.
de:09462:22469	Seulbitz Lohengrin Therme
de:09462:22461	Seulbitz Ortsmitte
de:09176:8327	Seuversholz, Brunnenweg
de:09176:8328	Seuversholz, Osterstraße
de:09479:11914	Seußen, Am Altenberg
de:09479:10109	Seußen, Bahnhof
de:09479:10108	Seußen, Ort
de:09471:21018	Seußling
de:09472:23800	Seybothenreuth
de:09473:17043	Seßlach Abzw Hans-Reiser-Str.
de:09473:9160	Seßlach Am Weißen Weg
de:09473:15299	Seßlach Friedhof
de:09473:17044	Seßlach Industriestr./Geiss
de:09473:8863	Seßlach Marktplatz
de:09473:15300	Seßlach Schule
de:09573:5766	Sichersdorf
de:09573:5775	Sichersdorf Großweismannsd. S.
de:09479:10114	Sichersreuth
de:09571:12743	Sickersdorf
de:09675:29482	Sickershausen Ortsmitte
de:09675:25611	Sickershausen Waldstraße
de:09371:18081	Siebeneichen (Su-Ro) Nord
de:09371:18119	Siebeneichen (Su-Ro) Ortsmitte
de:09478:27364	Siedamsdorf
de:09575:14598	Siedelbach
de:09573:5350	Siegelsdorf
de:09573:5351	Siegelsdorf Seukendorfer Str.
de:09273:445	Siegenburg, B301 Abzw Siegenb.
de:09273:2219	Siegenburg, Bgm.-Mayr-Str.
de:09273:444	Siegenburg, Daßfeld
de:09273:2217	Siegenburg, Ingolst/Fa.Watzing.
de:09273:920	Siegenburg, Landshuter Str.
de:09273:2227	Siegenburg, Marienpl/Zentrum
de:09273:16645	Siegenburg, Schule
de:09273:443	Siegenburg, Staudacher Straße
de:09678:27862	Siegendorf
de:09373:17431	Siegenhof. (Deining) Kreuzstr.
de:09371:19117	Siegenhofen (b. Rieden)
de:09373:17432	Siegenhofen (Deining) Lagerh.
de:09574:7817	Siegersdorf Ort
de:09273:878	Siegersdorf, Abzw Kreisstr.
de:09373:17395	Siegertshofen
de:09562:3259	Sieglitzhof Eskilstunastr.
de:09562:3261	Sieglitzhof Im Heuschlag
de:09562:3355	Sieglitzhof Markuskirche
de:09562:3265	Sieglitzhof Nord
de:09562:3258	Sieglitzhof Rennesstr.
de:09562:3256	Sieglitzhof Schronfeld
de:09562:3257	Sieglitzhof Theresiakirche
de:09472:22869	Siegmannsbrunn
de:09471:21354	Siegritz
de:09377:15898	Siegritz, Abzw
de:09472:23851	Siegritzberg
de:09371:19349	Sigl
de:09371:18361	Sigras
de:09479:7889	Silberbach
de:09371:18367	Silbergrub
de:09375:418	Sillen
de:09373:17262	Simbach Ortsmitte
de:09574:7090	Simmelberg
de:09574:7901	Simmelsdorf Am Tucherschloss
de:09574:7902	Simmelsdorf Brandstr.
de:09574:7900	Simmelsdorf-Hüttenbach
de:09572:6685	Simmersdorf Ort
de:09575:14831	Simmershofen Mitte
de:09575:14832	Simmershofen Schulweg
de:08136:1811	Simmisweiler
de:09574:7086	Simonshofen Fwhs
de:09574:7087	Simonshofen Mitte
de:09574:7088	Simonshofen Ziegelhütte
de:09479:9355	Sinatengrün
de:09571:11971	Sinbronn
de:09577:16186	Sinderlach
de:09576:8226	Sindersdorf Gewerbegebiet BAB
de:09576:8241	Sindersdorf Ortsmitte
de:09576:8242	Sindersdorf Tankstelle
de:09373:17315	Sindlbach Kriegerdenkm.
de:09373:17313	Sindlbach Schule
de:09371:18362	Sinnleithen
de:09572:6887	Sintmann
de:09375:446	Sinzing (b Regensburg)
de:09375:1088	Sinzing Abzw. Bahnhof
de:09375:445	Sinzing Abzw. Waldstraße
de:09375:748	Sinzing Am Reitfeld
de:09375:1719	Sinzing Donaublick
de:09375:1029	Sinzing Dorfplatz
de:09375:1037	Sinzing Feuerwehr
de:09375:448	Sinzing Laaberbrücke
de:09375:449	Sinzing Schule
de:09375:450	Sinzing Vogelsang
de:09373:17436	Sippelmühle
de:09273:1022	Sippenau, Abzw Kreisstr.
de:09273:898	Sittelsdorf
de:09273:2216	Sittling, Kirche
de:09371:19225	Sitzambuch
de:09371:19227	Sitzambuch Abzw.v.Kr.Str. AS26
de:09374:12376	Sogritz
de:09576:8243	Solar
de:09474:9431	Sollenberg
de:09176:8220	Sollern
de:09373:17264	Sollngriesbach
de:09577:16860	Solnhofen
de:09577:16862	Solnhofen Am Birkenhain
de:09577:16864	Solnhofen Hummelberg
de:09577:16865	Solnhofen Schule
de:09577:16863	Solnhofen Waagplatz
de:09577:16861	Solnhofer Bruch
de:09675:3758	Sommerach Frankenstraße,Sommerach
de:09675:4060	Sommerach Nordheimer Straße,Sommerach
de:09675:25734	Sommerach Schule/Raiffeisenstr.,Sommerach
de:09374:7228	Sommerau
de:09571:11804	Sommerau (b.Feuchtw) Hauptstr.
de:09571:11808	Sommerau (b.Feuchtw.) FWH
de:09479:10126	Sommermühle
de:09575:14309	Sommerranken
de:09571:12248	Sommersdorf
de:09373:17993	Sommertshof
de:09571:12552	Sondernohe
de:09373:17532	Sondersfeld
de:09473:14930	Sonnefeld Flurstraße
de:09473:15069	Sonnefeld Weidhäuser Straße
de:09575:14454	Sontheim
de:09362:14033	Sophie-Scholl-Straße
de:09472:22744	Sophienthal (b. Weidenberg)
de:09472:23711	Sorg (b. Mistelgau)
de:09474:9751	Sorg (b. Obertrubach) Ort
de:09576:8193	Sorg (b. Wendelst.)
de:09474:9750	Sorg/Obertrubach Aussiedlerhof
de:09371:19351	Sorghof (b. Vilseck) Friedhof
de:09371:19353	Sorghof (b. Vilseck) Gh.Galler
de:09371:19354	Sorghof (b. Vilseck) Schule
de:09176:8379	Sornhüll
de:09576:8805	Spalt Altes Rathaus
de:09576:8800	Spalt Bahnhof
de:09576:8803	Spalt Güsseldorfer Str.
de:09576:8801	Spalt Lange Gasse
de:09576:8804	Spalt Mühlreisig
de:09576:8806	Spalt Schnittlinger Str.
de:09576:8807	Spalt Schule
de:09576:8809	Spalt Siedlung
de:09576:8802	Spalt Weingarterstr.
de:09576:8811	Spalt Windsbacherstr.
de:09576:8812	Spalt Zellgasse
de:09572:6747	Spardorf E.-v.-Behring Gymn.
de:09572:6741	Spardorf Erlanger Str.
de:09572:6742	Spardorf Kornblumenweg
de:09572:6743	Spardorf Luzernenweg
de:09572:6746	Spardorf West
de:09475:80459	Sparneck Waldsteinblick Schulbushalteste,Sparneck
de:09475:9083	Sparneck, Abzw Reinersreuth
de:09475:9080	Sparneck, Mühlteichplatz
de:09475:9079	Sparneck, Münchberger Str.
de:09779:6494	Speckbrodi
de:09571:13773	Speckheim
de:09361:19961	Speckmannshof Ort
de:09472:22902	Speichersdorf Gh. Imhof
de:09571:12587	Speierhof
de:09574:7590	Speikern
de:09574:7588	Speikern Hersbrucker Str.
de:09574:7589	Speikern Ort
de:09374:7634	Speinshart
de:09571:11805	Sperbersbach
de:09576:8194	Sperberslohe
de:09576:8200	Sperberslohe Allersberger Str.
de:09779:7470	Spielberg
de:09577:16445	Spielberg (b. Gnotzh.) Burg
de:09577:16446	Spielberg (b. Gnotzh.) Gentner
de:09571:13179	Spielberg (b. Oberdachstetten)
de:09376:80235	Spielberg b. Schwandorf
de:09479:9366	Spielberg Ort
de:09674:27455	Spielhof
de:09472:23164	Spies
de:09478:27483	Spiesberg Hauptstr.
de:09478:27481	Spiesberg Ortsmitte
de:09371:18716	Spieshof (b. Hohenburg)
de:09161:8621	Spitzlmühle
de:09472:23386	Spänfleck
de:09176:8276	St 2230 Abz Pfraundorf
de:09176:8225	St 2231, Abz Tettenwang
de:09679:99007	ST 2260 Weißes Haus
de:09273:929	St. Agatha
de:09274:3574	St. Anna
de:09373:17486	St. Bartlmä
de:09273:363	St. Ursula
de:09176:8275	St2230  Abz Badanhausen
de:09373:17489	Staadorf
de:09479:9316	Stabhammer
de:09471:21177	Stackendorf
de:09375:453	Stadel
de:09571:12745	Stadel (b. Herrieden) Forsthaus
de:09478:27271	Stadel (Lkr. LIF)
de:09176:7598	Stadelhofen
de:09474:9385	Stadelhofen (b. Gößweinst.)
de:09471:21731	Stadelhofen (Lkr.BA)
de:09563:2482	Stadeln Asternstr.
de:09563:2484	Stadeln Fischerberg
de:09563:2492	Stadeln Gebr.-Grimm-Str.
de:09563:2491	Stadeln Hans-Sachs-Str.
de:09563:2490	Stadeln M.-Behaim-Str.
de:09563:2494	Stadeln Waldringstr.
de:09563:2483	Stadeln Waldschänke
de:09675:29264	Stadelschwarzach Abzw. Bf
de:09675:27514	Stadelschwarzach Gh. z. Adler
de:09678:27713	Stadtlauringen Kreisenmühle
de:09678:27515	Stadtlauringen Marktplatz
de:09678:27516	Stadtlauringen Siedlung
de:09675:29294	Stadtschwarzach Abzw. Hörblach
de:09675:29295	Stadtschwarzach Post
de:09477:3666	Stadtsteinach Krankenhaus
de:09477:3665	Stadtsteinach Marktplatz
de:09477:3664	Stadtsteinach Norma
de:09471:21492	Staffelbach Bahnhof
de:09471:21494	Staffelbach Hallstadter Str.
de:09471:21491	Staffelbach Ortsmitte
de:09471:21495	Staffelbach Schulbushst.
de:09571:13529	Stahlhöfe
de:09577:16539	Stahlmühle
de:09475:80741	Stammbach
de:09475:80460	Stammbach Abzw. Bahnhof
de:09475:80468	Stammbach Abzw. Förstenreuth,Stammbach
de:09475:80466	Stammbach Anger,Stammbach
de:09475:80462	Stammbach Blumenau
de:09475:80463	Stammbach Oberer Markt,Stammbach
de:09475:80464	Stammbach Siedlung
de:09475:81874	Stammbach Summastr.
de:09176:8242	Stammham, Abz Appertshofen
de:09176:8246	Stammham, Abz Dunsdorf
de:09176:7542	Stammham, Gewerbegebiet
de:09176:8239	Stammham, Jurastraße
de:09176:8238	Stammham, Kirchgasse
de:09176:8932	Stammham, Köschinger Waldhaus
de:09176:8241	Stammham, Nürnberger Straße
de:09176:8237	Stammham, Osteranger
de:09176:8240	Stammham, Schulstraße
de:09678:27519	Stammheim Am Brunnen
de:09678:27520	Stammheim Siedlung
de:09678:27521	Stammheim Weinbergstraße
de:09471:20986	Stappenbach Don-Bosco-Schule
de:09471:20985	Stappenbach Ortsmitte
de:09471:20780	Starkenschwind
de:09273:2616	Staubing, Flecklsteinerstr.
de:09273:2613	Staubing, Sandharlandener Str.
de:09273:777	Staudach
de:09576:8896	Stauf (b. Thalmässing)
de:09373:17167	Stauf (b.NM) A.-Senefelder-S.
de:09373:17166	Stauf (b.NM) Kirche
de:09373:17168	Stauf (b.NM) Moosweiherstr.
de:09373:17169	Stauf (b.NM) Renauweg
de:09373:17266	Staufersbuch Abzw Fessmaierstr
de:09373:17265	Staufersbuch Ortsmitte
de:09472:23542	Stechendorf
de:09471:21773	Stegaurach Aurachtal Apotheke
de:09471:21774	Stegaurach Ausgang
de:09471:21792	Stegaurach Hartlandener Str.
de:09471:21777	Stegaurach Kirche
de:09471:21781	Stegaurach Kreuz am Weiher
de:09571:12738	Stegbruck
de:09472:22865	Steifling
de:09472:22682	Stein (bei Pegnitz)
de:09573:5750	Stein A-Magnus-Str.
de:09573:5751	Stein Deutenbach Mitte
de:09573:5752	Stein Fabergut
de:09573:5741	Stein Forum Stein
de:09573:5753	Stein Goethering
de:09573:5771	Stein Gymnasium
de:09573:5748	Stein Hauptstr./Rosenstr.
de:09573:5754	Stein Jagdweg
de:09573:5755	Stein Kirche
de:09573:5743	Stein Lilienstr.
de:09573:5742	Stein Ottilienstr.
de:09573:5756	Stein Palm Beach
de:09573:5757	Stein Rosenstr.
de:09573:5758	Stein Schillerstr.
de:09573:5759	Stein Sommerstr.
de:09573:5747	Stein Spitzleitenweg
de:09573:5744	Stein Weideweg
de:09577:16180	Steinabühl
de:09575:14350	Steinach (b Rothenburg o.d.T.)
de:09571:12632	Steinach a. Wald Ortsmitte
de:09575:14345	Steinach a.d. Ens Ortsmitte
de:09563:2496	Steinach/FÜ Am Mühlweg
de:09577:16188	Steinacker
de:09371:18183	Steinamwasser
de:09474:9659	Steinb./Klsendelb Gräfenb. Str
de:09474:9656	Steinb./Klsendelb Schwab. Str
de:09377:9936	Steinbach
de:09573:5094	Steinbach (b. Cadolzburg)
de:09571:11809	Steinbach (b. Feuchtwangen)
de:09572:6078	Steinbach (b. Herzogenaurach)
de:09477:3683	Steinbach (b. Marktleugast)
de:09571:13256	Steinbach (b. Petersaurach)
de:09371:19056	Steinbach (b.Neukirchen Su-Ro)
de:09571:11688	Steinbach (b.Rothenburg o.d.T)
de:08127:30152	Steinbach (Jagst) Ortsmitte
de:09571:13423	Steinbach a. d. Holzecke
de:09674:27524	Steinbach Dorfstraße
de:09571:11810	Steinbach/FW Aussiedlerhof
de:09571:12927	Steinberg
de:09376:16788	Steinberg a. See, Oder
de:09571:12928	Steinbächlein
de:09779:6455	Steinbühl
de:09377:15115	Steinbühl b. Krummennaab
de:09576:8895	Steindl
de:09574:7494	Steinensittenbach
de:09375:456	Steinerbrückl
de:09561:11429	Steinersdorf
de:09471:21735	Steinfeld B22
de:09471:21733	Steinfeld Hopfenmühle
de:09471:21739	Steinfeld Häuslinger Steig
de:09471:21738	Steinfeld Untersteinfeld
de:09374:15694	Steinfels,Kellerhaus
de:09779:6517	Steinhart, Frankenstr.
de:09479:10037	Steinhaus, Abzw
de:09571:13329	Steinhof (b.Sachsen/AN)
de:09371:18363	Steinling
de:09571:13609	Steinmühle (b. Weihenzell)
de:09577:16657	Steinmühle b. Nennslingen
de:09373:17793	Steinmühle b. Parsberg
de:09374:15919	Steinreuth
de:09374:9939	Steinreuth, B22
de:09375:460	Steinsberg Gh. Rinner
de:09375:459	Steinsberg Ortsmitte
de:09375:939	Steinsberg Schule
de:09375:461	Steinsberg Sportplatz
de:09471:21715	Steinsdorf
de:09176:8215	Steinsdorf, Mendorferstraße
de:09479:9365	Steinselb
de:09571:13474	Steinsfeld
de:09674:75107	Steinsfeld (Ufr)
de:09674:7417	Steinsfeld Abzw. Unterschwappach
de:09377:2372	Stemetsbach, Abzw
de:09479:10039	Stemmas
de:09479:9353	Stemmasgrün, Abzw
de:09479:11388	Stemmasgrün, Ort
de:09472:22696	Stemmenreuth
de:09675:29397	Stephansberg Wasserschloss
de:09371:18122	Stephansricht
de:09471:21553	Steppach Abzw. Pommersfelden
de:09471:21554	Steppach Ortsmitte
de:09185:7770	Stepperg, Hatzenhofener Straße
de:09185:7769	Stepperg, Poststraße
de:09373:17433	Sternberg
de:09572:6163	Sterpersdorf
de:09678:27534	Stettbach Kirche
de:09678:27535	Stettbach Ortsmitte
de:09571:12636	Stettberg Ortsmitte
de:08136:4811	Stetten
de:09577:16189	Stetten (b. Gunzenhausen)
de:09373:17598	Stetten (b. Hohenfels)
de:09478:27191	Stetten (b. Lichtenfels)
de:09576:8897	Stetten (b. Thalmässing)
de:09478:27192	Stetten (Lif) Schönsreuther S.
de:09375:977	Stetten Kieferstraße
de:08136:4930	Stetten Löwen
de:09375:462	Stetten Wolfsegger Str.
de:09674:27533	Stettfeld Hauptstraße 41,Stettfeld (Ufr)
de:09674:5441	Stettfeld Parkplatz,Stettfeld (Ufr)
de:09674:28636	Stettfeld Schule,Stettfeld (Ufr)
de:09674:27832	Stettfeld Siedlung,Stettfeld (Ufr)
de:09371:18719	Stettkirchen
de:09375:463	Stettwies
de:09562:3775	Steudach St. Michael
de:09562:3776	Steudach Westfriedhof
de:09474:9456	Stiebarlimbach
de:09576:8845	Stiegelmühle
de:09377:8135	Stiegelmühle, Abzw
de:09373:17641	Stieglitzenhöhe
de:09373:17658	Stieglitzenhöhe Kreisstr.
de:09373:17268	Stierbaum Ort
de:09472:23165	Stierberg
de:09575:14773	Stierhöfstetten
de:09371:18120	Stifterslohe
de:09571:13384	Stilzendorf
de:08127:23233	Stimpfach Gasthaus Rößle
de:08127:23234	Stimpfach Hörbühl Abzw
de:08127:30002	Stimpfach Post
de:08127:30001	Stimpfach Schule
de:08127:23230	Stimpfach Siglershofen
de:09573:5046	Stinzendorf
de:09577:16787	Stirn Am Kindergarten
de:09577:16786	Stirn Pleinfelder Str.
de:09376:394	Stocka bei Teublitz
de:09576:8382	Stockach
de:09472:22740	Stockau
de:09371:19281	Stockau (b. Ursensollen)
de:09176:8828	Stockau, Bhst
de:09475:9078	Stockenroth
de:09571:13299	Stockheim (b. Rügland)
de:09576:8848	Stockheim (b. Spalt) Mitte
de:09471:21556	Stolzenroth
de:09571:12391	Stolzmühle
de:09577:16406	Stopfenheim Alesheimer Str.
de:09577:16407	Stopfenheim An der Vogtei
de:09577:16408	Stopfenheim Bürgermeisterstr.
de:09577:16405	Stopfenheim Schule
de:09475:80447	Straas
de:09475:80813	Straas-Einzel
de:09574:7919	Strahlenfels
de:08136:4517	Straubenmühle
de:09577:16495	Straßenhaus (b. Haundorf)
de:09576:8849	Straßenhaus (b. Spalt)
de:09575:14742	Straßenhof (b. Oberzenn)
de:09377:7771	Straßenschacht
de:09571:12929	Straßenwirtshaus
de:09471:20781	Straßgiech
de:09176:8534	Straßhausen, Kirche
de:09176:8247	Straßhäusl
de:09373:17879	Straßmühle Faberhof
de:09472:23341	Streitau
de:09474:9925	Streitberg
de:09474:9923	Streitberg B 470
de:09474:9924	Streitberg Bürgerhaus
de:09577:16191	Streudorf
de:09376:886	Strieglhof, Bushaltestelle
de:09471:20920	Strullendorf
de:09471:20922	Strullendorf Abzw. Bahnhof
de:09471:20924	Strullendorf Forchheimer Str.
de:09471:20926	Strullendorf Lindenallee
de:09471:20927	Strullendorf Netto-Markt
de:09471:20928	Strullendorf Schule
de:09478:27639	Sträublingshof
de:09478:27486	Strössendorf
de:09561:11435	Strüth
de:09561:11432	Strüth Rangauklinik
de:09478:27274	Stublang Hauptstr.
de:09478:27276	Stublang Ortsmitte
de:09376:7396	Stulln, Am Berg
de:09376:7397	Stulln, Hauptstraße
de:09376:2759	Stulln, Schule
de:09376:2761	Stulln, Vogelherd
de:09674:15844	Stöckach
de:09573:5177	Stöckach (b. Roßtal)
de:09474:9624	Stöckach (b.Igensd.) Hauptstr.
de:09474:9625	Stöckach (b.Igensd.) Kirche
de:09474:9628	Stöckach (Igensd) Lindelbergh.
de:09575:14898	Stöckach (Trautskirchen) Mitte
de:09373:17316	Stöckelsberg
de:09377:7580	Stöcken, Abzw
de:09375:1038	Stöcklhof
de:08136:5522	Stödtlen Abzw. Grundschule
de:08136:5514	Stödtlen Grundschule
de:08136:5515	Stödtlen St.-Leonhards-Platz
de:08136:5521	Stödtlen Winterhof
de:08136:5523	Stödtlen-Birkenzell Ellwanger Straße
de:08136:5500	Stödtlen-Birkenzell Kirche
de:08136:5501	Stödtlen-Dambach
de:08136:5503	Stödtlen-Freihof/Oberzell Abzg
de:08136:5504	Stödtlen-Gaxhardt
de:08136:5505	Stödtlen-Gerau
de:08136:5506	Stödtlen-Kreuthof Abzwg
de:08136:5507	Stödtlen-Maxenhof
de:08136:5508	Stödtlen-Niederroden
de:08136:5509	Stödtlen-Oberbronnen
de:08136:5510	Stödtlen-Regelsweiler
de:08136:5511	Stödtlen-Schnepfenmühle
de:08136:5513	Stödtlen-Stillau Abzwg
de:08136:5512	Stödtlen-Stillau Ort
de:08136:5516	Stödtlen-Strambach
de:08136:5518	Stödtlen-Tragenroden Abzwg
de:08136:5517	Stödtlen-Tragenroden Ort
de:08136:5519	Stödtlen-Unterbronnen
de:08136:5520	Stödtlen-Zwiebelhof
de:09574:7477	Stöppach
de:09473:16351	Stöppach Abzw Haarth
de:09473:16344	Stöppach Raiffeisen
de:09474:9921	Störnhof
de:09577:16335	Störzelbach Ortsplatz
de:09575:14235	Stübach Abzw. Uferstr.
de:09575:14236	Stübach Hauptstr./Bauerngasse
de:09471:20782	Stübig
de:09471:21324	Stücht Ortsmitte
de:09471:21819	Stückbrunn
de:09371:18014	Su-Ro Annabergweg
de:09371:18035	Su-Ro. Bereitschaftspolizei
de:09371:18046	Su-Ro. Wilhelm-Busch-Str.
de:09571:13775	Suddersdorf
de:09678:75064	Sudrach, Feriendorf
de:09577:16093	Suffersheim Mitte
de:09577:16094	Suffersheim Waldhof
de:09575:14851	Sugenheim Ortsmitte
de:09575:14855	Sugenheim Ullstädter Str.
de:09571:12471	Sulzach
de:09371:18021	Sulzb-R. Eisenhämmerstr./Jura
de:09371:18030	Sulzb.-R. Fraunhofer Institut
de:09371:18041	Sulzb.-R. Kaufland/Siedlerweg
de:09371:18049	Sulzb.-R. Kindergarten St. Anna
de:09371:18082	Sulzb.-R. Rosenberger Str
de:09371:18050	Sulzb.-R. Schulzentr.Krötensee
de:09674:4739	Sulzbach
de:09371:18062	Sulzbach-R. Abz. Ossietzkystr.
de:09371:18020	Sulzbach-R. Abzw. Hopfenweg
de:09371:18003	Sulzbach-R. Altenh. St.Barbara
de:09371:18002	Sulzbach-R. Am Katzenberg/Lidl
de:09371:18022	Sulzbach-R. Eisenhämmerstr.
de:09371:18036	Sulzbach-R. Geschw.-Scholl-Str
de:09371:18045	Sulzbach-R. H.-Geiger-Str.
de:09371:18043	Sulzbach-R. Heinrich-Böll-Str.
de:09371:18068	Sulzbach-R. Hofgartenapotheke
de:09371:18033	Sulzbach-R. Industriestr./TÜV
de:09371:18121	Sulzbach-R. Kötzersrichterstr
de:09371:18056	Sulzbach-R. Lerchenf./Nbg. Str
de:09371:18053	Sulzbach-R. Ludwig-Erhard-Str.
de:09371:18048	Sulzbach-R. Meierfeld/Jahnstr.
de:09371:18066	Sulzbach-R. Nbg. Str./Forsth.
de:09371:18067	Sulzbach-R. NMH-Hochofen
de:09371:18084	Sulzbach-R. Nürnberger Str.
de:09371:18069	Sulzbach-R. Obere Gartenstr.
de:09371:18070	Sulzbach-R. Oberschwaigstr.
de:09371:18089	Sulzbach-R. Sulzbacher Str.
de:09371:18007	Sulzbach-Ros. An d. Hochleite
de:09371:18019	Sulzbach-Ros. Dolesstr.
de:09371:18026	Sulzbach-Ros. Edelsfelder Str.
de:09371:18025	Sulzbach-Ros. Erlheimer Weg
de:09371:18052	Sulzbach-Ros. Lerchenfeldstr.
de:09371:18072	Sulzbach-Ros. Philosophenweg
de:09371:18094	Sulzbach-Ros. TV-Sportpark
de:09371:18015	Sulzbach-Rosenb. Ab.Berufssch.
de:09371:18005	Sulzbach-Rosenb. Am Spittlberg
de:09371:18004	Sulzbach-Rosenb. An der Point
de:09371:18011	Sulzbach-Rosenb. Arbeitsamt
de:09371:18017	Sulzbach-Rosenb. B.-Heckel-Str
de:09371:18012	Sulzbach-Rosenb. Beethovenstr.
de:09371:18028	Sulzbach-Rosenb. Bergknappenst
de:09371:18018	Sulzbach-Rosenb. Dieselstr.
de:09371:18032	Sulzbach-Rosenb. Dultplatz
de:09371:18029	Sulzbach-Rosenb. Feuerhof/B14
de:09371:18038	Sulzbach-Rosenb. Glückaufstr.
de:09371:18047	Sulzbach-Rosenb. Jahnschule
de:09371:18051	Sulzbach-Rosenb. Krankenhaus
de:09371:18059	Sulzbach-Rosenb. Luitpoldplatz
de:09371:18075	Sulzbach-Rosenb. Realschule
de:09371:18076	Sulzbach-Rosenb. Rohrwerk
de:09371:18085	Sulzbach-Rosenb. Sparkasse
de:09371:18086	Sulzbach-Rosenb. St.-Anna-Str.
de:09371:18087	Sulzbach-Rosenb. St.-Georg-Str
de:09371:18074	Sulzbach-Rosenb. Stadtfriedhof
de:09371:18095	Sulzbach-Rosenb. Vogelherdstr.
de:09371:18097	Sulzbach-Rosenb. Waldfriedhof
de:09371:18099	Sulzbach-Rosenb. Zum Sportpark
de:09371:18000	Sulzbach-Rosenberg
de:09371:18006	Sulzbach-Rosenberg Alte Str.
de:09371:18027	Sulzbach-Rosenberg Am Feuerhof
de:09371:18013	Sulzbach-Rosenberg Annaberg
de:09371:18009	Sulzbach-Rosenberg Auf der Ruh
de:09371:18008	Sulzbach-Rosenberg Erzhausstr.
de:09371:18034	Sulzbach-Rosenberg Frommstr.
de:09371:18037	Sulzbach-Rosenberg Gymnasium
de:09371:18042	Sulzbach-Rosenberg Henneberg
de:09371:18044	Sulzbach-Rosenberg Hütte
de:09371:18096	Sulzbach-Rosenberg Lobenhofstr./Abzw.Waldbad
de:09371:18057	Sulzbach-Rosenberg Lohe
de:09371:18073	Sulzbach-Rosenberg Post
de:09371:18088	Sulzbach-Rosenberg Südstr.
de:09371:18091	Sulzbach-Rosenberg Tafelberg
de:09371:18083	Sulzbach-Rosenberg, Krötensee
de:09373:17716	Sulzbürg Am Waschhaus
de:09373:17719	Sulzbürg Badberg
de:09373:17720	Sulzbürg Hinterer Berg
de:09373:17717	Sulzbürg Schule
de:08136:4518	Sulzdorf
de:09678:6950	Sulzdorf (b. Stadtl.) Hauptstraße
de:09678:27457	Sulzdorf (b. Stadtl.) Kirche
de:09779:6532	Sulzdorf, Raiffeisenstraße
de:09675:29359	Sulzfeld Am Nordturm,Sulzfeld (Main)
de:09675:5907	Sulzfeld Erlacher Tor,Sulzfeld (Main)
de:09678:6180	Sulzheim Kirche
de:09678:27459	Sulzheim Rathaus
de:09373:17535	Sulzkirchen Kirche
de:09371:18283	Sunzendorf Gasthaus
de:09662:75440	SW Hbf Rufbus Start,Schweinfurt
de:09577:16357	Syburg
de:09674:75082	Sylbach (Ufr), Kreuzung Talstr./Steigpfad
de:09674:27462	Sylbach Bachstraße
de:09376:8516	Säulnhof
de:09571:13151	Södelbronn Ortsmitte
de:09678:27451	Sömmersdorf Euerbacher Str.
de:09678:27449	Sömmersdorf Obbacher Straße
de:09678:7198	Sömmersdorf Passionsspiele
de:09678:27450	Sömmersdorf Raiffeisenstraße
de:09371:19458	Süß Brücke
de:09371:19454	Süß Kindergarten
de:09371:19456	Süß Wüstenauer Weg
de:09371:19455	Süß Zum Süßer Berg
de:09371:18426	Tabernackel Ort
de:09374:16893	Tagmanns
de:09779:6537	Tagmersheim, Am Wehrweiher
de:09779:5358	Tagmersheim, Ottinger Ring
de:09576:8244	Tandl
de:09377:11093	Tannenhäusl
de:09475:80485	Tannenreuth, Schulbushaltestelle
de:09477:3672	Tannenwirtshaus
de:09477:4917	Tannfeld
de:08136:5605	Tannhausen Dinkelsbühler Str
de:08136:5604	Tannhausen Ellwanger Str.
de:08136:5602	Tannhausen Ochsen
de:08136:5603	Tannhausen Rathaus
de:08136:5600	Tannhausen-Bleichroden
de:08136:5601	Tannhausen-Riepach Linde
de:09371:18272	Tannlohe
de:09371:18488	Tanzfleck
de:09373:17903	Tartsberg
de:09573:5312	Taubenhof -1-
de:09573:5313	Taubenhof -2-
de:09573:5314	Taubenhof -3-
de:09176:7823	Tauberfeld
de:09176:7702	Tauberfeld, Buxheimer Straße
de:09176:7826	Tauberfeld, Kräuterstr./Doliwa
de:09176:8103	Tauberfeld, Post
de:09571:11812	Tauberschallbach
de:09571:12027	Tauberscheckenbach Kirche
de:09571:12028	Tauberscheckenbacher Mühle
de:09571:12026	Tauberzell Am Brunnen
de:09574:7091	Tauchersreuth
de:09373:17435	Tauernfeld
de:09373:17434	Tauernfeld Gewerbepark
de:09476:16008	Tauschendorf
de:09478:27487	Tauschendorf (Altenkunstadt)
de:09576:8579	Tautenwind
de:09375:1078	Tegernheim M.-Luther-Kirche
de:09176:8309	Tempelhof
de:09471:20988	Tempelsgreuth
de:09375:1079	Tenacker
de:09562:3559	Tennenl. Walderlebnisz.
de:09562:3561	Tennenlohe
de:09576:8419	Tennenlohe (b. Büchenb.)
de:09576:8420	Tennenlohe (b. Büchenb.) -2-
de:09562:3566	Tennenlohe Am Weichselgarten
de:09562:3569	Tennenlohe Brückleinsgasse
de:09562:3557	Tennenlohe Böhmlach
de:09562:3568	Tennenlohe Frauenweiherstr.
de:09562:3556	Tennenlohe Haselhofstr.
de:09562:3560	Tennenlohe Heuweg
de:09562:3573	Tennenlohe Maus-Haltestelle
de:09562:3558	Tennenlohe Saidelsteig
de:09562:3565	Tennenlohe Süd
de:09562:3562	Tennenlohe Wetterkreuz
de:09176:8827	Tettenagger, Bhst
de:09176:8210	Tettenwang, Schulstraße
de:09176:9406	Tettenwang, Sternstraße
de:09376:775	Teublitz, Anni-Moden
de:09376:802	Teublitz, Blumenstraße
de:09376:170	Teublitz, Hugo-Geiger-Siedlung
de:09376:803	Teublitz, Ludwig-Thoma-Straße
de:09376:749	Teublitz, Münchshof./Kinderg
de:09376:175	Teublitz, Nord
de:09376:16693	Teublitz, Nord Peschl
de:09376:174	Teublitz, Rathaus
de:09376:268	Teublitz, Schule
de:09471:21341	Teuchatz
de:09471:21340	Teuchatzer Berg
de:09273:81061	Teufelsmühle (Bad Abbach)
de:09273:781	Teugn, Grundschule
de:09273:761	Teugn, Lengfelder Str.
de:09273:762	Teugn, Lindenstr
de:09273:763	Teugn, Saaler Str.
de:09273:2610	Thaldorf, Kreisstr/A Leitenweg
de:09273:2611	Thaldorf, Ortsmitte
de:09574:7419	Thalheim (b. Happurg)
de:09577:16359	Thalmannsfeld
de:09375:473	Thalmassing Kindergarten
de:09375:474	Thalmassing Kirche
de:09375:475	Thalmassing Raiffeisenbank
de:09375:1034	Thalmassing Stadtberg
de:09375:1004	Thalmassing Wolkeringer Straße
de:09576:8919	Thalmäs. Supermarkt Münch. Str.
de:09576:8867	Thalmässing Hauptschule
de:09576:8861	Thalmässing Marktplatz
de:09576:8863	Thalmässing Nürnberger Str.
de:09576:8862	Thalmässing Ohlangener Str.
de:09576:8860	Thalmässing Rathaus
de:09576:8918	Thalmässing REWE-Markt
de:09576:8865	Thalmässing Äußere Nürnb. Str.
de:09571:12138	Thann (b. Bechhofen)
de:09373:17269	Thann (b.Berching)
de:09377:7780	Thann / Siegritz
de:09377:15899	Thann, Abzw bei Erbendorf
de:09373:17263	Thannbrunn
de:09373:17438	Thannbügl
de:09373:17543	Thannhausen (b. Freyst) Kirche
de:09577:16732	Thannhausen (b. Pfofeld) Ort
de:09373:17542	Thannhausen (b.Freyst) Hofmark
de:09577:16733	Thannhausen (b.Pfof.) Siedlung
de:09176:8858	Thannhausen (Obb)
de:09371:18490	Thansüß
de:09371:18491	Thansüß Mitte
de:09576:8851	Theilenberg
de:09577:16881	Theilenhofen
de:09672:27547	Theinfeld
de:09674:17545	Theinheim
de:09478:27568	Theisau
de:09476:3300	Theisenort Am Schlappbach
de:09476:75617	Theisenort Eckertsruh
de:09476:3316	Theisenort Lehengrund
de:09476:16063	Theisenort Sportplatz
de:09176:8545	Theißing, Kirche
de:09176:8402	Theißing, Römerstraße
de:09478:27681	Thelitz
de:09571:13425	Theuerbronn
de:09371:18981	Theuern Brücke
de:09371:18983	Theuern Erzbergstr.
de:09371:18982	Theuern Gewerbegebiet
de:09371:18985	Theuern Parkplatz
de:09371:18986	Theuern Schloß
de:09371:18987	Theuern Vilsanger
de:09575:14823	Thierberg
de:09462:22485	Thiergarten
de:09479:10036	Thiersheim, Abzw Neuenreuth
de:09479:11833	Thiersheim, Am Bahnhof
de:09479:9566	Thiersheim, Feuerwehrhaus
de:09479:9343	Thiersheim, Wunsiedler Str. 27
de:09479:10034	Thierstein, Abzw Birkenbühl
de:09479:15266	Thierstein, Birkenbühl
de:09479:9338	Thierstein, Hauptstraße
de:09479:9337	Thierstein, Markgrafenstr.
de:09479:10033	Thierstein, Schule
de:09479:10076	Thierstein/Höchstädt B15
de:09176:8535	Tholbath, Brunnenweg
de:09176:8403	Tholbath, Kirche
de:09678:27548	Thomashof
de:09374:7207	Thomasreuth
de:09476:3890	Thonberg
de:09476:3889	Thonberg Abzw Reuth
de:09476:3888	Thonberg Schaufel
de:09371:19284	Thonhausen b. Ursensollen
de:09571:13776	Thonhof
de:09474:9162	Thosmühle
de:09474:9434	Thuisbrunn
de:09474:9435	Thuisbrunn Zehntscheune
de:09375:480	Thumhausen Kirche
de:09377:7778	Thumsenreuth, Feuerwehrhaus
de:09377:7178	Thumsenreuth, Ort
de:09672:27549	Thundorf Gh. Krone
de:09672:3268	Thundorf Kirchplatz
de:09672:27550	Thundorf Siedlung
de:09474:9533	Thurn Am Kübellohberg
de:09474:9531	Thurn In der Reuth
de:09474:9526	Thurn Parkstr.
de:09474:9527	Thurn Romantiksaal
de:09477:3878	Thurnau Busbahnhof
de:09477:4927	Thurnau Jägerstraße
de:09374:80721	Thurndorf, Dorfplatz
de:09374:80722	Thurndorf, Einöde Sehner
de:09374:80725	Thurndorf, Ziegelranken
de:09779:5391	Thurneck
de:09471:21685	Thüngbach
de:09471:21661	Thüngfeld Feuerwehrhaus
de:09471:21663	Thüngfeld Ost
de:09471:21664	Thüngfeld West
de:09571:11814	Thürnhofen Feuerwehrhaus
de:09571:11817	Thürnhofen Mitte
de:09373:17651	Thürsnacht
de:09577:16409	Tiefenbach (b.Ellingen)
de:09576:8911	Tiefenbach (b.Thalmässing) Ort
de:09273:81064	Tiefenbach (Kr KEH)
de:09479:10113	Tiefenbach b.Bad Alexandersbad
de:09471:21467	Tiefenellern
de:09471:21469	Tiefenellern Ab. Herzogenreuth
de:09471:21178	Tiefenhöchstadt
de:09375:1691	Tiefenhüll Hst.
de:09375:1699	Tiefenhüll Mirbeth
de:09476:16202	Tiefenklein
de:09471:21342	Tiefenpölz
de:09478:27193	Tiefenroth
de:09675:29418	Tiefenstockheim Am Brunnen
de:09675:75445	Tiefenstockheim Schulbushst.
de:09474:9287	Tiefenstürmig
de:09472:22961	Tiefenthal (b. Creussen)
de:09571:12930	Tiefenthal (b. Leutershausen)
de:09478:27279	Tiefenthal (Lkr. LIF)
de:09377:7852	Tirschnitz
de:09176:7512	Titting, Am Kiefernring
de:09176:8348	Titting, Emsinger Straße
de:09176:8339	Titting, Marktplatz
de:09176:8346	Titting, Tafelmühle
de:09674:15325	Todtenweisach
de:09479:10097	Torfmoorhölle
de:09471:21426	Trabelsdorf Gh Beck
de:09471:21429	Trabelsdorf Schloß
de:09471:21431	Trabelsdorf Schule
de:09575:14989	Trabelshof
de:09374:7543	Trabitz, Bf
de:09374:7542	Trabitz, Fa. Leistritz
de:09571:12676	Trachenhöfstatt
de:09374:16865	Trag
de:09374:7206	Trag, Abzw
de:09575:14928	Tragelhöchstädt
de:09375:482	Traidendorf
de:09375:304	Traidenloh
de:09474:9457	Trailsdorf Hallerndorfer Str.
de:09474:9460	Trailsdorf Hutfeld
de:09474:9458	Trailsdorf Ringstr.
de:09478:27872	Trainau
de:09471:21343	Traindorf
de:09474:9927	Trainmeusel
de:09571:12212	Traisdorf
de:09575:14197	Traishöchstädt
de:09373:17656	Traunfeld Altdorfer Str.
de:09373:17655	Traunfeld Hauptstr.
de:09373:17652	Traunfeld Ortsmitte
de:09376:7403	Traunricht
de:09678:75092	Traustadt
de:09675:29377	Trautberg
de:09377:15200	Trautenberg,Bayrischhof
de:09373:17642	Trautmannshofen Seeplatz
de:09373:17643	Trautmannshofen Zehentgasse
de:09575:14883	Trautskirchen Brunnenleite
de:09575:14881	Trautskirchen Kirche
de:09575:14886	Trautskirchen Rathaus
de:09371:19080	Traßlberg Bahnunterführung
de:09371:19084	Traßlberg Dorfplatz
de:09371:19085	Traßlberg Finkenweg
de:09371:19081	Traßlberg Goethestr.
de:09371:19082	Traßlberg Silcherstr.
de:09477:3593	Trebgast
de:09478:27488	Trebitzmühle
de:09185:7774	Treidelheim, Kapellenweg
de:09674:7444	Treinfeld
de:09374:7220	Treinreuth
de:09374:8894	Tremau,Baumgartenhof
de:09374:7633	Tremmersdorf
de:09577:16842	Trendel Krzg. Lindenstr./Pols.
de:09577:16840	Trendel Lindenstr.
de:09577:16841	Trendel Ortsmitte
de:09471:20989	Treppendorf (b. Burgebrach)
de:09472:23544	Treppendorf (b. Hollfeld)
de:09472:23608	Tressau
de:09573:5144	Trettendorf
de:09674:16383	Tretzendorf Seestraße
de:09577:16209	Treucht.Senef.Sch./Lessingstr
de:09577:16214	Treuchtl.Senef.Sch./Altmühlth.
de:09577:16226	Treuchtli. Bgm-Korn-Str./Norma
de:09577:16200	Treuchtlingen
de:09577:16205	Treuchtlingen Altmühlbrücke
de:09577:16221	Treuchtlingen Altmühltherme
de:09577:16203	Treuchtlingen Am Brühl
de:09577:16206	Treuchtlingen Ansbacher Str.
de:09577:16215	Treuchtlingen Bgm-Döbler-Allee
de:09577:16225	Treuchtlingen Friedhof
de:09577:16219	Treuchtlingen Grundschule
de:09577:16224	Treuchtlingen Heusteige/Aldi
de:09577:16211	Treuchtlingen Krankenhaus
de:09577:16212	Treuchtlingen Marmorwerk
de:09577:16213	Treuchtlingen Patrich-Winkel
de:09577:16216	Treuchtlingen Rappenbergstr.
de:09577:16202	Treuchtlingen Rathaus
de:09577:16217	Treuchtlingen Schwarzfeldstr.
de:09577:16204	Treuchtlingen Schürmühle
de:09577:16210	Treuchtlingen Senef. Sch. Hof
de:09577:16218	Treuchtlingen Senef. Schule
de:09577:16222	Treuchtlingen Steinstr.
de:09577:16231	Treuchtlingen Zollhaus
de:09574:7488	Treuf
de:09471:21388	Treunitz Ortsmitte
de:09471:21390	Treunitz Schulbushaltestelle
de:09377:7578	Trevesen, Abzw
de:09377:11081	Trevesen, Feuerwehrhaus
de:09377:15504	Trevesen, Haus-Nr. 140
de:09377:2272	Trevesen, Haus-Nr. 73
de:09377:11080	Trevesen, Haus-Nr. 90
de:09377:15177	Trevesenhammer
de:09571:11819	Tribur
de:09371:19228	Trichenricht Kreuzung AS 32
de:09371:19229	Trichenricht Ort
de:09478:27195	Trieb Hauptstr.
de:09478:27196	Trieb Sportplatz
de:09571:12677	Triebendorf
de:09571:13000	Triesdorf
de:09571:13561	Triesdorf (b.Weidenbach) Mitte
de:09571:13563	Triesdorf/Weidenb. Markgr.str.
de:08127:20269	Triftshausen Ortsmitte
de:09374:7520	Trippach
de:09363:99008	Trippach, Abzw
de:09376:8474	Trisching, Am Bach
de:09376:8473	Trisching, Schule
de:09376:8478	Trisching, Ziegelhütte
de:09375:484	Trischlberg
de:08136:1056	Triumphstadt M-Braun-Ring
de:08136:1062	Triumphstadt Ostpreußenstraße
de:08136:1073	Triumphstadt Spießhoferring
de:08136:4245	Trochtelfingen Bahnhof
de:08136:4237	Trochtelfingen Rathaus
de:08136:4246	Trochtelfingen Röhrbachmühle/Kreuzung
de:08136:4238	Trochtelfingen Rößle
de:08136:4239	Trochtelfingen Schülesgasse
de:08136:4240	Trochtelfingen Siedlung
de:08136:4241	Trochtelfingen Sonnenhalde
de:09472:22713	Trockau Kirchplatz
de:09472:22711	Trockau Ortseingang
de:09377:7544	Troglau
de:09577:16337	Trommetsheim
de:09374:16872	Troschelhammer
de:09472:23263	Troschenreuth (b.Emtmannsberg)
de:09472:22693	Troschenreuth Abzw. Thurndorf
de:09472:22691	Troschenreuth Gasthaus Götz
de:09472:22694	Troschenreuth Siedlung
de:09471:21074	Trosdorf Abzw. B26
de:09471:21078	Trosdorf Gh Wachter
de:09471:21077	Trosdorf Industriegebiet
de:09674:17552	Trossenfurt Aurachbrücke
de:09674:17553	Trossenfurt Raiffeisenbank
de:09674:17554	Trossenfurt Schule
de:09371:18271	Troßalter
de:09477:4915	Trumsdorf
de:09471:21815	Trunstadt Autohaus Hartmann
de:09471:21811	Trunstadt Mitte
de:09471:21813	Trunstadt Ost
de:09471:21814	Trunstadt Schule
de:09471:21812	Trunstadt Wendeplatte
de:09472:23716	Truppach
de:09371:18634	Träglhof
de:09472:22871	Trägweis
de:09472:23241	Tröbersdorf
de:09479:9511	Tröstau, Abzw Bahnhof
de:09479:9515	Tröstau, Bergcafe
de:09479:9514	Tröstau, Gh Siebenstern
de:09479:9530	Tröstau, Neuenhammer
de:09479:9528	Tröstau, Schule
de:09479:9512	Tröstau, Siedlung
de:09479:9513	Tröstau, Silberhaus
de:09473:15079	Trübenbach
de:09573:5334	Tuchenb. Ab.Obermichelb.
de:09573:5331	Tuchenb. Gemeindeamt
de:09373:17348	Tyrolsberg
de:09373:17491	Töging Am Steig
de:09373:17492	Töging Sportplatz
de:09472:22873	Tüchersfeld
de:09474:9387	Türkelstein
de:09476:16067	Tüschnitz
de:09471:21081	Tütschengereuth Kirche
de:08136:5720	U'schneidh-Zöbingen Blumenstr.
de:08136:5703	U'schneidheim-Heidmühle
de:08136:5714	U'schneidheim-Walxheim
de:08136:5715	U'schneidheim-Wöhrsberg
de:08136:5723	U'schneidheim-Zöbingen Post
de:08136:5725	U'schneidheim-Zöbingen Schule
de:09674:7440	Uchenhofen
de:09674:75080	Uchenhofen, Brauhausgasse
de:09674:75078	Uchenhofen, Waldstr.
de:09575:14915	Uehlfeld Feuerwehrhaus
de:09575:14911	Uehlfeld Kirche
de:09575:14912	Uehlfeld Schule
de:09575:14914	Uehlfeld Tankst.Stöcker
de:09674:4737	Ueschersdorf
de:09478:27281	Uetzing Schule
de:09575:14950	Uffenheim
de:09575:14557	Uffenheim Bomhardschule
de:09575:14558	Uffenheim Grund- /Hauptschule
de:09575:14954	Uffenheim Hedwigsruh
de:09575:14952	Uffenheim Rothenburger Str.
de:09575:14956	Uffenheim Schafhof
de:09575:14953	Uffenheim Würzburger Str.
de:09565:4607	Uigenau
de:09565:4608	Uigenau Gewerbepark West
de:09371:19286	Ullersberg
de:09363:16	Ullersricht Ullersricht
de:09575:14861	Ullstadt
de:09571:13852	Ulrichshausen
de:09575:14617	Ulsenheim
de:09371:18861	Umelsdorf
de:09478:27641	Ummersberg
de:09375:485	Undorf
de:09375:735	Undorf Abzw.Eichhofen
de:09375:486	Undorf Dachgred
de:09375:487	Undorf Tankstelle
de:09674:75056	Unfinden, Ortsmitte
de:09475:80742	Unfriedsdorf
de:09574:7974	Ungelstetten Feuerwehrhaus
de:09574:7975	Ungelstetten Schleife
de:09373:17182	Ungenricht
de:09576:8427	Ungerthal
de:09571:11821	Ungetsheim
de:09571:11823	Ungetsheimer Mühle
de:09478:27283	Unnersdorf Brücke
de:09478:27287	Unnersdorf Grundschule
de:09478:27285	Unnersdorf Ortsmitte
de:09373:17519	Unt. Braunshof (b. Freystadt)
de:09371:18655	Unterachtel (b. Hirschbach)
de:09574:7906	Unterachtel (b. Simmelsdorf)
de:09571:11825	Unterahorn
de:09571:11824	Unterahorn, Unterahorn-11-
de:09474:9392	Unterailsfeld
de:09572:6840	Unteralbach
de:09375:488	Unteralling
de:09575:14741	Unteraltenbernheim
de:09571:13427	Unterampfrach Alte Schule
de:09571:13428	Unterampfrach Kirche
de:09571:13426	Unterampfrach Schützenstr.
de:09779:7108	Unterappenberg
de:09573:5610	Unterasbach
de:09577:16192	Unterasbach (b. Gunzenhausen)
de:09573:5608	Unterasbach Friedhof
de:09573:5609	Unterasbach Hopfenweg
de:09573:5622	Unterasbach Locher Weg
de:09573:5612	Unterasbach, Bahnhof Nord
de:09573:5613	Unterasbach, Bahnhof Süd
de:09471:21765	Unteraurach
de:09565:4258	Unterbaimbach
de:09374:15713	Unterbibrach
de:09571:12638	Unterbreitenau Ortsmitte
de:09576:8692	Unterbreitenlohe
de:09377:7498	Unterbruck
de:09478:27643	Unterbrunn
de:09477:3858	Unterbrücklein
de:09779:6564	Unterbuch
de:09373:17437	Unterbuchfeld
de:09573:5764	Unterbüchlein
de:09373:17494	Unterbürg Ortsmitte
de:09571:11828	Unterdallersbach
de:08127:30011	Unterdeufst. Oberdeufstetten
de:08127:30004	Unterdeufstetten Kapellenstr.
de:08127:30005	Unterdeufstetten Marktstraße
de:08127:30006	Unterdeufstetten Post
de:08127:30007	Unterdeufstetten Schule
de:09176:8201	Unterdolling, Feuerwehrhaus
de:09477:80088	Unterdornlach
de:09577:16577	Untere Haardt
de:09575:14439	Untere Mühle
de:09571:11693	Untere Walkmühle (b.Rothenb.)
de:09561:11439	Untereichenb. Neukirchener Str
de:09561:11437	Untereichenbach Ortsmitte
de:09679:4049	Untereisenheim Abzweig
de:09679:4045	Untereisenheim Abzweig Fahr
de:09679:4053	Untereisenheim Dipbacher Str.
de:09679:4050	Untereisenheim Kaltenhausen
de:09473:15307	Unterelldorf
de:09176:7608	Unteremmendorf
de:09176:8277	Unteremmendorf, St 2230 Abz
de:09373:17513	Unterer Kiesenhof
de:09576:8852	Untererlbach
de:09571:13778	Untereschenbach (b. Windsbach)
de:09678:75035	Untereuerheim
de:09563:2378	Unterfarrnb. Falkenstr.
de:09563:2379	Unterfarrnb. Lübecker Str.
de:09563:2382	Unterfarrnbach Hafenstr.
de:09563:2380	Unterfarrnbach Heidestr.
de:09563:2381	Unterfarrnbach Schule
de:09563:2377	Unterfarrnbach, Ruhsteinweg
de:09571:12296	Unterfelden Ortsmitte
de:09574:7378	Unterferrieden Leitenweg
de:09574:7379	Unterferrieden Mitte
de:09574:7381	Unterferrieden Schleife
de:09574:7380	Unterferrieden Schule
de:09574:7382	Unterferrieden Schwalbenhofs.
de:09563:2332	Unterfür. Brünnleinsw/Schleife
de:09563:2331	Unterfürberg Brünnleinsweg
de:09563:2356	Unterfürberg Saatweg
de:09471:21246	Untergreuth
de:09471:21497	Unterhaid Ortsmitte
de:09475:9103	Unterhaid, Abzw
de:09475:81847	Unterhaid, Schulbushaltestelle
de:09574:7525	Unterhaidelbach Ort
de:09577:16160	Unterhambach
de:09577:16193	Unterhambacher Mühle
de:09471:20991	Unterharnsbach
de:09161:7484	Unterhaunstadt, Lentinger Str.
de:09576:8109	Unterheckenhofen
de:09576:8110	Unterheckenhofen Dorf
de:09571:12298	Unterhegenau
de:09571:12841	Unterheßbach
de:09571:11827	Unterhinterhof
de:09674:27567	Unterhohenried
de:09273:816	Unterhörlbach
de:09675:29592	Unterickelsheim Dorfplatz
de:09675:5793	Unterickelsheim Siedlung
de:09375:1022	Unterirading
de:09362:492	Unterisling
de:09371:18665	Unterklausen
de:08136:1610	Unterkochen Aalener Straße
de:08136:1600	Unterkochen Adler
de:08136:1608	Unterkochen Bahnhof
de:08136:1601	Unterkochen Breslauer Str.
de:08136:1611	Unterkochen Ebnater Steige
de:08136:1602	Unterkochen Kneippweg
de:08136:1613	Unterkochen Krumme Str.
de:08136:1603	Unterkochen Kutschenweg
de:08136:1604	Unterkochen Lamm
de:08136:1606	Unterkochen Schützen
de:08136:1607	Unterkochen Sporthalle
de:08136:1609	Unterkochen Waldhäuser Straße
de:08136:1612	Unterkochen Wöhrstraße
de:09574:7484	Unterkrumbach Ort
de:09561:11368	Unterkäferbach
de:09376:80389	Unterköblitz, Feistelholz
de:09376:80390	Unterköblitz, Fischberg
de:09376:80388	Unterköblitz, Gemeinde
de:09376:7384	Unterköblitz, Sportplatz
de:09471:21558	Unterköst
de:09478:27645	Unterküps
de:09375:493	Unterlaichling
de:09375:1044	Unterlaichling Feuerwehr
de:09375:1045	Unterlaichling Ortsmitte
de:09575:14825	Unterlaimbach B8
de:09575:14826	Unterlaimbach Ort
de:09575:14827	Unterlaimbach Spielplatz
de:09371:19388	Unterlangenfeld
de:09478:27878	Unterlangenstadt Bundesstr.
de:09478:27877	Unterlangenstadt Gh. Post
de:09478:27875	Unterlangenstadt Ortsmitte
de:09474:9841	Unterleinleiter Am Dürrbach
de:09474:9842	Unterleinleiter Friedhof
de:09474:9843	Unterleinleiter Kirche
de:09474:9844	Unterleinleiter Schulstr.
de:09371:19285	Unterleinsiedl
de:09471:21877	Unterleiterbach
de:08136:4519	Unterlengenfeld
de:09477:4094	Unterlettenrangen
de:09472:23637	Unterlind (Mehlm.) Altes FW-Hs
de:09472:23638	Unterlind (Mehlm.) Bahnhof
de:09472:23639	Unterlind/Mehlmeisel Erllohe
de:09474:9629	Unterlindelbach
de:09574:7889	Unterlindelburg Lindenstr.
de:09574:7888	Unterlindelburg Mitte
de:09779:5386	Untermagerbein
de:09576:8667	Untermainbach Am Sonnenhang
de:09576:8668	Untermainbach Hochstr.
de:09576:8666	Untermainbach Wohnpark
de:09273:2243	Untermantelkirchen
de:09471:21687	Untermelsendorf
de:09572:6548	Untermembach
de:09572:6547	Untermembach Feuerwehrhaus
de:09674:15234	Untermerzbach Bachgasse
de:09571:13824	Untermichelbach (b.Wittelsh.)
de:09573:5246	Untermichelbach (Obermichelb)
de:09571:13685	Untermosbach
de:09576:8547	Untermässing Alte Schule
de:09576:8548	Untermässing Kreuzung
de:09574:7924	Unternaifermühle
de:09571:13303	Unternbibert Alte Schule
de:09571:13300	Unternbibert Bahnhof
de:09571:13302	Unternbibert Fa. Meier
de:09575:14044	Unternesselbach Mitte
de:09575:14045	Unternesselbach Siedlung
de:09471:20992	Unterneuses
de:09478:27647	Unterneuses (b.Ebensfeld)
de:09575:14056	Unterntief
de:09575:14747	Unternzenn
de:09471:21114	Unteroberndorf Hauptstraße
de:09471:21113	Unteroberndorf Kapellenstr.
de:09477:3869	Unterobsang
de:09571:12352	Unteroestheim Bellershauser S.
de:09571:12357	Unteroestheim Würzburger Str.
de:09371:18566	Unterpennading
de:09375:495	Unterpfraundorf
de:09674:15804	Unterpreppach
de:09674:16427	Unterpreppach Tanzcenter
de:09576:8734	Unterprünst
de:09565:4578	Unterr.bach Oberreichenb. Str.
de:09565:4163	Unterreichenb. A.d.Leite
de:09565:4164	Unterreichenb. Händelpl.
de:09572:6318	Unterreichenbach (Aurachtal)
de:09565:4591	Unterreichenbach Eichhornstr.
de:09565:4166	Unterreichenbach Mitte
de:09779:6777	Unterreimlingen
de:09373:17905	Unterried
de:09574:7265	Unterrieden Ortsmitte
de:09574:7269	Unterrieden Stadelwiesenweg
de:08136:9930	Unterriffingen Ellenhof
de:08136:4243	Unterriffingen Rathaus
de:08136:2488	Unterriffingen Schule
de:09575:14173	Unterrimbach
de:09373:17319	Unterrohrenstadt
de:08136:1704	Unterrombach Bottich
de:08136:1706	Unterrombach Friedhof
de:09575:14248	Unterroßbach
de:09576:8245	Unterrödel Mitte
de:09576:8251	Unterrödel Schleife
de:09474:9611	Unterrüsselbach (b.Igensdorf)
de:09273:16696	Untersaal, Abzw. Teugn
de:09273:251	Untersaal, B16 Abzw Teugn
de:09273:252	Untersaal, Kirche
de:09575:14239	Untersachsen
de:09575:14237	Untersachsen Aussiedlerhof
de:09675:29401	Untersambach, Ortsmitte
de:09675:25650	Untersambacher Mühle
de:09371:19457	Unterschalkenbach
de:09273:855	Unterschambach, Kapelle
de:09573:5231	Unterschlauersb. Hauptstr.
de:09573:5232	Unterschlauersb. Kohlenpl.
de:09674:27569	Unterschleichach
de:08136:5712	Unterschneidh. Nordh. Str.
de:08136:5711	Unterschneidh. Weidenfeldle
de:08136:5708	Unterschneidheim Post
de:08136:5709	Unterschneidheim Schule
de:08136:5710	Unterschneidheim Siedlung
de:09571:13499	Unterschwaningen Ansbacher Str
de:09571:13497	Unterschwaningen Bahnhof
de:09571:13501	Unterschwaningen Gunzenh. Str.
de:09571:13502	Unterschwaningen Hauptstr.
de:09571:13498	Unterschwaningen Sportplatz
de:09674:7407	Unterschwappach Ortsmitte
de:09472:22963	Unterschwarzach
de:09575:14047	Unterschweinach
de:09572:6247	Unterschöllenbach
de:09571:12057	Unterschönau
de:09376:80392	Untersdorf
de:09574:7818	Untersdorf (b. Schnaittach)
de:09473:16348	Untersiemau Bahnhofstraße
de:09473:17723	Untersiemau Coburger Straße
de:09473:15208	Untersiemau Rathaus Süd
de:09473:15209	Untersiemau Schule
de:09473:15185	Untersiemau Steineller
de:09473:3339	Untersiemau Weißenbrunner Str.
de:09678:27571	Unterspiesheim Am Kreuz
de:09678:27573	Unterspiesheim Feuerwehrhaus
de:09678:6960	Unterspiesheim Gernacher Str.
de:09678:27572	Unterspiesheim Hauptstraße 34
de:09678:28695	Unterspiesheim Raiffeisenbank
de:09678:25857	Unterspiesheim Schlossmühle
de:09185:8489	Unterstall, Am Gänsberg
de:09185:8732	Unterstall, EgweilerStr.Ortsri
de:09185:8733	Unterstall, Joshofener Str.5
de:09185:8480	Unterstall, Spielplatz
de:09472:22745	Untersteinach (b Bayreuth)
de:09477:75276	Untersteinach (b Stadtsteinach)
de:09477:3599	Untersteinach (b Stadtsteinach), Mitte
de:09477:80094	Untersteinach Bahnhof
de:09477:3667	Untersteinach Industriegebiet
de:09477:3600	Untersteinach Ost
de:09477:3287	Untersteinach Ottostraße
de:09471:21144	Untersteinach/Burgwindheim Ort
de:09472:22747	Untersteinach/Kr BT Staatsstr.
de:09371:18633	Untersteinbach (b. Hirschau)
de:09576:8117	Untersteinbach a.d.H.
de:09674:17574	Untersteinbach Hauptstraße 2
de:09576:8486	Untersteinbach ob Gmünd
de:09674:29854	Untersteinbach Schule
de:09376:80011	Untersteinbach, Kriegerdenkmal
de:09575:14048	Unterstrahlbach
de:09474:9291	Unterstürmig Lias-Grube
de:09474:9288	Unterstürmig Ort
de:09571:12843	Untersulzbach
de:09273:264	Unterteuerting, Kirche
de:09674:27575	Untertheres
de:09273:442	Untertollbach
de:09474:9753	Untertrubach Ab. Affalterthal
de:09474:9755	Untertrubach Ort
de:09573:5423	Unterulsenbach
de:09274:81271	Untervorholzen
de:09375:1695	Unterwahrberg Abzw.
de:09373:17599	Unterwahrberg Ort
de:09472:23502	Unterwaiz
de:09373:17304	Unterwall
de:09377:15833	Unterwappenöst
de:09373:17994	Unterweickenhof
de:09373:17995	Unterweickenhof Weickenhammer
de:09573:5760	Unterweihersbuch
de:09573:5774	Unterweihersbuch Asbacher Weg
de:09471:21153	Unterweiler
de:09474:9854	Unterweilersb. Ab.Forchh.Str.
de:09474:9856	Unterweilersb. Ebermannst.Str.
de:09474:9855	Unterweilersbach Ab. Josefstr.
de:09474:9859	Unterweilersbach Am Willberg
de:09474:9853	Unterweilersbach Annaberg
de:09371:19361	Unterweißenbach
de:09574:7266	Unterwellitzleithen Gew.geb.
de:09574:7267	Unterwellitzleithen Hauptstr.
de:09273:263	Unterwendling, A.Bundes/A Reißing
de:09273:2612	Unterwendling, Schulstr.
de:09373:17997	Unterwiesenacker Ort
de:09374:7380	Unterwildenau
de:08136:5713	Unterwilflingen
de:08136:5728	Unterwilflingen Kindergarten
de:09574:7923	Unterwindsberg
de:09572:6815	Unterwinterbach
de:09577:15624	Unterwu. Scheupeleinsmühle
de:09577:15614	Unterwu. Zöpfiwasenweg
de:09577:15623	Unterwurmb. E.-v.-Lentersh.-S.
de:09577:15621	Unterwurmb. R.-Stücklen-Str.
de:09577:15612	Unterwurmbach Bickelgasse
de:09577:16175	Unterwurmbach Dorf
de:09577:15616	Unterwurmbach Hauptstr.
de:09577:16195	Unterwurmbach Mitte
de:09577:16196	Unterwurmbach Neuer Weg
de:09577:15620	Unterwurmbach Rainstr.
de:09577:15615	Unterwurmbach Schlossgasse
de:09477:13717	Unterzaubach
de:09477:3717	Unterzaubach TBH
de:09474:9816	Unterzaunsbach
de:09477:4082	Unterzettlitz
de:09478:27289	Unterzettlitz (Lkr. LIF)
de:09373:17314	Unterölsbach Ort
de:09472:23266	Unterölschnitz
de:09571:12939	Untreumühle
de:09575:14456	Urfersheim
de:09571:13485	Urphershofen
de:09575:14744	Urphertshofen
de:09273:851	Ursbach, Kapelle
de:09371:19244	Ursensollen Ab. J.-Oswald-Str.
de:09371:19250	Ursensollen Gesundheitszentrum
de:09371:19247	Ursensollen Grundschule
de:09371:19246	Ursensollen Hauptschule
de:09371:19241	Ursensollen Hauptstr.
de:09371:19243	Ursensollen Hohenburger Str.
de:09371:19242	Ursensollen Juraallee
de:09577:16838	Ursheim Brücke
de:09577:16836	Ursheim Döckinger Str.
de:09577:16837	Ursheim Im Grund
de:09577:16839	Ursheim Wiesmühle
de:09474:9818	Urspring (b. Pretzfeld)
de:09371:19464	Ursulapop. Gewgeb. Am Fischweg
de:09371:19463	Ursulapoppenricht Bahngleis
de:09371:19461	Ursulapoppenricht Ort
de:08136:5705	Ush-Oberschneidheim
de:08136:5721	Ush-Zöbingen Grüner Baum
de:08136:5729	Ush-Zöbingen Kapellenstraße
de:08136:5722	Ush-Zöbingen Kindergarten
de:08136:5724	Ush-Zöbingen Schneidheimer Str
de:09576:8385	Uttenhofen (b. Allersberg)
de:09575:14943	Uttenhofen (b. Uffenheim)
de:09572:6763	Uttenreuth Breslauer Str.
de:09572:6764	Uttenreuth Marloffsteiner Str.
de:09572:6761	Uttenreuth Rathaus
de:09572:6276	Uttstadt
de:09371:18863	Utzenhofen Ortsmitte
de:09371:18864	Utzenhofen Raiffeisenbank
de:09574:7930	Utzmannsb. Abz. Fischzucht Rau
de:09574:7928	Utzmannsbach
de:08136:5306	Utzmemmingen Hirsch
de:08136:5307	Utzmemmingen Post
de:08136:5308	Utzmemmingen Schule
de:09779:6719	Utzwingen
de:09563:2489	Vach
de:09563:2553	Vach Am Altengraben
de:09563:2551	Vach Am Vacher Markt
de:09563:2550	Vach Nord
de:09563:2557	Vach Peter-Hannweg-Straße
de:09563:2555	Vach Rothenberger Weg
de:09563:2552	Vach Schönblick
de:09563:2368	Vacher Brücke
de:09571:12083	Vehlberg
de:09471:21344	Veilbronn
de:09477:16206	Veitlahm Ortsmitte
de:09477:17567	Veitlahm Parkplatz Schule
de:09571:13779	Veitsaurach Mitte
de:09571:13780	Veitsaurach Volksschule
de:09573:5341	Veitsbronn Am Dorfplatz
de:09573:5349	Veitsbronn Heide
de:09573:5345	Veitsbronn Heinrich-Heine-Str.
de:09573:5348	Veitsbronn Mittelschule
de:09573:5344	Veitsbronn Siedlung
de:09573:5346	Veitsbronn Tuchenbacher Str.
de:09577:16791	Veitserlbach
de:09373:17942	Velburg Hauptschule
de:09373:17943	Velburg Lutzmannsteiner Str.
de:09373:17952	Velburg Rathaus
de:09373:17941	Velburg St. Anna
de:09373:17946	Velburg Zum Sperlasberg
de:09571:12748	Velden (b. Herrieden)
de:09574:7940	Velden (b. Hersbruck)
de:09574:7942	Velden (Lkr. LAU) Am Brunnen
de:09574:7089	Veldershof
de:09376:737	Verau
de:09571:13259	Vestenberg
de:09571:13258	Vestenberg Kreuzung
de:09572:6805	Vestenbergsgr. Aussiedlerhof
de:09572:6802	Vestenbergsgreuth Kirchstr.
de:09572:6801	Vestenbergsgreuth Mitte
de:09572:6803	Vestenbergsgreuth Schule
de:09472:22700	Vestenmühle
de:09371:19488	Viehberg
de:09576:8549	Viehhausen (b. Greding)
de:09375:505	Viehhausen Adlstein
de:09375:1720	Viehhausen Gewerbegebiet
de:09375:1084	Viehhausen Grundschule
de:09375:500	Viehhausen Jurastr.
de:09375:501	Viehhausen Kirche
de:09375:499	Viehhausen Kohlstadt
de:09375:502	Viehhausen Reichenthalstr.
de:09375:503	Viehhausen Rosenbuschstr.
de:09176:8933	Viehstall
de:09479:10118	Vielitz, Ort
de:09479:9298	Vielitz, Siedlung
de:09471:21809	Viereth Kreisverkehr
de:09471:21802	Viereth Ortsmitte
de:09471:21805	Viereth Schule
de:09375:1114	Viergstetten
de:09375:506	Viergstetten Wendeplatz
de:09479:9532	Vierst
de:08136:1083	Vierwegzeiger
de:09478:27291	Vierzehnheiligen
de:09478:27294	Vierzehnheiligen Basilika
de:09478:27292	Vierzehnheiligen Diözesanhaus
de:09571:13721	Villersbronn
de:09371:19300	Vilseck
de:09371:19305	Vilseck Abzw. Ackerstr.
de:09371:19302	Vilseck Am langen Steg
de:09371:19303	Vilseck Dr.-Gräßmann-Str.
de:09371:19304	Vilseck Milchhof
de:09371:19310	Vilseck Polizei
de:09371:19307	Vilseck Schule
de:09371:19309	Vilseck Südlager
de:09371:19312	Vilseck Vorstadt
de:09374:8399	Vilseck, Südlager
de:09371:19123	Vilshofen Brücke
de:09371:19125	Vilshofen Nord
de:09371:19128	Vilswörth
de:09573:5234	Vinc.bronn Fernabrünster Str.
de:09573:5235	Vincenzenbronn
de:09571:12559	Virnsberg Feuerwehrhaus
de:09674:25327	Voccawind
de:09373:17999	Vogelbrunn
de:09474:9195	Vogelhof (b. Neukirch.a.Br.)
de:09574:7174	Vogelhof bei Lauf Elsterweg
de:09574:7098	Vogelhof bei Lauf Mitte
de:09373:17495	Vogelthal
de:09571:12141	Voggendorf (b. Bechhofen)
de:09575:14929	Voggendorf (b. Uehlfeld)
de:09371:18727	Voggenhof Ort
de:09371:18728	Voggenhof Siedlung
de:09373:17197	Voggenthal Ort
de:09573:5096	Vogtsreichenbach
de:09186:8541	Vohburg, Abz Hartacker
de:09186:7532	Vohburg, Feuerwehr
de:09186:8540	Vohburg, Regensburger Straße
de:09186:90013	Vohburg, Vohburg Mitte
de:09474:9929	Voigendorf
de:09377:7185	Voitenthan
de:09377:7251	Voitenthan, Aussiedlerhof
de:09471:21389	Voitmannsdorf
de:09479:9093	Voitsumra
de:09675:29258	Volkach Bahnhof
de:09675:29259	Volkach Eichfelder Straße
de:09675:27584	Volkach Gaibacher Straße
de:09675:29324	Volkach Kaserne
de:09675:25887	Volkach Obervolkacher Straße
de:09675:27730	Volkach Volksschule
de:09675:4687	Volkach-Astheim
de:09571:13338	Volkersdorf (b. Sachsen/AN)
de:09572:6837	Volkersdorf (b. Wachenroth)
de:09576:8627	Volkersgau
de:09672:27717	Volkershausen Ballingsh. Str.
de:08127:20267	Volkershausen Ortsanfang
de:09672:27585	Volkershausen Ortsmitte
de:09471:20994	Vollmannsdorf
de:09472:23103	Volsbach
de:09571:11691	Vorbach (b. Rothenburg o.d.T.)
de:09674:7427	Vorbach (Ebern)
de:09374:81462	Vorbach (Oberpf.) Denkmal
de:09571:11683	Vorbach Abzw. Reutsachsen
de:09374:890	Vorbach, Bahnhofstr., Unterführung
de:09374:80728	Vorbach, Kirchbühlstr.
de:09374:3766	Vorbach, Ort
de:09374:11565	Vorbach, Poststraße
de:09571:11832	Vorderbreitenthann Feuerwehrh.
de:09571:11833	Vorderbreitenthann Kriegerd.
de:09472:23105	Vordergereuth
de:09472:22872	Vorderkleebach
de:09575:14946	Vorderpfeinach
de:09472:23043	Vorderröhrenhof
de:09472:23041	Vorderröhrenhof Röhrenhof
de:09479:9503	Vordorf
de:09471:21249	Vorra (b. Frensdorf)
de:09574:7950	Vorra (Pegnitz)
de:09574:7952	Vorra a. d. Pegnitz Rathaus
de:09678:75038	Vögnitz, Hauptstraße
de:09571:13874	W-Eschenbach Rich.-Wagner-Str.
de:09571:13873	W-Eschenbach Schlegelgasse
de:09571:13871	W.-Eschenbach Waizendorfer Str
de:09573:5098	Wachendorf Mehrzweckhalle
de:09573:5097	Wachendorf Rathaus
de:09577:16339	Wachenhofen Kreisstr.
de:09572:6822	Wachenr. Kaspar-Röckelein-Str.
de:09572:6821	Wachenroth Hauptstr.
de:09572:6824	Wachenroth Kleinwachenroth
de:09572:6826	Wachenroth Reumannsw.Str.
de:09572:6827	Wachenroth Schule
de:09176:8332	Wachenzell, Gh Nerb
de:09571:13157	Wachsenberg Ort
de:09577:16887	Wachstein Abzw. Kreisstr.
de:09577:16889	Wachstein B 13
de:09577:16888	Wachstein Ort
de:09377:11195	Wachterhof
de:09373:17270	Wackersberg
de:09376:80021	Wackersdorf, Alberndorf
de:09176:8418	Wackerstein, Ortsmitte
de:09176:8830	Wackerstein, Siedlung
de:09377:15240	Waffenhammer
de:09571:12058	Waffenmühle
de:09576:8383	Wagnersmühle
de:09375:507	Wahlsdorf
de:09472:22881	Waidach
de:09472:23166	Waiganz
de:09678:75006	Waigolshausen
de:09678:28050	Waigolshausen Bäckerei Wehner
de:09678:28048	Waigolshausen, Abzw. Bahnhof
de:09576:8629	Waikersreuth
de:09472:23815	Waischenfeld Fischergasse
de:09472:23813	Waischenfeld Hauptstr.
de:09472:23811	Waischenfeld Plärrer
de:09571:13890	Waizend. (b.W-E.) Ab.Gerbersd.
de:09477:75018	Waizendorf
de:09571:12144	Waizendorf (b. Bechhofen)
de:09571:12937	Waizendorf (b. Leutershausen)
de:09471:21767	Waizendorf (b. Stegaurach)
de:09571:13889	Waizendorf (b.W-Esch.) Mitte
de:09574:7658	Waizenfeld
de:09576:8899	Waizenhofen
de:09472:22749	Waizenreuth
de:09377:8136	Walbenreuth
de:09674:15843	Walchenfeld
de:09577:16194	Wald Mitte
de:09577:16198	Wald Raiffeisenbank
de:09577:16190	Wald Seezentrum
de:09577:16197	Wald West
de:09575:14259	Walddachsbach
de:09377:15621	Waldeck, Alte Straße - Im Höritz
de:09377:15597	Waldeck, Godaser Str.
de:09377:15622	Waldeck, Hollerhöfe
de:09377:7773	Waldeck, Oberer Markt
de:09377:11675	Waldeck, Unterer Markt
de:09375:1047	Walderlebniszentrum
de:09377:15890	Waldershof
de:09377:8137	Waldershof, Marktplatz
de:09377:8138	Waldershof, Ringstr.
de:09377:8140	Waldershof, Siedlung
de:09377:9836	Waldershof, Ziegelanger
de:09375:508	Waldetzenberg
de:09371:19287	Waldhaus (b. Ursensollen)
de:09571:13782	Waldhaus (b. Windsbach)
de:09373:17913	Waldhausen (b. Seubersd.)
de:09571:13856	Waldhausen (b. Wörnitz)
de:08136:1800	Waldhausen Adler
de:08136:1802	Waldhausen Albstraße
de:08136:1804	Waldhausen Baßler
de:08136:1807	Waldhausen Blessing
de:08136:1818	Waldhausen Kindergarten
de:08136:1812	Waldhausen Schule
de:08136:1810	Waldhausen VR-Bank
de:08136:1814	Waldhausen, Aussiedlerhf.Riege
de:08136:1817	Waldhausen, Marienburgstr.
de:08136:1816	Waldhausen, Schießmauer
de:09675:25727	Waldhof
de:09373:17979	Waldkirchen
de:09371:19059	Waldlust Abzw. Grasberg
de:08128:12351	Waldmannshofen, Ort
de:09678:27589	Waldsachsen (b. Schonungen)
de:09475:11686	Waldstein, Wandererparkplatz
de:09475:80486	WALDSTEINSCHULE Zell,Zell (Kr Hof)
de:09779:6454	Waldstetten
de:08127:30421	Waldtann Friedhof
de:08127:30422	Waldtann Rathaus
de:09375:509	Walkenstetten
de:09474:9436	Walkersbrunn Abzw. Guttenburg
de:09474:9438	Walkersbrunn Abzw. Kasberg
de:09474:9437	Walkersbrunn Ort
de:09571:13859	Walkersdorf Ort
de:09575:14839	Walkershofen
de:09577:16411	Walkershöfe Ort
de:09577:16794	Walkerszell
de:09571:12836	Walkmühle (b. Lehrberg)
de:09375:510	Wall Gem. Wolfsegg
de:09574:7336	Waller
de:09478:27381	Wallersberg (Lkr. LIF)
de:09273:2245	Wallersdorf
de:09561:11441	Wallersdorf (b. Ansbach)
de:09779:6715	Wallerstein, Altenheim
de:09779:6640	Wallerstein, Sparkasse
de:09779:6716	Wallerstein, Volksschule
de:09576:8118	Wallesau
de:08127:22660	Wallhausen Frankenstraße
de:08127:20317	Wallhausen Hengstfelder Str.
de:08127:20316	Wallhausen Kindergarten
de:08127:27530	Wallhausen Kohlstattweg
de:08127:20323	Wallhausen Limbach
de:08127:20315	Wallhausen Schule
de:09575:14947	Wallmersbach
de:09575:14919	Wallmershof Süd
de:09373:17271	Wallnsdorf Hauptstr.
de:09373:17272	Wallnsdorf Mitte
de:09574:7491	Wallsdorf
de:09475:80482	Walpenreuth, Schulbushaltestelle
de:09475:80481	Walpenreuth, Waldfrieden, Schulbushaltes
de:09576:8669	Walpersdorf
de:09471:21831	Walsdorf Kirche
de:09471:21832	Walsdorf Kumbachstraße
de:09376:80400	Waltenhof
de:09375:1690	Waltenhofen
de:09373:17439	Waltersberg Kirche
de:09577:16793	Walting
de:09176:8360	Walting, Brunnmühle
de:09176:8362	Walting, Gh Zur Mühle
de:09176:9397	Walting, Kindergarten
de:09176:8422	Walting, Ortsmitte
de:09176:8361	Walting, Schule
de:09479:9344	Wampen
de:09373:17718	Wangen Ort
de:09474:9819	Wannbach Kirche
de:09472:22883	Wannberg
de:09574:7268	Wappeltshofen
de:09373:17728	Wappersdorf b. Mühlh. Ort
de:09371:19289	Wappersdorf b. Ursensollen
de:09779:6548	Warching, Staatsstraße
de:09472:23860	Warmensteinach Bahnhof
de:09472:23863	Warmensteinach Freizeithaus
de:09472:23861	Warmensteinach Mitte
de:09472:23884	Warmensteinach Neuwiesen
de:09472:23865	Warmensteinach Siedlung
de:09572:6828	Warmersdorf
de:09477:3720	Wartenfels
de:09477:13720	Wartenfels Wendeplatz
de:09674:15318	Wasmuthhausen
de:08136:1900	Wasseralf. Adenauer-/Dürerstr.
de:08136:1947	Wasseralf. Adenauerstr. Mitte
de:08136:1944	Wasseralf. Alfing
de:08136:1903	Wasseralf. Alfing/SHW
de:08136:1904	Wasseralf. Am Schimmelberg
de:08136:1946	Wasseralf. Annastr.
de:08136:1905	Wasseralf. Auchtstraße
de:08136:1907	Wasseralf. Bahnhof Ost
de:08136:1910	Wasseralf. Binsengasse
de:08136:1911	Wasseralf. Bismarckstraße
de:08136:1912	Wasseralf. Braunenbergstr.
de:08136:1913	Wasseralf. Bürgle
de:08136:1914	Wasseralf. Erzgrube
de:08136:1915	Wasseralf. Ev.Gem.Zentrum
de:08136:1916	Wasseralf. Friedhof
de:08136:1918	Wasseralf. Kolpingstr./Kiga
de:08136:1919	Wasseralf. Kolpingstraße
de:08136:1920	Wasseralf. Löwenbrauerei
de:08136:1921	Wasseralf. Marienhöhe
de:08136:1924	Wasseralf. Philipp-Funk-Str.
de:08136:1927	Wasseralf. Ruckenhöhe
de:08136:1929	Wasseralf. Schimmelb.Wald
de:08136:1930	Wasseralf. Schloßstraße
de:08136:1932	Wasseralf. Sonnenbergstraße
de:08136:1933	Wasseralf. Spitzwegstraße
de:08136:1934	Wasseralf. Stefanuskirche
de:08136:1935	Wasseralf. Steigäcker
de:08136:1928	Wasseralf. Sängerhalle
de:08136:1938	Wasseralf. Talschulen
de:08136:1939	Wasseralf. Tiefer Stollen
de:08136:1941	Wasseralf. TSV Turnhalle
de:08136:1942	Wasseralf. Urbanstraße
de:08136:1945	Wasseralf. Westheim
de:08136:1937	Wasseralfingen Abzw Talschule
de:08136:1906	Wasseralfingen Bahnhof
de:08136:1936	Wasseralfingen Stiewingstraße
de:09675:1157	Wasserberndorf Kriegerdenkmal
de:09576:8326	Wassermungen. Pilzstr.
de:09576:8327	Wassermungenau Beerbachstr.
de:09576:8329	Wassermungenau Mitte
de:09576:8328	Wassermungenau Schule
de:09571:13541	Wassertrüd. Dinkelsbühler Str.
de:09571:13545	Wassertrüd. Lentersheimer Str.
de:09571:13548	Wassertrüd. Opfenrieder Str.
de:09571:13550	Wassertrüdingen
de:09571:13543	Wassertrüdingen Fa.Schwarzkopf
de:09571:13544	Wassertrüdingen Grundschule
de:09571:13549	Wassertrüdingen Oettinger Str.
de:09571:13547	Wassertrüdingen Realschule
de:09571:13546	Wassertrüdingen Volksschule
de:09176:9026	Wasserzell (b Eichstätt)
de:09576:8854	Wasserzell (b. Spalt) Kirche
de:09576:8855	Wasserzell (b. Spalt) Mitte
de:09576:8856	Wasserzell (b. Spalt) Ost
de:09561:11431	Wasserzell (b.Ansb) Abz.Strüth
de:09176:8318	Wasserzell, Dorfmitte
de:09176:8317	Wasserzell, Gh Zum Hirschen
de:09373:17278	Wattenberg
de:09471:21851	Wattendorf
de:09473:16416	Watzendorf
de:09478:27383	Waßmannsmühle
de:09779:6496	Wechingen, SVE-Kindergarten
de:09176:7696	Wegscheid
de:09373:17273	Wegscheid (b. Berching)
de:09371:18364	Wegscheid (b. Edelsfeld)
de:09377:15128	Weha
de:09571:11835	Wehlmäusel
de:09571:11836	Wehlmäusel Raffelshof
de:09577:16567	Weiboldshausen
de:09471:20852	Weichendorf Kellerberg
de:09471:20853	Weichendorf Klosterstr.
de:09471:20789	Weichenwasserlos
de:09375:739	Weichseldorf
de:09373:17809	Weichselstein
de:09672:27598	Weichtungen Alte Schule
de:09672:3390	Weichtungen Märzgasse
de:09672:3154	Weichtungen, Thundorfer-/Sonnenstr.
de:09475:12987	Weickenreuth
de:09572:6817	Weickersdorf
de:09472:22685	Weidelwangermühle
de:09478:27385	Weiden (b. Weismain)
de:09363:2	Weiden (Oberpf)
de:09363:166	Weiden Ackerstraße
de:09363:72	Weiden Aichingerstraße
de:09363:130	Weiden Finanzamt
de:09363:10	Weiden Firma Bauscher
de:09363:71	Weiden Firma Seltmann
de:09363:12	Weiden Hagebaumarkt
de:09363:30	Weiden Josefskirche
de:09363:183	Weiden Joseph-Haas-Straße
de:09363:31	Weiden Justizgebäude/Klinikum
de:09363:14	Weiden Jägerstraße
de:09363:164	Weiden Kaserne
de:09363:70	Weiden Keplerstraße
de:09363:73	Weiden Knorr-Baumarkt
de:09363:1151	Weiden Lessingstraße
de:09363:123	Weiden Naabwiesen
de:09363:250	Weiden Neues Rathaus
de:09363:32	Weiden Stadtfriedhof
de:09363:165	Weiden Stockerhutweg
de:09363:33	Weiden Ulrich-Schönberger-Straße
de:09363:79	Weiden Wacholderweg
de:09363:74	Weiden Waldfriedhof
de:09363:1152	Weiden Waldlust
de:09363:78	Weiden Waldrastkirche
de:09363:80	Weiden Weißdornweg
de:09363:51	Weiden, Fa. Witt
de:09363:15	Weiden, Fichtenbühl
de:09363:99002	Weiden, Industrieg. Am Forst
de:09363:13	Weiden, Polizeidirektion
de:09363:62	Weiden, Ring Kino
de:09363:1150	Weiden, Sebastianstr.
de:09363:202	Weiden, Stadtsparkasse
de:09363:11	Weiden, Untere Bauscherstr.
de:09363:50	Weiden, Weigelstraße
de:09571:13571	Weidenbach Dorfstr.
de:09571:13570	Weidenbach Feuerwehrhaus
de:09571:13572	Weidenbach Schule
de:09571:13573	Weidenbach Wannenweg
de:09472:22750	Weidenberg
de:09472:22752	Weidenberg Rosenhammer
de:09472:22757	Weidenberg Schule
de:09472:22753	Weidenberg Sportplatzweg
de:09571:12151	Weidendorf (b. Bechhofen)
de:09572:6166	Weidendorf (b. Höchstadt A)
de:08128:12355	Weidenhof, Ort
de:09472:22875	Weidenhüll
de:09674:25570	Weidenmühle
de:09472:23168	Weidensees Haus-Nr.-58-
de:09472:23167	Weidensees Mitte
de:09373:17274	Weidenwang
de:09373:17275	Weidenwang Ost
de:09473:15071	Weidhausen (b. Co.) Jahnsplatz
de:09473:15078	Weidhausen (b. Co.) Mödlitzer Str.
de:09473:15070	Weidhausen (b. Co.) Sonnefelder Str.
de:09371:18186	Weidlwang
de:09472:22878	Weidmannsgesees
de:09478:27571	Weidnitz Ost
de:09474:9289	Weigelshofen
de:09371:19371	Weigendorf Abzw. Ernhüll
de:09371:19373	Weigendorf Sparkasse
de:09575:14971	Weigenheim
de:09574:7093	Weigenhofen
de:09574:6993	Weigenhofen Schulbushst.
de:09176:8326	Weigersdorf, Ortsmitte
de:09472:23587	Weiglathal
de:09571:13581	Weihenzell Ortsmitte
de:09571:13584	Weihenzell Petersdorfer Str.
de:09571:13582	Weihenzell Schule
de:09571:13583	Weihenzell Zellrüglinger Str.
de:09472:23108	Weiher (b. Ahorntal)
de:09472:23109	Weiher (b. Ahorntal) Ab Adlitz
de:09574:7171	Weiher (b. Hersbruck)
de:09371:18637	Weiher (b. Hirschau)
de:09471:21561	Weiher (b. Pommersfelden) Ort
de:09572:6769	Weiher (b. Uttenreuth)
de:09471:21821	Weiher (bei Viereth)
de:09376:158	Weiherdorf, Buchtalstr.
de:09376:159	Weiherdorf, Ort
de:09374:80781	Weiherhammer
de:09374:15252	Weiherhammer, Bahnhof
de:09374:7361	Weiherhammer, Hauptstr. 83
de:09374:15698	Weiherhammer, Schule
de:09374:15697	Weiherhammer, Siedlung
de:09374:7523	Weiherhammer/Mantel, Abzw
de:09376:293	Weiherhof
de:09573:5583	Weiherhof (b. Zirnd.) Humboldtstr.
de:09573:5582	Weiherhof (b. Zirnd.) Ost
de:09573:5584	Weiherhof (b.Zirnd) Weiherstr.
de:09573:5578	Weiherhof (Zirnd.) Schreiberh.
de:09477:92267	Weihermühle
de:09575:14655	Weihermühle (b. Münchsteinach)
de:09273:328	Weihermühle, Abzw Staatsstr.
de:09374:7567	Weihersberg
de:09571:13579	Weiherschneidbach
de:09373:17726	Weihersdorf Ort
de:09571:12931	Weihersmühle (b.Leutershausen)
de:09478:27387	Weihersmühle (b.Weismain)
de:09373:17795	Weiherstetten
de:09371:19292	Weiherzant Gärtnerei
de:09371:19291	Weiherzant Ort
de:09674:27876	Weikartslauter
de:09571:11837	Weikersdorf
de:09563:2267	Weikershof
de:09563:2269	Weikershof Süd
de:08127:20332	Weikersholz Ort
de:09576:8736	Weiler (b. Rohr)
de:09675:29352	Weiler Seehof
de:08128:12395	Weiler, Ort
de:09577:16448	Weilerau
de:08136:4931	Weilermerkingen
de:09779:6461	Weilheim, Ortsmitte
de:09779:6465	Weilheimerbach
de:09375:512	Weillohe
de:09571:13633	Weiltingen Fa. Lindauer
de:09571:13631	Weiltingen Mitte
de:09571:13637	Weiltingen Schule
de:09571:13638	Weiltingen Wilburgstet. Str.
de:09577:16095	Weimersh. b.WUG Alesheimer Str
de:09571:12086	Weinberg (Aurach) Kindergarten
de:09571:12087	Weinberg (b. Aurach) Schule
de:09571:12088	Weinberg/Aura. Vehlberger Str.
de:09478:27198	Weingarten (Lkr. LIF)
de:09474:9668	Weingarts Ortsmitte
de:09474:9669	Weingarts Siedlung
de:09572:6829	Weingartsgreuth
de:09675:25336	Weingartsmühle
de:09574:7271	Weinhof
de:09576:8487	Weinmannshof
de:09576:8247	Weinsfeld
de:09573:5587	Weinzierl. Ansbacher Str.
de:09573:5589	Weinzierlein Neuseser Str.
de:09573:5593	Weinzierlein West
de:09471:21085	Weipelsdorf
de:08127:23241	Weipertshofen Kirche
de:08127:23239	Weipertshofen Käsbach
de:09678:27599	Weipoltshausen Dorfstraße
de:09478:27293	Weisbrem
de:09674:27603	Weisbrunn Feuerwehrhaus
de:09674:27609	Weisbrunn Lembacher Weg,Dippach (Main)
de:09572:6854	Weisend. Neustadter Str.
de:09572:6856	Weisendorf Badweiher
de:09572:6851	Weisendorf Erlanger Str.
de:09572:6857	Weisendorf Feldäckerstr.
de:09572:6859	Weisendorf Gewerbegebiet
de:09572:6853	Weisendorf Hauptstr.
de:09572:6861	Weisendorf Lindenstr.
de:09572:6852	Weisendorf Schule
de:09572:6862	Weisendorf Waldfriedhof
de:09478:27312	Weismain Baiersdorfer Str.
de:09478:27313	Weismain Burgkunstadter Str.
de:09478:27311	Weismain Geutenreuther Str.
de:09478:27302	Weismain Hollfelder Str.
de:09478:27301	Weismain Kirchplatz
de:09478:27304	Weismain Markt
de:09478:27317	Weismain Michael-Dechant-Str.
de:09478:27305	Weismain Niestener Str.
de:09478:27309	Weismain Ortsmitte
de:09478:27307	Weismain Schule
de:09674:7423	Weissenbrunn (HAS.) Ortsmitte
de:09571:12679	Weiterndorf
de:09573:5146	Weitersdorf Ort
de:09573:5147	Weitersdorf Siedlung
de:09475:9081	Weißdorf
de:09475:80473	Weißdorf Schule
de:09577:16013	Weißenb. Emetzheimer Str.
de:09577:16019	Weißenb. Galgenb.str. West
de:09577:16021	Weißenb. Gunzenhausener Str.
de:09574:7596	Weißenbach (b. Neunk.a.S.)
de:09477:6847	Weißenbach (b. Wirsberg)
de:09371:18366	Weißenberg (b. Edelsfeld)
de:09571:12678	Weißenbronn
de:09574:7528	Weißenbrunn (Leinb) Feuerwehr
de:09574:7527	Weißenbrunn (Leinbg) Hauptstr.
de:09473:15210	Weißenbrunn am Forst
de:09374:80727	Weißenbrunn b. Kirchenthumbach, Kirche
de:09476:16215	Weißenbrunn Bahnhof/Raiffeisenbank
de:09476:3299	Weißenbrunn Grüner Straße
de:09476:3886	Weißenbrunn Ortsmitte
de:09476:16223	Weißenbrunn Schule
de:09374:2326	Weißenbrunn, Abzw
de:09374:2322	Weißenbrunn, Ortsmitte
de:09577:16024	Weißenburg  AWO Altenheim
de:09577:16014	Weißenburg  Lehenwiesenweg
de:09577:16000	Weißenburg (Bay)
de:09577:16033	Weißenburg A. d. Schafscheuer
de:09577:16025	Weißenburg An der Gebhalde
de:09577:16003	Weißenburg Augsb. Str. Mitte
de:09577:16006	Weißenburg Bahnhofstr.
de:09577:16009	Weißenburg Berliner Str.
de:09577:16045	Weißenburg Berufsschule
de:09577:16011	Weißenburg Eichstätter Str.
de:09577:16050	Weißenburg Feuerwehrhaus
de:09577:16015	Weißenburg Friedrich-Ebert-Str
de:09577:16017	Weißenburg Galgenb.str. Mitte
de:09577:16055	Weißenburg Gartenfeld
de:09577:16041	Weißenburg Industriestr. Mitte
de:09577:16042	Weißenburg Industriestr. Süd
de:09577:16027	Weißenburg Jahnstr.
de:09577:16029	Weißenburg Kaadener Str.
de:09577:16012	Weißenburg Kirchweihplatz
de:09577:16030	Weißenburg Krankenhaus
de:09577:16032	Weißenburg Lindenstr.
de:09577:16044	Weißenburg Marktplatz
de:09577:16018	Weißenburg Mogetissa-Therme
de:09577:16035	Weißenburg Niederhofener Str.
de:09577:16023	Weißenburg Nürnb. Str. HGW
de:09577:16036	Weißenburg Nürnb. Str. Mitte
de:09577:16039	Weißenburg Obertorstr.
de:09577:16002	Weißenburg Plerrer
de:09577:16001	Weißenburg Plerrer/ AOK
de:09577:16058	Weißenburg Rohrwalk
de:09577:16047	Weißenburg Röm. Therme
de:09577:16048	Weißenburg Schanzmauer
de:09577:16049	Weißenburg Schnürleinsmühle
de:09577:16007	Weißenburg Schulzentrum
de:09577:16051	Weißenburg Schwärzgasse
de:09577:16004	Weißenburg Sperrwiesen
de:09577:16008	Weißenburg Stadtgarten
de:09577:16031	Weißenburg Südl. Ringstr.
de:09577:16054	Weißenburg Treuchtlinger Str.
de:09577:16053	Weißenburg Westfriedhof
de:09577:16057	Weißenburg Zentralschule
de:09176:8198	Weißendorf
de:09479:9094	Weißenhaid
de:09571:12934	Weißenkirchberg
de:09375:513	Weißenkirchen
de:09176:8735	Weißenkirchen, B13
de:09176:7819	Weißenkirchen, Ort
de:09571:12936	Weißenmühle (b. Leutershausen)
de:09474:9870	Weißenohe
de:09474:9873	Weißenohe Ort
de:09479:9086	Weißenstadt, Abzw Schullandh.
de:09479:9098	Weißenstadt, Egerbrücke
de:09479:9088	Weißenstadt, Kirche
de:09479:9087	Weißenstadt, Kirchenl. Str.
de:09479:9097	Weißenstadt, Poststraße
de:09479:9072	Weißenstadt, Schule
de:09479:9096	Weißenstadt, Schönlinder Weg
de:09479:9091	Weißenstadt, Therme
de:09575:14948	Welbhausen
de:09572:6083	Welkenbach Holzäckerstr.
de:09572:6085	Welkenbach Nankendorfer Str.
de:09472:23546	Welkendorf (b. Hollfeld)
de:09674:7422	Welkendorf Haßberge
de:09572:6332	Wellerstadt Blumenstr.
de:09572:6339	Wellerstadt Hauptstr.
de:09176:8314	Wellheim, Harderstraße
de:09176:8315	Wellheim, Kindergarten
de:09176:8303	Wellheim, Konsteiner Str.
de:09176:8305	Wellheim, Schule
de:09176:8304	Wellheim, Schutterstraße
de:09371:18188	Welluck Bundesstr. B85
de:09371:18187	Welluck Ort
de:09473:16414	Welsberg
de:09477:4142	Welschenkahl
de:09273:886	Weltenburg, P.-Josef/A Fr.bergstr
de:09273:885	Weltenburg, P.-Josef/A Triftstr.
de:09779:6774	Wemding, Abz Wildbad
de:09779:7400	Wemding, Bahnhof
de:09779:6629	Wemding, Gustav-Rau-Str.
de:09779:6631	Wemding, Harburger Str. Nord
de:09779:6440	Wemding, Harburger Str. Süd
de:09779:6775	Wemding, Herzog Alb.Str.
de:09779:6630	Wemding, Johannisgraben
de:09779:6471	Wemding, Karmel
de:09779:6436	Wemding, Schulzentrum
de:09462:22487	Wendelhöfen
de:09576:8127	Wendelst. Altes Rathaus
de:09576:8128	Wendelst. Am Kohlschlag
de:09576:8129	Wendelst. H.-Kudlich-Str.
de:09576:8142	Wendelst. In der Gibitzen Nord
de:09576:8144	Wendelst. In der Gibitzen Süd
de:09576:8130	Wendelst. J.-Höllfritsch-Str.
de:09576:8124	Wendelst. Sperbersl.Str.
de:09576:8134	Wendelstein Blumenstraße
de:09576:8147	Wendelstein Gewerbegebiet Ost
de:09576:8152	Wendelstein Gewerbegebiet West
de:09576:8138	Wendelstein Grundschule
de:09576:8133	Wendelstein Gymnasium
de:09576:8136	Wendelstein Hauptschule
de:09576:8140	Wendelstein Holunderweg
de:09576:8145	Wendelstein Max-Reger-Weg
de:09576:8146	Wendelstein Neues Rathaus
de:09576:8125	Wendelstein Nürnb. Str.
de:09576:8151	Wendelstein Primelweg
de:09576:8121	Wendelstein Querstr.
de:09576:8122	Wendelstein Richtweg
de:09576:8150	Wendelstein Röthenbacher Str.
de:09374:15105	Wendersreuth
de:09374:9943	Wendersreuth, B22
de:09573:5237	Wendsdorf
de:09577:16667	Wengen
de:09779:6643	Wengenhausen
de:09561:11452	Wengenstadt, Wengenstadt
de:09572:6278	Weppersdorf
de:09376:7385	Wernberg
de:09376:7387	Wernberg, Abzw Weiherner Weg
de:09376:80386	Wernberg, Abzw. Bgm.-Unsicker-Str.
de:09376:7412	Wernberg, Nürnberger Str
de:09376:80411	Wernberg, Parkplatz Regensburger Str.
de:09376:8175	Wernberg, Weidener Straße
de:09376:80283	Wernberg-Köblitz, Feistelberger Str.
de:09678:25819	Werneck Balthasar-Neumann-Str.
de:09678:25818	Werneck Birkenstraße
de:09678:25817	Werneck Eichenstraße
de:09678:29892	Werneck Hallenbad
de:09678:28041	Werneck Julius-Echter-Straße
de:09678:28043	Werneck Meininger Straße
de:09678:28045	Werneck Rathaus
de:09678:4855	Werneck Schloss
de:09678:25830	Werneck Schönbornstraße
de:09678:28047	Werneck Siedlung
de:09678:4859	Werneck Ärztehaus
de:09377:15182	Wernersreuth bei Neusorg
de:09576:8857	Wernfels Mitte
de:09576:8858	Wernfels Ost
de:09576:8859	Wernfels West
de:09571:13128	Wernsbach (b. Neuendettelsau)
de:09571:13614	Wernsbach (b. Weihenzell)
de:09576:8488	Wernsbach (Georgensgmünd) B2
de:09576:8489	Wernsbach (Georgensgmünd) Ort
de:09471:20939	Wernsdorf
de:09571:13783	Wernsmühle
de:09477:16207	Wernstein
de:08127:22526	Westgartshausen Abzw.
de:08127:25332	Westgartshausen Ofenbach Ort
de:08136:5816	Westhausen Aalener Str.
de:08136:5817	Westhausen Bahnhof
de:08136:5818	Westhausen Dalkinger Straße
de:08136:5819	Westhausen Fa. Universal
de:08136:5825	Westhausen Hardtbucksiedlung
de:08136:5821	Westhausen Industriegeb. West
de:08136:5820	Westhausen Jagsttalschule
de:08136:5822	Westhausen Kindergarten
de:08136:5823	Westhausen Ortsmitte
de:08136:5826	Westhausen Rathaus
de:08136:5827	Westhausen Schule/Feuerwehr
de:08136:5824	Westhausen Schule/Jahnstr
de:08136:5800	Westhausen-Baiershofen Abzwg
de:08136:5801	Westhausen-Baiershofen Ort
de:08136:5802	Westhausen-Frankenreute Abzwg
de:08136:5803	Westhausen-Frankenreute Ort
de:08136:5804	Westhausen-Immenhofen B290
de:08136:5805	Westhausen-Immenhofen Ort
de:08136:5806	Westhausen-Jagsthausen Abzwg
de:08136:5807	Westhausen-Jagsthausen Ort
de:08136:5810	Westhausen-Maihof/Kressenhof
de:08136:5811	Westhausen-Reichenbach
de:08136:5813	Westhausen-Westerhofen Abzwg
de:08136:5814	Westhausen-Westerhofen Borst
de:08136:5815	Westhausen-Westerhofen Linde
de:09571:12089	Westheim (b. Aurach)
de:09575:14458	Westheim (b. Illesheim) Mitte
de:09674:75091	Westheim (Kr HAS), Haßfurter Str.
de:09674:75097	Westheim (Kr HAS), Kirche
de:09674:75089	Westheim (Kr HAS), Westheimer Hauptstr.
de:09577:16892	Westheim (Lkr. WUG) Schule
de:09577:16891	Westheim (Lkr.WUG) Oberdorfstr
de:09577:16893	Westheim (WUG) Schmiedgasse
de:09675:29481	Westheim Rathausplatz
de:09674:75093	Westheim, Eschenauer Str.
de:09577:16294	Wettelsheim Bahnhofstr.
de:09577:16296	Wettelsheim Ortsmitte
de:09577:16292	Wettelsheim Schule
de:09577:16293	Wettelsheim Steinwerk
de:09373:17725	Wettenhofen
de:09574:7337	Wettersberg
de:09678:27611	Wettringen Altes Rathaus
de:09571:13652	Wettringen Am Burgweg
de:09571:13651	Wettringen Mitte
de:09176:8057	Wettstetten, Ingolstädter Str.
de:09176:8059	Wettstetten, Schelldorfer Str.
de:09176:8045	Wettstetten, Schule
de:09176:8058	Wettstetten, Unterer Wirt
de:09574:7097	Wetzendorf (b. Lauf) Mitte
de:09574:7095	Wetzendorf/Lauf Am Winkelsteig
de:09574:7096	Wetzendorf/Lauf K-Büttner-Ring
de:09678:27612	Wetzhausen Kirche
de:09377:7781	Wetzldorf
de:09377:7179	Wetzldorf, Abzw
de:09678:75099	Weyer (Ufr), Weiher
de:09678:5829	Weyer am Weiher
de:09474:9398	Wichsenstein Abz. Grauer Berg
de:09474:9394	Wichsenstein Grauer Berg
de:09474:9391	Wichsenstein Grauer Berg Mitte
de:09474:9395	Wichsenstein Haide
de:09474:9396	Wichsenstein Kirche
de:09474:9397	Wichsenstein Wolfsschlucht
de:09371:19366	Wickenricht
de:09571:13270	Wicklesgreuth
de:09571:13268	Wicklesgreuth Ansbacher Str.
de:09571:13269	Wicklesgreuth Bahnhofstr.
de:09678:75415	Wiebelsberg, Kreuzung
de:09575:14058	Wiebelsheim Aussiedlerhof
de:09575:14059	Wiebelsheim Ortsmitte
de:09571:12933	Wiedersbach Hauptstr.
de:09571:12932	Wiedersbach Ortsmitte
de:09376:80414	Wiefelsdorf
de:09176:8296	Wielandshöfe
de:09373:17689	Wieselbruck
de:09473:15303	Wiesen
de:09478:27295	Wiesen (Lkr. LIF)
de:09675:28674	Wiesenbronn Rotweininsel
de:09675:29376	Wiesenbronn Seegarten,Wiesenbronn
de:09363:99013	Wiesendorf
de:09572:6281	Wiesendorf (b. Adelsdorf)
de:09374:3807	Wiesendorf, Abzw
de:09471:20770	Wiesengiech
de:09176:8389	Wiesenhofen, Kirche
de:09678:75416	Wiesenmühle, EKS Mühle
de:09472:23536	Wiesentfels
de:09474:9880	Wiesenthau
de:09474:9881	Wiesenthau Bahnhof Ost
de:09474:9884	Wiesenthau Feuerwehrhaus
de:09474:9885	Wiesenthau Waldstr.
de:09675:75259	Wiesentheid Ev. Kirche
de:09675:27700	Wiesentheid Landschulheim
de:09675:29402	Wiesentheid Marienplatz
de:09675:29383	Wiesentheid Post
de:09675:29400	Wiesentheid Verbandschule
de:09571:13671	Wieseth Brücke
de:09571:13673	Wieseth Pflattermühle
de:09571:12154	Wiesethbruck
de:09571:13694	Wilburgstet. Mönchsrother Str.
de:09571:13700	Wilburgstetten Bahnhof
de:09571:13698	Wilburgstetten Bahnhofstr.
de:09571:13696	Wilburgstetten Hauptstr.
de:09571:13697	Wilburgstetten Weiltinger Str.
de:09476:16222	Wildenberg
de:09576:8738	Wildenbergen
de:09574:7927	Wildenfels Ort
de:09571:13429	Wildenholz
de:09377:9937	Wildenreuth, Abzw
de:09377:15903	Wildenreuth, Ort
de:09478:27574	Wildenroth
de:09373:17497	Wildenstein
de:08127:30071	Wildenstein Gasthaus Rößle
de:08127:30072	Wildenstein Großenhub
de:08127:30074	Wildenstein Rathaus
de:09373:17654	Wilfertshofen
de:09575:14981	Wilhelmsdorf Bonnet-Haus
de:09573:5400	Wilhermsdorf
de:09573:5411	Wilhermsdorf Alleestr.
de:09573:5413	Wilhermsdorf Friedhof
de:09573:5402	Wilhermsdorf Gewerbestr.
de:09573:5404	Wilhermsdorf Hallenbad
de:09573:5401	Wilhermsdorf Marktplatz
de:09573:5410	Wilhermsdorf Mitte
de:09573:5403	Wilhermsdorf Sparkasse
de:09573:5405	Wilhermsdorf Süd
de:09573:5412	Wilhermsdorf Talblick
de:09573:5407	Wilhermsdorf Weiherstr.
de:09675:29356	Willanzheim
de:09675:8004	Willanzheim Schule
de:09472:22687	Willenberg
de:09571:13027	Willendorf
de:09373:17797	Willenhofen Buchenweg
de:09373:17798	Willenhofen Kellerhofweg
de:09472:22689	Willenreuth
de:09472:22692	Willenreuth Lüglaser Str.
de:09474:9461	Willersdorf Kindergarten
de:09474:9459	Willersdorf Schule
de:09373:17916	Willmannsdorf
de:09575:14749	Wimmelbach (b. Obernzenn)
de:09474:9474	Wimmelbach (b.Hausen) Dorfstr.
de:09474:9472	Wimmelbach (Hausen) A.Poststr.
de:09474:9475	Wimmelbach (Hausen) Kirchenstr
de:09474:9477	Wimmelbach (Hausen) Sportpl.
de:09474:9471	Wimmelbach Hausener Str.
de:09373:17907	Wimmersdorf Ortsmitte
de:09573:5149	Wimpashof
de:09176:7939	Wimpasing
de:09371:19177	Winbuch
de:09471:21559	Wind
de:09571:13731	Windelsbach
de:09571:13733	Windelsbach Gugelmühle
de:09571:12935	Winden
de:09176:8257	Winden (Altm.), Dorfplatz
de:09477:4084	Windischenhaig
de:09477:3049	Windischenhaig Am Bühl
de:09374:80780	Windischeschenbach, Bahnhof
de:09374:16849	Windischeschenbach, Dornmühlstr.
de:09374:7280	Windischeschenbach, Neuhauser Str
de:09374:7161	Windischeschenbach, Neustädter Str.
de:09374:7162	Windischeschenbach, Stadtplatz
de:09474:9165	Windischgaillenreuth
de:09577:16259	Windischhausen
de:09471:20785	Windischletten
de:09561:11456	Windmühle (b. Ansbach)
de:09371:18919	Windmühle (b. Königstein)
de:09376:3840	Windpaißing
de:09571:13800	Windsbach
de:09571:13797	Windsbach Dekanat
de:09571:13790	Windsbach Fohlenhof
de:09571:13791	Windsbach Gymnasium
de:09571:13792	Windsbach Rother Str.
de:09571:13793	Windsbach Spalter Str.
de:09571:13794	Windsbach Volksschule
de:09571:13795	Windsbach Wolfr.-Eschenb.Str
de:09577:16387	Windsfeld Feuerwehrhaus
de:09571:12084	Windshofen
de:09571:12085	Windshofen Elbleinsmühle
de:09471:21247	Wingersdorf
de:09571:12157	Winkel
de:09574:7970	Winkelhaid
de:09571:13785	Winkelhaid (b. Windsbach)
de:09574:7972	Winkelhaid (Lkr.LAU), Mühlweg
de:09574:7971	Winkelhaid Rathaus
de:09675:29437	Winkelhof
de:09675:75446	Winkelhofmühle Schulbushst.
de:09672:27658	Winkels Lilienstraße
de:09672:27618	Winkels Münnerstädter Str.
de:09672:75125	Winkels, Hochhaus
de:09672:75132	Winkels, Kirche
de:09672:75174	Winkels, Schule
de:09376:744	Winkerling
de:09371:19295	Winkl bei Ursensollen
de:09571:12749	Winn (b. Herrieden)
de:09574:7529	Winn (b. Leinburg)
de:09373:17917	Winn (b. Seubersd.)
de:09674:28638	Winterhof
de:09571:13786	Winterhof (b. Windsbach)
de:09561:11463	Winterschneidbach
de:09573:5596	Wintersdorf Blumenstr.
de:09573:5599	Wintersdorf Ortsmitte
de:09573:5598	Wintersdorf Ost
de:09176:7940	Wintershof, Hohes Kreuz
de:09176:7936	Wintershof, Prinz-Max-Str.
de:09574:7929	Winterstein
de:09373:17276	Winterzhofen
de:09678:27619	Wipfeld Conrad-Celtis-Str.
de:09678:27620	Wipfeld Nikolaus-Müller-Str.
de:09571:12557	Wippenau
de:09472:22923	Wirbenz B22
de:09472:22921	Wirbenz Ortsmitte
de:09373:17277	Wirbertshofen
de:09672:27621	Wirmsthal
de:09672:3457	Wirmsthal Abzw. Wittelsb. Turm
de:09371:19087	Wirnsricht Ort
de:09477:3522	Wirsberg Abzw Sportplatz
de:09477:3521	Wirsberg Fa. Kneitz
de:09477:3824	Wirsberg Kulmbacher Straße
de:09477:6436	Wirsberg Rathaus
de:09371:18797	Wirsfeld Abzw. Altensee
de:09375:527	Wischenhofen
de:09373:17918	Wissing Schachtelweg
de:09373:17919	Wissing Unterdorf
de:08127:92102	Wittau Hauptstraße
de:08127:22527	Wittau Krautbergstraße
de:09571:13811	Wittelshofen
de:09571:13691	Wittenbach Ort
de:09779:6565	Wittesheim
de:09376:368	Witzlarn, Gh Kleindienst
de:09377:7584	Witzlasreuth
de:09371:19088	Witzlhof (b. Poppenricht)
de:09371:18568	Witzlricht
de:09571:12475	Witzmannsmühle Mitte
de:09571:12476	Witzmannsmühle Ortsrand
de:09373:17183	Woffenbach Am Letten
de:09373:17185	Woffenbach BRK-Altenheim
de:09373:17186	Woffenbach Kirche
de:09373:17187	Woffenbach Kreuzstr.
de:09373:17189	Woffenbach Meuselstr.
de:09373:17188	Woffenbach Rebhuhnstr.
de:09373:17191	Woffenbach Schloßstr.
de:09373:17192	Woffenbach Schule
de:09373:17190	Woffenbach Tyrolsberger Str.
de:09373:17194	Woffenbach Zentrum
de:09478:27495	Woffendorf Kapelle
de:09473:16211	Wohlbach Mitte
de:09376:11906	Wohlfest
de:09474:9931	Wohlmannsgesees
de:09474:9168	Wohlmuthshüll
de:09674:7408	Wohnau Ortsmitte
de:09571:13380	Wohnbach
de:09472:23717	Wohnsgehaig
de:09478:27389	Wohnsig
de:09561:11467	Wolfartswinden
de:09561:11468	Wolfartswinden Ost
de:09371:18867	Wolfersdorf (b. Kastl)
de:09571:12254	Wolfershof
de:09377:8143	Wolfersreuth
de:09779:7091	Wolferstadt, Am Mühlbuck
de:09779:6457	Wolferstadt, Dorfplatz
de:09779:7092	Wolferstadt, Schule
de:09373:17279	Wolfersthal
de:09371:18276	Wolfertsfeld
de:09373:17397	Wolfertshofen
de:09571:13872	Wolfr.-Eschenbach Schießweiher
de:09571:13878	Wolfr.-Eschenbach Unt.Vorstadt
de:09571:13875	Wolfr.-Eschenbach Waldluststr.
de:09571:13877	Wolframs-Eschenbach Gentner
de:09571:13876	Wolframs-Eschenbach Schule
de:09377:15129	Wolframshof
de:09376:8481	Wolfring
de:09376:8482	Wolfringmühle
de:09571:12359	Wolfsau (b. Diebach)
de:09571:13788	Wolfsau (b. Windsbach)
de:09462:22491	Wolfsbach (b. Bayreuth)
de:09471:20995	Wolfsbach (b. Burgebrach)
de:09371:18411	Wolfsbach (b. Ensdorf)
de:09371:18412	Wolfsbach (b.Ensdorf) Pongratz
de:09462:22492	Wolfsbach b. Bayreuth B2
de:09376:8514	Wolfsbach bei Nabburg
de:09462:22493	Wolfsbach/BT Am Briefzentrum
de:09462:22495	Wolfsbach/BT Gottlieb-Keim-Str
de:09462:22497	Wolfsbach/BT Hirschbaumstr.
de:09474:9758	Wolfsberg Ersatzhaltestelle
de:09474:9757	Wolfsberg Ortsmitte
de:09474:9756	Wolfsberg Sportplatz
de:09577:16627	Wolfsbronn
de:09176:8259	Wolfsbuch
de:09176:7698	Wolfsbuch, Abzw. Vogelthal
de:08128:12397	Wolfsbuch, Ort
de:09571:13699	Wolfsbühl
de:09478:27297	Wolfsdorf
de:09375:807	Wolfsegg Birkenstraße
de:09375:531	Wolfsegg Feuerwehrhaus
de:09375:532	Wolfsegg Ortsmitte
de:09375:533	Wolfsegg Raiffeisenbank
de:09371:18868	Wolfsfeld
de:09478:27684	Wolfsloch
de:09472:22690	Wolfslohe
de:09573:5421	Wolfsmühle b. Wilhermsdorf
de:09373:17799	Wolfsquiga
de:09373:17351	Wolfsricht Ort
de:09373:17195	Wolfstein Burgruine
de:09373:17196	Wolfstein Hl. Kreuz
de:09373:17198	Wolfstein Siedlung
de:09474:9169	Wolkenstein (b. Ebermannstadt)
de:09375:536	Wolkering Kirchbergstraße
de:09375:537	Wolkering Talstraße
de:09565:4268	Wolkersd. Ab U. Pfaffensteigs.
de:09565:4254	Wolkersd. Abzw. Baimbach
de:09565:4569	Wolkersd. Ob.Pfaffensteigstr.
de:09565:4582	Wolkersd. Unt.Pfaffensteigstr.
de:09565:4269	Wolkersdorf Abzw. Hofackerweg
de:09565:4568	Wolkersdorf Am Holzacker
de:09565:4583	Wolkersdorf Am Pfaffensteig
de:09565:4260	Wolkersdorf Breitenfeldstr.
de:09565:4257	Wolkersdorf Dietersdorfer Str.
de:09565:4256	Wolkersdorf Hallerstr.
de:09565:4611	Wolkersdorf Hofackerweg
de:09565:4250	Wolkersdorf Mitte
de:09565:4251	Wolkersdorf Nord
de:09565:4263	Wolkersdorf Rankenweg
de:09565:4262	Wolkersdorf Schleife
de:09565:4255	Wolkersdorf Schule
de:09565:4612	Wolkersdorf Volckamer Str.
de:09565:4168	Wolkersdorf Wacholderweg
de:09565:4615	Wolkersdorf Waldstromerstr.
de:09565:4613	Wolkersdorf Wasserschloss
de:09565:4261	Wolkersdorf Würzburger Str.
de:09565:4267	Wolkersdorfer Berg
de:09176:8099	Wolkertshofen, Kirchstraße
de:09371:19293	Wollenzhofen
de:09371:19299	Wollenzhofen Ortsmitte
de:09674:7415	Wonfurt Backhaus
de:09674:75077	Wonfurt, Grillengasse
de:09674:75079	Wonfurt, Hauptstraße
de:09674:75075	Wonfurt, Oechsnersmühle
de:09477:6746	Wonsees Krögelsteinerstraße
de:09477:4145	Wonsees Ortsmitte
de:09371:18275	Woppenthal
de:09176:7685	Workerszell
de:09471:21749	Wotzendorf
de:09475:9121	Wulmersreuth,Abzw
de:09472:23348	Wundenbach
de:09478:27392	Wunkendorf
de:09377:15834	Wunschenberg
de:09479:9507	Wunsiedel, Abzw Krohenhammer
de:09479:9499	Wunsiedel, AOK
de:09479:9500	Wunsiedel, Busbahnhof
de:09479:10095	Wunsiedel, Fichtelgebirgsstad.
de:09479:9676	Wunsiedel, Friedenstr.
de:09479:2388	Wunsiedel, Goethestr.
de:09479:9664	Wunsiedel, Gymnasium
de:09479:9505	Wunsiedel, Hackerplatz
de:09479:9663	Wunsiedel, Hofer Str.
de:09479:9501	Wunsiedel, J.-P.-Schule
de:09479:9666	Wunsiedel, Jugendherberge
de:09479:8795	Wunsiedel, Luisenburg
de:09479:9665	Wunsiedel, Luitpoldplatz
de:09479:9677	Wunsiedel, Nordendstr.
de:09479:9358	Wunsiedel, Ost
de:09479:9506	Wunsiedel, Pfälzer Hof
de:09479:9675	Wunsiedel, Theodor-Heuss-Str.
de:09479:10094	Wunsiedel, Wiesenmühle
de:09479:9662	Wunsiedel, Zeitelmoosbrücke
de:09479:9579	Wunsiedel-Holenbrunn
de:09479:9517	Wurmloh
de:09371:18277	Wurmrausch
de:09571:12187	Wustendorf
de:09476:8181	Wustung
de:09674:27635	Wustviel
de:09362:12087	Wutzlhofen
de:09377:15813	Wäldern
de:08127:30060	Wäldershub Bergbronner Straße
de:09479:15731	Wäschteich,Birkenbühl (Kr WUN)
de:09675:27853	Wässerndorf An der Linde
de:09675:29436	Wässerndorf Schlossruine
de:09675:27854	Wässerndorf Siedlungshöfe
de:09474:9933	Wöhr (b. Wiesenttal)
de:09375:1090	Wöhrhof
de:09474:9577	Wölfersdorf
de:09471:21748	Wölkendorf
de:09374:16896	Wölkersdorf
de:09577:16435	Wöllmetzhofen
de:09474:9399	Wölm
de:09479:10102	Wölsau
de:09479:10103	Wölsauerhammer
de:09376:7297	Wölsendorf
de:09571:13899	Wöltendorf
de:09574:7338	Wörleinshof
de:09176:8331	Wörmersdorf, Feuerhaus
de:09571:13832	Wörnitz Biegfeld -2-
de:09571:13831	Wörnitz Rathaus
de:09571:13834	Wörnitz Siedlung (Bahnhof)
de:09779:6508	Wörnitzostheim
de:08136:5068	Wört Hauptstraße
de:08136:5069	Wört Industriestraße
de:08136:5072	Wört Kindergarten
de:08136:5074	Wört Königsroter Mühle Abzweig
de:08136:5070	Wört Post
de:08136:5071	Wört Schule
de:08136:5050	Wört-Aumühle Abzwg
de:08136:5052	Wört-Brombachmühle
de:08136:5051	Wört-Bösenlustnau
de:08136:5053	Wört-Dürrenstetten
de:08136:5054	Wört-Gaugenmühle
de:08136:5055	Wört-Gaugenmühle Abzwg
de:08136:5056	Wört-Grobenhof
de:08136:5057	Wört-Grünstadt
de:08136:5058	Wört-Hirschhof
de:08136:5059	Wört-Jammermühle
de:08136:5062	Wört-Mittelmeizen Abzwg
de:08136:5063	Wört-Pfladermühle
de:08136:5065	Wört-Schönbronn Ort
de:08136:5066	Wört-Spitalhof Abzwg
de:08136:5067	Wört-Springhof
de:08136:5716	Wössingen Abzw.
de:08136:5727	Wössingen Ortsmitte
de:09476:16009	Wötzelsdorf Nord
de:09476:16010	Wötzelsdorf Ortsmitte
de:09674:75074	Wülflingen (Ufr), Dorf
de:09674:27634	Wülflingen B26
de:09674:75076	Wülflingen, Mainblick
de:09574:7659	Wüllersdorf
de:09577:16092	Wülzburg
de:09577:16098	Wülzburg Am Segelflugplatz
de:09373:17909	Wünn Ortsmitte
de:09373:17321	Wünricht
de:09471:20787	Würgau
de:09471:20786	Würgau Höhe B22
de:09371:19466	Wüstenau
de:09561:11472	Wüstenbruck
de:09471:21686	Wüstenbuch
de:09571:12847	Wüstendorf
de:09675:29394	Wüstenfelden, Gemeindehaus
de:09475:9055	Wüstenselbitz
de:09475:81055	Wüstenselbitz Turnhalle
de:09475:9054	Wüstenselbitz, Kirche
de:09474:9935	Wüstenstein Berg
de:09474:9936	Wüstenstein Tal
de:09571:11840	Wüstenweiler
de:09575:14619	Wüstphül Ort
de:09575:14620	Wüstphül Siedlung
de:09571:12832	Zailach
de:09472:23888	Zainhammer (b. Warmensteinach)
de:09374:2431	Zainhammer, Abzw
de:09571:12985	Zandt
de:09176:8252	Zandt, Am Graben
de:09176:8253	Zandt, Limesstraße
de:09471:21900	Zapfendorf
de:09471:21890	Zapfendorf Kirche
de:09471:21895	Zapfendorf Nord
de:09471:21894	Zapfendorf Schwimmbad
de:09471:21891	Zapfendorf Siedlung
de:09471:21618	Zaugendorf
de:09471:21619	Zaugendorf Aussiedlerhof
de:09472:23107	Zauppenberg
de:09573:5099	Zautendorf
de:08136:1010	Zebert Amselweg
de:08136:1053	Zebert Malteser-Zentrum
de:08136:1071	Zebert Schwalbenstraße
de:09471:20788	Zeckendorf
de:09572:6460	Zeckern Bahnhof
de:09572:6463	Zeckern Gewerbegebiet
de:09572:6462	Zeckern Schulstr.
de:09477:4144	Zedersitz
de:09471:20942	Zeegendorf Josefstraße
de:09471:20943	Zeegendorf Waldstraße
de:09571:11842	Zehdorf
de:09674:75254	Zeil
de:09674:29369	Zeil Abt-Degen-Straße
de:09674:27639	Zeil Haßfurter Straße
de:09674:27867	Zeil Krumer Str./Linde
de:09674:29959	Zeil Marktplatz
de:09674:27640	Zeil Sander Straße
de:09674:27707	Zeil Schule
de:09678:27642	Zeilitzheim Brünnstädter Straße
de:09678:27643	Zeilitzheim Herlheimer Straße
de:09678:27644	Zeilitzheim Schloß
de:09375:1072	Zeinberg
de:09575:14829	Zeisenbronn
de:09375:33	Zeitlarn Abzw. Regendorf
de:09375:30	Zeitlarn Abzw. Ödenthal
de:09375:217	Zeitlarn Hochstetten
de:09375:543	Zeitlarn Ortsmitte
de:09375:1081	Zeitlarn Schule
de:09375:544	Zeitlarn Siedlung
de:09471:21639	Zeitzenhof
de:09674:27652	Zell (a. Ebersberg) Hauptstt.
de:09674:27647	Zell (a. Ebersberg) Kirche
de:09674:27648	Zell (a. Ebersberg) Sander Straße
de:09373:17499	Zell (b. Dietfurt)
de:09576:8249	Zell (b. Hilpoltstein)
de:09678:25728	Zell (Üchtelh.) Oberer Weinbergsweg
de:09678:27646	Zell (Üchtelh.) Talstraße
de:09176:8109	Zell an der Speck
de:09475:9085	Zell, Abzw Waldstein
de:09475:9082	Zell, Bahnhofstraße
de:09475:9105	Zell, Friedmannsdorfer Str.
de:09475:9104	Zell, Schulstraße
de:09571:13619	Zellrüglingen
de:09572:6168	Zentbechhofen
de:09576:8248	Zereshof
de:09374:16858	Zessau b. Trabitz
de:09374:7541	Zessau, Abzw Trabitz
de:09471:21839	Zettelsdorf
de:09478:27758	Zettlitz (Lkr. LIF)
de:09477:3732	Zettlitz B 303
de:09374:7641	Zettlitz bei Eschenbach
de:09472:23352	Zettlitz bei Gefrees
de:09477:3719	Zettlitz Ortsmitte
de:09471:21717	Zettmannsdorf
de:09679:3262	Zeubelried Ort
de:09478:27498	Zeublitz
de:09678:28040	Zeuzleben Ortsmitte
de:09674:27650	Ziegelanger Bamberger Straße
de:09571:12424	Ziegelhaus (b. Dombühl)
de:09571:12425	Ziegelhaus/Domb. Vogelbuck
de:09176:8375	Ziegelhof
de:09176:7589	Ziegelhütte
de:09574:7273	Ziegelhütte (b. Altdorf)
de:09571:13382	Ziegelhütte (b. Schillingsf.)
de:09573:5239	Ziegelhütte (b.Großhabersdorf)
de:09377:7612	Ziegelhütte bei Kulmain, Abzw
de:09376:81741	Ziegelhütte bei Maxhütte
de:09479:15730	Ziegelhütte, b. Thierstein
de:09672:27651	Ziegelmühle (b. Maßbach)
de:09474:9759	Ziegelmühle (b. Obertrubach)
de:09471:21689	Ziegelsambach
de:09473:16347	Ziegelsdorf
de:09575:14551	Ziegenbach
de:09376:179	Zielheim, Gh. Weiß
de:09376:180	Zielheim, Weidenweg
de:09479:2387	Zigeunermühle
de:09478:27299	Zilgendorf
de:09577:16698	Zimmern
de:09571:13672	Zimmersdorf
de:09571:12326	Zinselhof
de:09377:7575	Zinst
de:09374:3806	Zintlhammer, Abzw
de:08136:5717	Zipplingen Abzw.
de:08136:5718	Zipplingen Rathaus
de:08136:5719	Zipplingen Schule
de:08136:5726	Zipplingen Siedlung
de:09472:22698	Zips
de:09573:5500	Zirndorf
de:09571:13687	Zirndorf (b. Wieseth)
de:09573:5506	Zirndorf Albert-Einstein-Str.
de:09573:5505	Zirndorf Altenheim
de:09573:5507	Zirndorf Am Grasweg
de:09573:5531	Zirndorf Angerzeile
de:09573:5501	Zirndorf Bahnhof Wende
de:09573:5509	Zirndorf Banderbacher Str.
de:09573:5523	Zirndorf Bibert Bad
de:09573:5508	Zirndorf Brücknerstr.
de:09573:5511	Zirndorf Bundesamt
de:09573:5515	Zirndorf Friedenstr.
de:09573:5517	Zirndorf Geisleithenstr.
de:09573:5516	Zirndorf Hirtenackerstr.
de:09573:5519	Zirndorf J.-Wassermann-Str.
de:09573:5518	Zirndorf Jahnstr.
de:09573:5520	Zirndorf Kneippallee
de:09573:5529	Zirndorf Kraftstr.
de:09573:5522	Zirndorf Kreutleinstr.
de:09573:5540	Zirndorf Landratsamt
de:09573:5524	Zirndorf Lohengrinstr.
de:09573:5525	Zirndorf Marktplatz
de:09573:5534	Zirndorf Ohmstr.
de:09573:5537	Zirndorf Ost
de:09573:5541	Zirndorf Playmobil-FunPark
de:09573:5510	Zirndorf Realschule
de:09573:5543	Zirndorf Sauerbruchstr.
de:09573:5545	Zirndorf Siedlerstr.
de:09573:5544	Zirndorf Vestnerstr.
de:09573:5546	Zirndorf Waldfriedhof
de:09571:11844	Zischendorf
de:09779:5383	Ziswingen
de:09472:23129	Zochenreuth
de:09371:18190	Zogenreuth
de:09471:21346	Zoggendorf
de:09571:13531	Zollhaus (b. Wassertrüdingen)
de:09472:23456	Zoppaten
de:09571:11846	Zumberg
de:09571:11848	Zumhaus
de:09572:6089	Zweifelsheim
de:09572:6082	Zweifelsheim Poppenhof
de:09572:6096	Zweifelsheim Puschendorfer S.
de:09571:12938	Zweiflingen
de:09779:6871	Zwerchstraß, Ort
de:09377:7787	Zwergau
de:09471:21118	Zückshut
de:09474:9309	Äpfelbach
de:09371:19272	Ödallerzhof
de:09373:17392	Ödberg
de:09373:17385	Ödenhaid
de:09371:19273	Ödgötzendorf
de:09371:18255	Ödhaag
de:09375:1694	Ödhof
de:09371:18785	Ödputzberg
de:09377:7627	Ölbrunn
de:09371:19447	Ölhof
de:09576:8539	Österberg
de:09675:75223	Öttershausen
de:09577:16697	Übermatzhofen
de:09571:11776	Überschlagmühle
de:09779:5360	Übersfeld, Ort
de:09678:27556	Üchtelhausen Abzw. Schulstraße
de:09678:27555	Üchtelhausen Ortsmitte
de:09474:9390	Ühleinshof
de:09472:22748	Ützdorf
